pool,pool_size,theta,arm,draws,tau,fit_slope,seed,item_idx,count
full,204,-1.0,adaptive,500,0.5,group,2026,0,188
full,204,-1.0,adaptive,500,0.5,group,2026,1,186
full,204,-1.0,adaptive,500,0.5,group,2026,2,113
full,204,-1.0,adaptive,500,0.5,group,2026,3,173
full,204,-1.0,adaptive,500,0.5,group,2026,4,197
full,204,-1.0,adaptive,500,0.5,group,2026,5,111
full,204,-1.0,adaptive,500,0.5,group,2026,6,185
full,204,-1.0,adaptive,500,0.5,group,2026,7,193
full,204,-1.0,adaptive,500,0.5,group,2026,8,190
full,204,-1.0,adaptive,500,0.5,group,2026,9,185
full,204,-1.0,adaptive,500,0.5,group,2026,10,214
full,204,-1.0,adaptive,500,0.5,group,2026,11,200
full,204,-1.0,adaptive,500,0.5,group,2026,12,189
full,204,-1.0,adaptive,500,0.5,group,2026,13,175
full,204,-1.0,adaptive,500,0.5,group,2026,14,183
full,204,-1.0,adaptive,500,0.5,group,2026,15,111
full,204,-1.0,adaptive,500,0.5,group,2026,16,193
full,204,-1.0,adaptive,500,0.5,group,2026,17,69
full,204,-1.0,adaptive,500,0.5,group,2026,18,178
full,204,-1.0,adaptive,500,0.5,group,2026,19,178
full,204,-1.0,adaptive,500,0.5,group,2026,20,193
full,204,-1.0,adaptive,500,0.5,group,2026,21,186
full,204,-1.0,adaptive,500,0.5,group,2026,22,191
full,204,-1.0,adaptive,500,0.5,group,2026,23,169
full,204,-1.0,adaptive,500,0.5,group,2026,24,209
full,204,-1.0,adaptive,500,0.5,group,2026,25,76
full,204,-1.0,adaptive,500,0.5,group,2026,26,178
full,204,-1.0,adaptive,500,0.5,group,2026,27,204
full,204,-1.0,adaptive,500,0.5,group,2026,28,205
full,204,-1.0,adaptive,500,0.5,group,2026,29,121
full,204,-1.0,adaptive,500,0.5,group,2026,30,199
full,204,-1.0,adaptive,500,0.5,group,2026,31,169
full,204,-1.0,adaptive,500,0.5,group,2026,32,191
full,204,-1.0,adaptive,500,0.5,group,2026,33,199
full,204,-1.0,adaptive,500,0.5,group,2026,34,193
full,204,-1.0,adaptive,500,0.5,group,2026,35,180
full,204,-1.0,adaptive,500,0.5,group,2026,36,194
full,204,-1.0,adaptive,500,0.5,group,2026,37,209
full,204,-1.0,adaptive,500,0.5,group,2026,38,82
full,204,-1.0,adaptive,500,0.5,group,2026,39,212
full,204,-1.0,adaptive,500,0.5,group,2026,40,188
full,204,-1.0,adaptive,500,0.5,group,2026,41,198
full,204,-1.0,adaptive,500,0.5,group,2026,42,179
full,204,-1.0,adaptive,500,0.5,group,2026,43,202
full,204,-1.0,adaptive,500,0.5,group,2026,44,126
full,204,-1.0,adaptive,500,0.5,group,2026,45,103
full,204,-1.0,adaptive,500,0.5,group,2026,46,167
full,204,-1.0,adaptive,500,0.5,group,2026,47,113
full,204,-1.0,adaptive,500,0.5,group,2026,48,185
full,204,-1.0,adaptive,500,0.5,group,2026,49,191
full,204,-1.0,adaptive,500,0.5,group,2026,50,205
full,204,-1.0,adaptive,500,0.5,group,2026,51,205
full,204,-1.0,adaptive,500,0.5,group,2026,52,200
full,204,-1.0,adaptive,500,0.5,group,2026,53,186
full,204,-1.0,adaptive,500,0.5,group,2026,54,193
full,204,-1.0,adaptive,500,0.5,group,2026,55,72
full,204,-1.0,adaptive,500,0.5,group,2026,56,126
full,204,-1.0,adaptive,500,0.5,group,2026,57,173
full,204,-1.0,adaptive,500,0.5,group,2026,58,123
full,204,-1.0,adaptive,500,0.5,group,2026,59,86
full,204,-1.0,adaptive,500,0.5,group,2026,60,203
full,204,-1.0,adaptive,500,0.5,group,2026,61,181
full,204,-1.0,adaptive,500,0.5,group,2026,62,181
full,204,-1.0,adaptive,500,0.5,group,2026,63,120
full,204,-1.0,adaptive,500,0.5,group,2026,64,176
full,204,-1.0,adaptive,500,0.5,group,2026,65,78
full,204,-1.0,adaptive,500,0.5,group,2026,66,109
full,204,-1.0,adaptive,500,0.5,group,2026,67,170
full,204,-1.0,adaptive,500,0.5,group,2026,68,173
full,204,-1.0,adaptive,500,0.5,group,2026,69,40
full,204,-1.0,adaptive,500,0.5,group,2026,70,37
full,204,-1.0,adaptive,500,0.5,group,2026,71,155
full,204,-1.0,adaptive,500,0.5,group,2026,72,192
full,204,-1.0,adaptive,500,0.5,group,2026,73,189
full,204,-1.0,adaptive,500,0.5,group,2026,74,161
full,204,-1.0,adaptive,500,0.5,group,2026,75,106
full,204,-1.0,adaptive,500,0.5,group,2026,76,115
full,204,-1.0,adaptive,500,0.5,group,2026,77,71
full,204,-1.0,adaptive,500,0.5,group,2026,78,108
full,204,-1.0,adaptive,500,0.5,group,2026,79,190
full,204,-1.0,adaptive,500,0.5,group,2026,80,197
full,204,-1.0,adaptive,500,0.5,group,2026,81,89
full,204,-1.0,adaptive,500,0.5,group,2026,82,176
full,204,-1.0,adaptive,500,0.5,group,2026,83,166
full,204,-1.0,adaptive,500,0.5,group,2026,84,189
full,204,-1.0,adaptive,500,0.5,group,2026,85,213
full,204,-1.0,adaptive,500,0.5,group,2026,86,113
full,204,-1.0,adaptive,500,0.5,group,2026,87,203
full,204,-1.0,adaptive,500,0.5,group,2026,88,191
full,204,-1.0,adaptive,500,0.5,group,2026,89,76
full,204,-1.0,adaptive,500,0.5,group,2026,90,215
full,204,-1.0,adaptive,500,0.5,group,2026,91,195
full,204,-1.0,adaptive,500,0.5,group,2026,92,193
full,204,-1.0,adaptive,500,0.5,group,2026,93,114
full,204,-1.0,adaptive,500,0.5,group,2026,94,181
full,204,-1.0,adaptive,500,0.5,group,2026,95,42
full,204,-1.0,adaptive,500,0.5,group,2026,96,185
full,204,-1.0,adaptive,500,0.5,group,2026,97,184
full,204,-1.0,adaptive,500,0.5,group,2026,98,172
full,204,-1.0,adaptive,500,0.5,group,2026,99,108
full,204,-1.0,adaptive,500,0.5,group,2026,100,157
full,204,-1.0,adaptive,500,0.5,group,2026,101,36
full,204,-1.0,adaptive,500,0.5,group,2026,102,204
full,204,-1.0,adaptive,500,0.5,group,2026,103,190
full,204,-1.0,adaptive,500,0.5,group,2026,104,141
full,204,-1.0,adaptive,500,0.5,group,2026,105,145
full,204,-1.0,adaptive,500,0.5,group,2026,106,177
full,204,-1.0,adaptive,500,0.5,group,2026,107,216
full,204,-1.0,adaptive,500,0.5,group,2026,108,199
full,204,-1.0,adaptive,500,0.5,group,2026,109,189
full,204,-1.0,adaptive,500,0.5,group,2026,110,220
full,204,-1.0,adaptive,500,0.5,group,2026,111,178
full,204,-1.0,adaptive,500,0.5,group,2026,112,148
full,204,-1.0,adaptive,500,0.5,group,2026,113,184
full,204,-1.0,adaptive,500,0.5,group,2026,114,173
full,204,-1.0,adaptive,500,0.5,group,2026,115,200
full,204,-1.0,adaptive,500,0.5,group,2026,116,199
full,204,-1.0,adaptive,500,0.5,group,2026,117,200
full,204,-1.0,adaptive,500,0.5,group,2026,118,140
full,204,-1.0,adaptive,500,0.5,group,2026,119,94
full,204,-1.0,adaptive,500,0.5,group,2026,120,185
full,204,-1.0,adaptive,500,0.5,group,2026,121,187
full,204,-1.0,adaptive,500,0.5,group,2026,122,209
full,204,-1.0,adaptive,500,0.5,group,2026,123,200
full,204,-1.0,adaptive,500,0.5,group,2026,124,199
full,204,-1.0,adaptive,500,0.5,group,2026,125,197
full,204,-1.0,adaptive,500,0.5,group,2026,126,192
full,204,-1.0,adaptive,500,0.5,group,2026,127,181
full,204,-1.0,adaptive,500,0.5,group,2026,128,147
full,204,-1.0,adaptive,500,0.5,group,2026,129,190
full,204,-1.0,adaptive,500,0.5,group,2026,130,204
full,204,-1.0,adaptive,500,0.5,group,2026,131,90
full,204,-1.0,adaptive,500,0.5,group,2026,132,192
full,204,-1.0,adaptive,500,0.5,group,2026,133,193
full,204,-1.0,adaptive,500,0.5,group,2026,134,173
full,204,-1.0,adaptive,500,0.5,group,2026,135,192
full,204,-1.0,adaptive,500,0.5,group,2026,136,201
full,204,-1.0,adaptive,500,0.5,group,2026,137,187
full,204,-1.0,adaptive,500,0.5,group,2026,138,179
full,204,-1.0,adaptive,500,0.5,group,2026,139,187
full,204,-1.0,adaptive,500,0.5,group,2026,140,199
full,204,-1.0,adaptive,500,0.5,group,2026,141,97
full,204,-1.0,adaptive,500,0.5,group,2026,142,198
full,204,-1.0,adaptive,500,0.5,group,2026,143,199
full,204,-1.0,adaptive,500,0.5,group,2026,144,213
full,204,-1.0,adaptive,500,0.5,group,2026,145,185
full,204,-1.0,adaptive,500,0.5,group,2026,146,182
full,204,-1.0,adaptive,500,0.5,group,2026,147,141
full,204,-1.0,adaptive,500,0.5,group,2026,148,27
full,204,-1.0,adaptive,500,0.5,group,2026,149,94
full,204,-1.0,adaptive,500,0.5,group,2026,150,188
full,204,-1.0,adaptive,500,0.5,group,2026,151,193
full,204,-1.0,adaptive,500,0.5,group,2026,152,192
full,204,-1.0,adaptive,500,0.5,group,2026,153,184
full,204,-1.0,adaptive,500,0.5,group,2026,154,200
full,204,-1.0,adaptive,500,0.5,group,2026,155,176
full,204,-1.0,adaptive,500,0.5,group,2026,156,207
full,204,-1.0,adaptive,500,0.5,group,2026,157,178
full,204,-1.0,adaptive,500,0.5,group,2026,158,45
full,204,-1.0,adaptive,500,0.5,group,2026,159,126
full,204,-1.0,adaptive,500,0.5,group,2026,160,152
full,204,-1.0,adaptive,500,0.5,group,2026,161,50
full,204,-1.0,adaptive,500,0.5,group,2026,162,197
full,204,-1.0,adaptive,500,0.5,group,2026,163,202
full,204,-1.0,adaptive,500,0.5,group,2026,164,183
full,204,-1.0,adaptive,500,0.5,group,2026,165,148
full,204,-1.0,adaptive,500,0.5,group,2026,166,94
full,204,-1.0,adaptive,500,0.5,group,2026,167,207
full,204,-1.0,adaptive,500,0.5,group,2026,168,144
full,204,-1.0,adaptive,500,0.5,group,2026,169,137
full,204,-1.0,adaptive,500,0.5,group,2026,170,201
full,204,-1.0,adaptive,500,0.5,group,2026,171,98
full,204,-1.0,adaptive,500,0.5,group,2026,172,94
full,204,-1.0,adaptive,500,0.5,group,2026,173,143
full,204,-1.0,adaptive,500,0.5,group,2026,174,211
full,204,-1.0,adaptive,500,0.5,group,2026,175,185
full,204,-1.0,adaptive,500,0.5,group,2026,176,201
full,204,-1.0,adaptive,500,0.5,group,2026,177,181
full,204,-1.0,adaptive,500,0.5,group,2026,178,162
full,204,-1.0,adaptive,500,0.5,group,2026,179,150
full,204,-1.0,adaptive,500,0.5,group,2026,180,142
full,204,-1.0,adaptive,500,0.5,group,2026,181,145
full,204,-1.0,adaptive,500,0.5,group,2026,182,207
full,204,-1.0,adaptive,500,0.5,group,2026,183,190
full,204,-1.0,adaptive,500,0.5,group,2026,184,141
full,204,-1.0,adaptive,500,0.5,group,2026,185,199
full,204,-1.0,adaptive,500,0.5,group,2026,186,185
full,204,-1.0,adaptive,500,0.5,group,2026,187,199
full,204,-1.0,adaptive,500,0.5,group,2026,188,180
full,204,-1.0,adaptive,500,0.5,group,2026,189,133
full,204,-1.0,adaptive,500,0.5,group,2026,190,185
full,204,-1.0,adaptive,500,0.5,group,2026,191,205
full,204,-1.0,adaptive,500,0.5,group,2026,192,97
full,204,-1.0,adaptive,500,0.5,group,2026,193,180
full,204,-1.0,adaptive,500,0.5,group,2026,194,177
full,204,-1.0,adaptive,500,0.5,group,2026,195,163
full,204,-1.0,adaptive,500,0.5,group,2026,196,131
full,204,-1.0,adaptive,500,0.5,group,2026,197,198
full,204,-1.0,adaptive,500,0.5,group,2026,198,103
full,204,-1.0,adaptive,500,0.5,group,2026,199,210
full,204,-1.0,adaptive,500,0.5,group,2026,200,182
full,204,-1.0,adaptive,500,0.5,group,2026,201,96
full,204,-1.0,adaptive,500,0.5,group,2026,202,51
full,204,-1.0,adaptive,500,0.5,group,2026,203,94
full,204,-1.0,random,500,0.5,group,2026,0,261
full,204,-1.0,random,500,0.5,group,2026,1,257
full,204,-1.0,random,500,0.5,group,2026,2,254
full,204,-1.0,random,500,0.5,group,2026,3,248
full,204,-1.0,random,500,0.5,group,2026,4,256
full,204,-1.0,random,500,0.5,group,2026,5,247
full,204,-1.0,random,500,0.5,group,2026,6,248
full,204,-1.0,random,500,0.5,group,2026,7,237
full,204,-1.0,random,500,0.5,group,2026,8,262
full,204,-1.0,random,500,0.5,group,2026,9,226
full,204,-1.0,random,500,0.5,group,2026,10,264
full,204,-1.0,random,500,0.5,group,2026,11,240
full,204,-1.0,random,500,0.5,group,2026,12,253
full,204,-1.0,random,500,0.5,group,2026,13,251
full,204,-1.0,random,500,0.5,group,2026,14,248
full,204,-1.0,random,500,0.5,group,2026,15,231
full,204,-1.0,random,500,0.5,group,2026,16,268
full,204,-1.0,random,500,0.5,group,2026,17,266
full,204,-1.0,random,500,0.5,group,2026,18,231
full,204,-1.0,random,500,0.5,group,2026,19,245
full,204,-1.0,random,500,0.5,group,2026,20,257
full,204,-1.0,random,500,0.5,group,2026,21,253
full,204,-1.0,random,500,0.5,group,2026,22,218
full,204,-1.0,random,500,0.5,group,2026,23,267
full,204,-1.0,random,500,0.5,group,2026,24,238
full,204,-1.0,random,500,0.5,group,2026,25,251
full,204,-1.0,random,500,0.5,group,2026,26,256
full,204,-1.0,random,500,0.5,group,2026,27,242
full,204,-1.0,random,500,0.5,group,2026,28,246
full,204,-1.0,random,500,0.5,group,2026,29,249
full,204,-1.0,random,500,0.5,group,2026,30,264
full,204,-1.0,random,500,0.5,group,2026,31,268
full,204,-1.0,random,500,0.5,group,2026,32,248
full,204,-1.0,random,500,0.5,group,2026,33,242
full,204,-1.0,random,500,0.5,group,2026,34,247
full,204,-1.0,random,500,0.5,group,2026,35,255
full,204,-1.0,random,500,0.5,group,2026,36,241
full,204,-1.0,random,500,0.5,group,2026,37,251
full,204,-1.0,random,500,0.5,group,2026,38,233
full,204,-1.0,random,500,0.5,group,2026,39,229
full,204,-1.0,random,500,0.5,group,2026,40,249
full,204,-1.0,random,500,0.5,group,2026,41,242
full,204,-1.0,random,500,0.5,group,2026,42,254
full,204,-1.0,random,500,0.5,group,2026,43,229
full,204,-1.0,random,500,0.5,group,2026,44,243
full,204,-1.0,random,500,0.5,group,2026,45,248
full,204,-1.0,random,500,0.5,group,2026,46,268
full,204,-1.0,random,500,0.5,group,2026,47,241
full,204,-1.0,random,500,0.5,group,2026,48,237
full,204,-1.0,random,500,0.5,group,2026,49,257
full,204,-1.0,random,500,0.5,group,2026,50,237
full,204,-1.0,random,500,0.5,group,2026,51,260
full,204,-1.0,random,500,0.5,group,2026,52,245
full,204,-1.0,random,500,0.5,group,2026,53,254
full,204,-1.0,random,500,0.5,group,2026,54,265
full,204,-1.0,random,500,0.5,group,2026,55,243
full,204,-1.0,random,500,0.5,group,2026,56,258
full,204,-1.0,random,500,0.5,group,2026,57,248
full,204,-1.0,random,500,0.5,group,2026,58,247
full,204,-1.0,random,500,0.5,group,2026,59,244
full,204,-1.0,random,500,0.5,group,2026,60,237
full,204,-1.0,random,500,0.5,group,2026,61,254
full,204,-1.0,random,500,0.5,group,2026,62,229
full,204,-1.0,random,500,0.5,group,2026,63,252
full,204,-1.0,random,500,0.5,group,2026,64,244
full,204,-1.0,random,500,0.5,group,2026,65,235
full,204,-1.0,random,500,0.5,group,2026,66,260
full,204,-1.0,random,500,0.5,group,2026,67,256
full,204,-1.0,random,500,0.5,group,2026,68,239
full,204,-1.0,random,500,0.5,group,2026,69,259
full,204,-1.0,random,500,0.5,group,2026,70,238
full,204,-1.0,random,500,0.5,group,2026,71,245
full,204,-1.0,random,500,0.5,group,2026,72,225
full,204,-1.0,random,500,0.5,group,2026,73,250
full,204,-1.0,random,500,0.5,group,2026,74,268
full,204,-1.0,random,500,0.5,group,2026,75,256
full,204,-1.0,random,500,0.5,group,2026,76,240
full,204,-1.0,random,500,0.5,group,2026,77,223
full,204,-1.0,random,500,0.5,group,2026,78,252
full,204,-1.0,random,500,0.5,group,2026,79,236
full,204,-1.0,random,500,0.5,group,2026,80,260
full,204,-1.0,random,500,0.5,group,2026,81,248
full,204,-1.0,random,500,0.5,group,2026,82,260
full,204,-1.0,random,500,0.5,group,2026,83,253
full,204,-1.0,random,500,0.5,group,2026,84,238
full,204,-1.0,random,500,0.5,group,2026,85,243
full,204,-1.0,random,500,0.5,group,2026,86,259
full,204,-1.0,random,500,0.5,group,2026,87,251
full,204,-1.0,random,500,0.5,group,2026,88,254
full,204,-1.0,random,500,0.5,group,2026,89,260
full,204,-1.0,random,500,0.5,group,2026,90,237
full,204,-1.0,random,500,0.5,group,2026,91,264
full,204,-1.0,random,500,0.5,group,2026,92,265
full,204,-1.0,random,500,0.5,group,2026,93,266
full,204,-1.0,random,500,0.5,group,2026,94,258
full,204,-1.0,random,500,0.5,group,2026,95,240
full,204,-1.0,random,500,0.5,group,2026,96,260
full,204,-1.0,random,500,0.5,group,2026,97,251
full,204,-1.0,random,500,0.5,group,2026,98,250
full,204,-1.0,random,500,0.5,group,2026,99,233
full,204,-1.0,random,500,0.5,group,2026,100,250
full,204,-1.0,random,500,0.5,group,2026,101,246
full,204,-1.0,random,500,0.5,group,2026,102,250
full,204,-1.0,random,500,0.5,group,2026,103,230
full,204,-1.0,random,500,0.5,group,2026,104,257
full,204,-1.0,random,500,0.5,group,2026,105,247
full,204,-1.0,random,500,0.5,group,2026,106,239
full,204,-1.0,random,500,0.5,group,2026,107,225
full,204,-1.0,random,500,0.5,group,2026,108,272
full,204,-1.0,random,500,0.5,group,2026,109,268
full,204,-1.0,random,500,0.5,group,2026,110,240
full,204,-1.0,random,500,0.5,group,2026,111,235
full,204,-1.0,random,500,0.5,group,2026,112,259
full,204,-1.0,random,500,0.5,group,2026,113,243
full,204,-1.0,random,500,0.5,group,2026,114,244
full,204,-1.0,random,500,0.5,group,2026,115,258
full,204,-1.0,random,500,0.5,group,2026,116,266
full,204,-1.0,random,500,0.5,group,2026,117,255
full,204,-1.0,random,500,0.5,group,2026,118,275
full,204,-1.0,random,500,0.5,group,2026,119,256
full,204,-1.0,random,500,0.5,group,2026,120,234
full,204,-1.0,random,500,0.5,group,2026,121,250
full,204,-1.0,random,500,0.5,group,2026,122,245
full,204,-1.0,random,500,0.5,group,2026,123,241
full,204,-1.0,random,500,0.5,group,2026,124,249
full,204,-1.0,random,500,0.5,group,2026,125,269
full,204,-1.0,random,500,0.5,group,2026,126,239
full,204,-1.0,random,500,0.5,group,2026,127,244
full,204,-1.0,random,500,0.5,group,2026,128,260
full,204,-1.0,random,500,0.5,group,2026,129,237
full,204,-1.0,random,500,0.5,group,2026,130,255
full,204,-1.0,random,500,0.5,group,2026,131,244
full,204,-1.0,random,500,0.5,group,2026,132,249
full,204,-1.0,random,500,0.5,group,2026,133,267
full,204,-1.0,random,500,0.5,group,2026,134,242
full,204,-1.0,random,500,0.5,group,2026,135,258
full,204,-1.0,random,500,0.5,group,2026,136,262
full,204,-1.0,random,500,0.5,group,2026,137,248
full,204,-1.0,random,500,0.5,group,2026,138,246
full,204,-1.0,random,500,0.5,group,2026,139,244
full,204,-1.0,random,500,0.5,group,2026,140,245
full,204,-1.0,random,500,0.5,group,2026,141,257
full,204,-1.0,random,500,0.5,group,2026,142,255
full,204,-1.0,random,500,0.5,group,2026,143,251
full,204,-1.0,random,500,0.5,group,2026,144,266
full,204,-1.0,random,500,0.5,group,2026,145,248
full,204,-1.0,random,500,0.5,group,2026,146,228
full,204,-1.0,random,500,0.5,group,2026,147,255
full,204,-1.0,random,500,0.5,group,2026,148,247
full,204,-1.0,random,500,0.5,group,2026,149,256
full,204,-1.0,random,500,0.5,group,2026,150,253
full,204,-1.0,random,500,0.5,group,2026,151,258
full,204,-1.0,random,500,0.5,group,2026,152,241
full,204,-1.0,random,500,0.5,group,2026,153,243
full,204,-1.0,random,500,0.5,group,2026,154,273
full,204,-1.0,random,500,0.5,group,2026,155,242
full,204,-1.0,random,500,0.5,group,2026,156,243
full,204,-1.0,random,500,0.5,group,2026,157,245
full,204,-1.0,random,500,0.5,group,2026,158,251
full,204,-1.0,random,500,0.5,group,2026,159,255
full,204,-1.0,random,500,0.5,group,2026,160,256
full,204,-1.0,random,500,0.5,group,2026,161,244
full,204,-1.0,random,500,0.5,group,2026,162,272
full,204,-1.0,random,500,0.5,group,2026,163,254
full,204,-1.0,random,500,0.5,group,2026,164,254
full,204,-1.0,random,500,0.5,group,2026,165,253
full,204,-1.0,random,500,0.5,group,2026,166,253
full,204,-1.0,random,500,0.5,group,2026,167,249
full,204,-1.0,random,500,0.5,group,2026,168,241
full,204,-1.0,random,500,0.5,group,2026,169,237
full,204,-1.0,random,500,0.5,group,2026,170,254
full,204,-1.0,random,500,0.5,group,2026,171,255
full,204,-1.0,random,500,0.5,group,2026,172,258
full,204,-1.0,random,500,0.5,group,2026,173,274
full,204,-1.0,random,500,0.5,group,2026,174,249
full,204,-1.0,random,500,0.5,group,2026,175,248
full,204,-1.0,random,500,0.5,group,2026,176,260
full,204,-1.0,random,500,0.5,group,2026,177,256
full,204,-1.0,random,500,0.5,group,2026,178,246
full,204,-1.0,random,500,0.5,group,2026,179,236
full,204,-1.0,random,500,0.5,group,2026,180,231
full,204,-1.0,random,500,0.5,group,2026,181,245
full,204,-1.0,random,500,0.5,group,2026,182,245
full,204,-1.0,random,500,0.5,group,2026,183,262
full,204,-1.0,random,500,0.5,group,2026,184,237
full,204,-1.0,random,500,0.5,group,2026,185,260
full,204,-1.0,random,500,0.5,group,2026,186,255
full,204,-1.0,random,500,0.5,group,2026,187,241
full,204,-1.0,random,500,0.5,group,2026,188,255
full,204,-1.0,random,500,0.5,group,2026,189,241
full,204,-1.0,random,500,0.5,group,2026,190,266
full,204,-1.0,random,500,0.5,group,2026,191,255
full,204,-1.0,random,500,0.5,group,2026,192,254
full,204,-1.0,random,500,0.5,group,2026,193,266
full,204,-1.0,random,500,0.5,group,2026,194,264
full,204,-1.0,random,500,0.5,group,2026,195,247
full,204,-1.0,random,500,0.5,group,2026,196,230
full,204,-1.0,random,500,0.5,group,2026,197,263
full,204,-1.0,random,500,0.5,group,2026,198,260
full,204,-1.0,random,500,0.5,group,2026,199,254
full,204,-1.0,random,500,0.5,group,2026,200,264
full,204,-1.0,random,500,0.5,group,2026,201,255
full,204,-1.0,random,500,0.5,group,2026,202,261
full,204,-1.0,random,500,0.5,group,2026,203,265
full,204,0.0,adaptive,500,0.5,group,2026,0,138
full,204,0.0,adaptive,500,0.5,group,2026,1,220
full,204,0.0,adaptive,500,0.5,group,2026,2,228
full,204,0.0,adaptive,500,0.5,group,2026,3,150
full,204,0.0,adaptive,500,0.5,group,2026,4,173
full,204,0.0,adaptive,500,0.5,group,2026,5,248
full,204,0.0,adaptive,500,0.5,group,2026,6,137
full,204,0.0,adaptive,500,0.5,group,2026,7,98
full,204,0.0,adaptive,500,0.5,group,2026,8,146
full,204,0.0,adaptive,500,0.5,group,2026,9,120
full,204,0.0,adaptive,500,0.5,group,2026,10,189
full,204,0.0,adaptive,500,0.5,group,2026,11,193
full,204,0.0,adaptive,500,0.5,group,2026,12,144
full,204,0.0,adaptive,500,0.5,group,2026,13,123
full,204,0.0,adaptive,500,0.5,group,2026,14,237
full,204,0.0,adaptive,500,0.5,group,2026,15,213
full,204,0.0,adaptive,500,0.5,group,2026,16,182
full,204,0.0,adaptive,500,0.5,group,2026,17,198
full,204,0.0,adaptive,500,0.5,group,2026,18,136
full,204,0.0,adaptive,500,0.5,group,2026,19,143
full,204,0.0,adaptive,500,0.5,group,2026,20,137
full,204,0.0,adaptive,500,0.5,group,2026,21,176
full,204,0.0,adaptive,500,0.5,group,2026,22,179
full,204,0.0,adaptive,500,0.5,group,2026,23,123
full,204,0.0,adaptive,500,0.5,group,2026,24,202
full,204,0.0,adaptive,500,0.5,group,2026,25,200
full,204,0.0,adaptive,500,0.5,group,2026,26,220
full,204,0.0,adaptive,500,0.5,group,2026,27,177
full,204,0.0,adaptive,500,0.5,group,2026,28,221
full,204,0.0,adaptive,500,0.5,group,2026,29,223
full,204,0.0,adaptive,500,0.5,group,2026,30,195
full,204,0.0,adaptive,500,0.5,group,2026,31,139
full,204,0.0,adaptive,500,0.5,group,2026,32,208
full,204,0.0,adaptive,500,0.5,group,2026,33,161
full,204,0.0,adaptive,500,0.5,group,2026,34,171
full,204,0.0,adaptive,500,0.5,group,2026,35,124
full,204,0.0,adaptive,500,0.5,group,2026,36,165
full,204,0.0,adaptive,500,0.5,group,2026,37,175
full,204,0.0,adaptive,500,0.5,group,2026,38,193
full,204,0.0,adaptive,500,0.5,group,2026,39,172
full,204,0.0,adaptive,500,0.5,group,2026,40,181
full,204,0.0,adaptive,500,0.5,group,2026,41,182
full,204,0.0,adaptive,500,0.5,group,2026,42,159
full,204,0.0,adaptive,500,0.5,group,2026,43,209
full,204,0.0,adaptive,500,0.5,group,2026,44,214
full,204,0.0,adaptive,500,0.5,group,2026,45,232
full,204,0.0,adaptive,500,0.5,group,2026,46,141
full,204,0.0,adaptive,500,0.5,group,2026,47,208
full,204,0.0,adaptive,500,0.5,group,2026,48,180
full,204,0.0,adaptive,500,0.5,group,2026,49,127
full,204,0.0,adaptive,500,0.5,group,2026,50,179
full,204,0.0,adaptive,500,0.5,group,2026,51,164
full,204,0.0,adaptive,500,0.5,group,2026,52,164
full,204,0.0,adaptive,500,0.5,group,2026,53,137
full,204,0.0,adaptive,500,0.5,group,2026,54,160
full,204,0.0,adaptive,500,0.5,group,2026,55,200
full,204,0.0,adaptive,500,0.5,group,2026,56,213
full,204,0.0,adaptive,500,0.5,group,2026,57,127
full,204,0.0,adaptive,500,0.5,group,2026,58,210
full,204,0.0,adaptive,500,0.5,group,2026,59,203
full,204,0.0,adaptive,500,0.5,group,2026,60,193
full,204,0.0,adaptive,500,0.5,group,2026,61,131
full,204,0.0,adaptive,500,0.5,group,2026,62,207
full,204,0.0,adaptive,500,0.5,group,2026,63,197
full,204,0.0,adaptive,500,0.5,group,2026,64,117
full,204,0.0,adaptive,500,0.5,group,2026,65,237
full,204,0.0,adaptive,500,0.5,group,2026,66,209
full,204,0.0,adaptive,500,0.5,group,2026,67,118
full,204,0.0,adaptive,500,0.5,group,2026,68,119
full,204,0.0,adaptive,500,0.5,group,2026,69,201
full,204,0.0,adaptive,500,0.5,group,2026,70,198
full,204,0.0,adaptive,500,0.5,group,2026,71,212
full,204,0.0,adaptive,500,0.5,group,2026,72,167
full,204,0.0,adaptive,500,0.5,group,2026,73,206
full,204,0.0,adaptive,500,0.5,group,2026,74,116
full,204,0.0,adaptive,500,0.5,group,2026,75,203
full,204,0.0,adaptive,500,0.5,group,2026,76,209
full,204,0.0,adaptive,500,0.5,group,2026,77,215
full,204,0.0,adaptive,500,0.5,group,2026,78,212
full,204,0.0,adaptive,500,0.5,group,2026,79,180
full,204,0.0,adaptive,500,0.5,group,2026,80,160
full,204,0.0,adaptive,500,0.5,group,2026,81,201
full,204,0.0,adaptive,500,0.5,group,2026,82,124
full,204,0.0,adaptive,500,0.5,group,2026,83,131
full,204,0.0,adaptive,500,0.5,group,2026,84,166
full,204,0.0,adaptive,500,0.5,group,2026,85,183
full,204,0.0,adaptive,500,0.5,group,2026,86,202
full,204,0.0,adaptive,500,0.5,group,2026,87,153
full,204,0.0,adaptive,500,0.5,group,2026,88,183
full,204,0.0,adaptive,500,0.5,group,2026,89,210
full,204,0.0,adaptive,500,0.5,group,2026,90,211
full,204,0.0,adaptive,500,0.5,group,2026,91,159
full,204,0.0,adaptive,500,0.5,group,2026,92,208
full,204,0.0,adaptive,500,0.5,group,2026,93,215
full,204,0.0,adaptive,500,0.5,group,2026,94,222
full,204,0.0,adaptive,500,0.5,group,2026,95,191
full,204,0.0,adaptive,500,0.5,group,2026,96,185
full,204,0.0,adaptive,500,0.5,group,2026,97,159
full,204,0.0,adaptive,500,0.5,group,2026,98,219
full,204,0.0,adaptive,500,0.5,group,2026,99,198
full,204,0.0,adaptive,500,0.5,group,2026,100,201
full,204,0.0,adaptive,500,0.5,group,2026,101,189
full,204,0.0,adaptive,500,0.5,group,2026,102,180
full,204,0.0,adaptive,500,0.5,group,2026,103,162
full,204,0.0,adaptive,500,0.5,group,2026,104,221
full,204,0.0,adaptive,500,0.5,group,2026,105,219
full,204,0.0,adaptive,500,0.5,group,2026,106,195
full,204,0.0,adaptive,500,0.5,group,2026,107,192
full,204,0.0,adaptive,500,0.5,group,2026,108,145
full,204,0.0,adaptive,500,0.5,group,2026,109,154
full,204,0.0,adaptive,500,0.5,group,2026,110,201
full,204,0.0,adaptive,500,0.5,group,2026,111,152
full,204,0.0,adaptive,500,0.5,group,2026,112,219
full,204,0.0,adaptive,500,0.5,group,2026,113,139
full,204,0.0,adaptive,500,0.5,group,2026,114,203
full,204,0.0,adaptive,500,0.5,group,2026,115,196
full,204,0.0,adaptive,500,0.5,group,2026,116,148
full,204,0.0,adaptive,500,0.5,group,2026,117,174
full,204,0.0,adaptive,500,0.5,group,2026,118,221
full,204,0.0,adaptive,500,0.5,group,2026,119,192
full,204,0.0,adaptive,500,0.5,group,2026,120,173
full,204,0.0,adaptive,500,0.5,group,2026,121,157
full,204,0.0,adaptive,500,0.5,group,2026,122,195
full,204,0.0,adaptive,500,0.5,group,2026,123,144
full,204,0.0,adaptive,500,0.5,group,2026,124,157
full,204,0.0,adaptive,500,0.5,group,2026,125,177
full,204,0.0,adaptive,500,0.5,group,2026,126,160
full,204,0.0,adaptive,500,0.5,group,2026,127,158
full,204,0.0,adaptive,500,0.5,group,2026,128,207
full,204,0.0,adaptive,500,0.5,group,2026,129,146
full,204,0.0,adaptive,500,0.5,group,2026,130,223
full,204,0.0,adaptive,500,0.5,group,2026,131,219
full,204,0.0,adaptive,500,0.5,group,2026,132,147
full,204,0.0,adaptive,500,0.5,group,2026,133,166
full,204,0.0,adaptive,500,0.5,group,2026,134,197
full,204,0.0,adaptive,500,0.5,group,2026,135,152
full,204,0.0,adaptive,500,0.5,group,2026,136,180
full,204,0.0,adaptive,500,0.5,group,2026,137,150
full,204,0.0,adaptive,500,0.5,group,2026,138,166
full,204,0.0,adaptive,500,0.5,group,2026,139,149
full,204,0.0,adaptive,500,0.5,group,2026,140,150
full,204,0.0,adaptive,500,0.5,group,2026,141,207
full,204,0.0,adaptive,500,0.5,group,2026,142,154
full,204,0.0,adaptive,500,0.5,group,2026,143,205
full,204,0.0,adaptive,500,0.5,group,2026,144,194
full,204,0.0,adaptive,500,0.5,group,2026,145,144
full,204,0.0,adaptive,500,0.5,group,2026,146,139
full,204,0.0,adaptive,500,0.5,group,2026,147,224
full,204,0.0,adaptive,500,0.5,group,2026,148,172
full,204,0.0,adaptive,500,0.5,group,2026,149,199
full,204,0.0,adaptive,500,0.5,group,2026,150,162
full,204,0.0,adaptive,500,0.5,group,2026,151,155
full,204,0.0,adaptive,500,0.5,group,2026,152,206
full,204,0.0,adaptive,500,0.5,group,2026,153,209
full,204,0.0,adaptive,500,0.5,group,2026,154,151
full,204,0.0,adaptive,500,0.5,group,2026,155,157
full,204,0.0,adaptive,500,0.5,group,2026,156,140
full,204,0.0,adaptive,500,0.5,group,2026,157,218
full,204,0.0,adaptive,500,0.5,group,2026,158,208
full,204,0.0,adaptive,500,0.5,group,2026,159,200
full,204,0.0,adaptive,500,0.5,group,2026,160,213
full,204,0.0,adaptive,500,0.5,group,2026,161,186
full,204,0.0,adaptive,500,0.5,group,2026,162,139
full,204,0.0,adaptive,500,0.5,group,2026,163,129
full,204,0.0,adaptive,500,0.5,group,2026,164,152
full,204,0.0,adaptive,500,0.5,group,2026,165,223
full,204,0.0,adaptive,500,0.5,group,2026,166,199
full,204,0.0,adaptive,500,0.5,group,2026,167,190
full,204,0.0,adaptive,500,0.5,group,2026,168,231
full,204,0.0,adaptive,500,0.5,group,2026,169,234
full,204,0.0,adaptive,500,0.5,group,2026,170,160
full,204,0.0,adaptive,500,0.5,group,2026,171,204
full,204,0.0,adaptive,500,0.5,group,2026,172,200
full,204,0.0,adaptive,500,0.5,group,2026,173,217
full,204,0.0,adaptive,500,0.5,group,2026,174,196
full,204,0.0,adaptive,500,0.5,group,2026,175,146
full,204,0.0,adaptive,500,0.5,group,2026,176,195
full,204,0.0,adaptive,500,0.5,group,2026,177,152
full,204,0.0,adaptive,500,0.5,group,2026,178,151
full,204,0.0,adaptive,500,0.5,group,2026,179,225
full,204,0.0,adaptive,500,0.5,group,2026,180,202
full,204,0.0,adaptive,500,0.5,group,2026,181,199
full,204,0.0,adaptive,500,0.5,group,2026,182,197
full,204,0.0,adaptive,500,0.5,group,2026,183,182
full,204,0.0,adaptive,500,0.5,group,2026,184,222
full,204,0.0,adaptive,500,0.5,group,2026,185,134
full,204,0.0,adaptive,500,0.5,group,2026,186,145
full,204,0.0,adaptive,500,0.5,group,2026,187,193
full,204,0.0,adaptive,500,0.5,group,2026,188,206
full,204,0.0,adaptive,500,0.5,group,2026,189,209
full,204,0.0,adaptive,500,0.5,group,2026,190,190
full,204,0.0,adaptive,500,0.5,group,2026,191,190
full,204,0.0,adaptive,500,0.5,group,2026,192,208
full,204,0.0,adaptive,500,0.5,group,2026,193,208
full,204,0.0,adaptive,500,0.5,group,2026,194,191
full,204,0.0,adaptive,500,0.5,group,2026,195,202
full,204,0.0,adaptive,500,0.5,group,2026,196,218
full,204,0.0,adaptive,500,0.5,group,2026,197,171
full,204,0.0,adaptive,500,0.5,group,2026,198,220
full,204,0.0,adaptive,500,0.5,group,2026,199,196
full,204,0.0,adaptive,500,0.5,group,2026,200,146
full,204,0.0,adaptive,500,0.5,group,2026,201,201
full,204,0.0,adaptive,500,0.5,group,2026,202,196
full,204,0.0,adaptive,500,0.5,group,2026,203,203
full,204,0.0,random,500,0.5,group,2026,0,246
full,204,0.0,random,500,0.5,group,2026,1,245
full,204,0.0,random,500,0.5,group,2026,2,265
full,204,0.0,random,500,0.5,group,2026,3,220
full,204,0.0,random,500,0.5,group,2026,4,247
full,204,0.0,random,500,0.5,group,2026,5,266
full,204,0.0,random,500,0.5,group,2026,6,251
full,204,0.0,random,500,0.5,group,2026,7,244
full,204,0.0,random,500,0.5,group,2026,8,249
full,204,0.0,random,500,0.5,group,2026,9,246
full,204,0.0,random,500,0.5,group,2026,10,249
full,204,0.0,random,500,0.5,group,2026,11,244
full,204,0.0,random,500,0.5,group,2026,12,248
full,204,0.0,random,500,0.5,group,2026,13,271
full,204,0.0,random,500,0.5,group,2026,14,258
full,204,0.0,random,500,0.5,group,2026,15,243
full,204,0.0,random,500,0.5,group,2026,16,235
full,204,0.0,random,500,0.5,group,2026,17,266
full,204,0.0,random,500,0.5,group,2026,18,249
full,204,0.0,random,500,0.5,group,2026,19,245
full,204,0.0,random,500,0.5,group,2026,20,246
full,204,0.0,random,500,0.5,group,2026,21,233
full,204,0.0,random,500,0.5,group,2026,22,255
full,204,0.0,random,500,0.5,group,2026,23,255
full,204,0.0,random,500,0.5,group,2026,24,228
full,204,0.0,random,500,0.5,group,2026,25,259
full,204,0.0,random,500,0.5,group,2026,26,241
full,204,0.0,random,500,0.5,group,2026,27,253
full,204,0.0,random,500,0.5,group,2026,28,255
full,204,0.0,random,500,0.5,group,2026,29,271
full,204,0.0,random,500,0.5,group,2026,30,240
full,204,0.0,random,500,0.5,group,2026,31,230
full,204,0.0,random,500,0.5,group,2026,32,243
full,204,0.0,random,500,0.5,group,2026,33,227
full,204,0.0,random,500,0.5,group,2026,34,253
full,204,0.0,random,500,0.5,group,2026,35,242
full,204,0.0,random,500,0.5,group,2026,36,278
full,204,0.0,random,500,0.5,group,2026,37,233
full,204,0.0,random,500,0.5,group,2026,38,236
full,204,0.0,random,500,0.5,group,2026,39,255
full,204,0.0,random,500,0.5,group,2026,40,236
full,204,0.0,random,500,0.5,group,2026,41,268
full,204,0.0,random,500,0.5,group,2026,42,242
full,204,0.0,random,500,0.5,group,2026,43,233
full,204,0.0,random,500,0.5,group,2026,44,240
full,204,0.0,random,500,0.5,group,2026,45,233
full,204,0.0,random,500,0.5,group,2026,46,242
full,204,0.0,random,500,0.5,group,2026,47,226
full,204,0.0,random,500,0.5,group,2026,48,257
full,204,0.0,random,500,0.5,group,2026,49,259
full,204,0.0,random,500,0.5,group,2026,50,264
full,204,0.0,random,500,0.5,group,2026,51,244
full,204,0.0,random,500,0.5,group,2026,52,260
full,204,0.0,random,500,0.5,group,2026,53,247
full,204,0.0,random,500,0.5,group,2026,54,236
full,204,0.0,random,500,0.5,group,2026,55,245
full,204,0.0,random,500,0.5,group,2026,56,246
full,204,0.0,random,500,0.5,group,2026,57,247
full,204,0.0,random,500,0.5,group,2026,58,255
full,204,0.0,random,500,0.5,group,2026,59,273
full,204,0.0,random,500,0.5,group,2026,60,247
full,204,0.0,random,500,0.5,group,2026,61,259
full,204,0.0,random,500,0.5,group,2026,62,264
full,204,0.0,random,500,0.5,group,2026,63,259
full,204,0.0,random,500,0.5,group,2026,64,252
full,204,0.0,random,500,0.5,group,2026,65,267
full,204,0.0,random,500,0.5,group,2026,66,259
full,204,0.0,random,500,0.5,group,2026,67,241
full,204,0.0,random,500,0.5,group,2026,68,245
full,204,0.0,random,500,0.5,group,2026,69,257
full,204,0.0,random,500,0.5,group,2026,70,252
full,204,0.0,random,500,0.5,group,2026,71,230
full,204,0.0,random,500,0.5,group,2026,72,248
full,204,0.0,random,500,0.5,group,2026,73,240
full,204,0.0,random,500,0.5,group,2026,74,233
full,204,0.0,random,500,0.5,group,2026,75,264
full,204,0.0,random,500,0.5,group,2026,76,250
full,204,0.0,random,500,0.5,group,2026,77,257
full,204,0.0,random,500,0.5,group,2026,78,255
full,204,0.0,random,500,0.5,group,2026,79,245
full,204,0.0,random,500,0.5,group,2026,80,266
full,204,0.0,random,500,0.5,group,2026,81,254
full,204,0.0,random,500,0.5,group,2026,82,250
full,204,0.0,random,500,0.5,group,2026,83,245
full,204,0.0,random,500,0.5,group,2026,84,252
full,204,0.0,random,500,0.5,group,2026,85,251
full,204,0.0,random,500,0.5,group,2026,86,271
full,204,0.0,random,500,0.5,group,2026,87,246
full,204,0.0,random,500,0.5,group,2026,88,244
full,204,0.0,random,500,0.5,group,2026,89,239
full,204,0.0,random,500,0.5,group,2026,90,253
full,204,0.0,random,500,0.5,group,2026,91,246
full,204,0.0,random,500,0.5,group,2026,92,250
full,204,0.0,random,500,0.5,group,2026,93,259
full,204,0.0,random,500,0.5,group,2026,94,264
full,204,0.0,random,500,0.5,group,2026,95,252
full,204,0.0,random,500,0.5,group,2026,96,232
full,204,0.0,random,500,0.5,group,2026,97,237
full,204,0.0,random,500,0.5,group,2026,98,245
full,204,0.0,random,500,0.5,group,2026,99,248
full,204,0.0,random,500,0.5,group,2026,100,267
full,204,0.0,random,500,0.5,group,2026,101,251
full,204,0.0,random,500,0.5,group,2026,102,247
full,204,0.0,random,500,0.5,group,2026,103,258
full,204,0.0,random,500,0.5,group,2026,104,259
full,204,0.0,random,500,0.5,group,2026,105,246
full,204,0.0,random,500,0.5,group,2026,106,243
full,204,0.0,random,500,0.5,group,2026,107,242
full,204,0.0,random,500,0.5,group,2026,108,254
full,204,0.0,random,500,0.5,group,2026,109,251
full,204,0.0,random,500,0.5,group,2026,110,241
full,204,0.0,random,500,0.5,group,2026,111,248
full,204,0.0,random,500,0.5,group,2026,112,252
full,204,0.0,random,500,0.5,group,2026,113,256
full,204,0.0,random,500,0.5,group,2026,114,261
full,204,0.0,random,500,0.5,group,2026,115,238
full,204,0.0,random,500,0.5,group,2026,116,262
full,204,0.0,random,500,0.5,group,2026,117,246
full,204,0.0,random,500,0.5,group,2026,118,263
full,204,0.0,random,500,0.5,group,2026,119,241
full,204,0.0,random,500,0.5,group,2026,120,238
full,204,0.0,random,500,0.5,group,2026,121,263
full,204,0.0,random,500,0.5,group,2026,122,260
full,204,0.0,random,500,0.5,group,2026,123,251
full,204,0.0,random,500,0.5,group,2026,124,245
full,204,0.0,random,500,0.5,group,2026,125,263
full,204,0.0,random,500,0.5,group,2026,126,244
full,204,0.0,random,500,0.5,group,2026,127,262
full,204,0.0,random,500,0.5,group,2026,128,256
full,204,0.0,random,500,0.5,group,2026,129,276
full,204,0.0,random,500,0.5,group,2026,130,259
full,204,0.0,random,500,0.5,group,2026,131,238
full,204,0.0,random,500,0.5,group,2026,132,257
full,204,0.0,random,500,0.5,group,2026,133,244
full,204,0.0,random,500,0.5,group,2026,134,245
full,204,0.0,random,500,0.5,group,2026,135,253
full,204,0.0,random,500,0.5,group,2026,136,267
full,204,0.0,random,500,0.5,group,2026,137,240
full,204,0.0,random,500,0.5,group,2026,138,241
full,204,0.0,random,500,0.5,group,2026,139,262
full,204,0.0,random,500,0.5,group,2026,140,264
full,204,0.0,random,500,0.5,group,2026,141,228
full,204,0.0,random,500,0.5,group,2026,142,247
full,204,0.0,random,500,0.5,group,2026,143,262
full,204,0.0,random,500,0.5,group,2026,144,250
full,204,0.0,random,500,0.5,group,2026,145,255
full,204,0.0,random,500,0.5,group,2026,146,230
full,204,0.0,random,500,0.5,group,2026,147,254
full,204,0.0,random,500,0.5,group,2026,148,251
full,204,0.0,random,500,0.5,group,2026,149,242
full,204,0.0,random,500,0.5,group,2026,150,253
full,204,0.0,random,500,0.5,group,2026,151,246
full,204,0.0,random,500,0.5,group,2026,152,245
full,204,0.0,random,500,0.5,group,2026,153,242
full,204,0.0,random,500,0.5,group,2026,154,263
full,204,0.0,random,500,0.5,group,2026,155,267
full,204,0.0,random,500,0.5,group,2026,156,243
full,204,0.0,random,500,0.5,group,2026,157,254
full,204,0.0,random,500,0.5,group,2026,158,240
full,204,0.0,random,500,0.5,group,2026,159,250
full,204,0.0,random,500,0.5,group,2026,160,245
full,204,0.0,random,500,0.5,group,2026,161,239
full,204,0.0,random,500,0.5,group,2026,162,267
full,204,0.0,random,500,0.5,group,2026,163,270
full,204,0.0,random,500,0.5,group,2026,164,237
full,204,0.0,random,500,0.5,group,2026,165,240
full,204,0.0,random,500,0.5,group,2026,166,259
full,204,0.0,random,500,0.5,group,2026,167,265
full,204,0.0,random,500,0.5,group,2026,168,254
full,204,0.0,random,500,0.5,group,2026,169,265
full,204,0.0,random,500,0.5,group,2026,170,234
full,204,0.0,random,500,0.5,group,2026,171,266
full,204,0.0,random,500,0.5,group,2026,172,271
full,204,0.0,random,500,0.5,group,2026,173,253
full,204,0.0,random,500,0.5,group,2026,174,247
full,204,0.0,random,500,0.5,group,2026,175,233
full,204,0.0,random,500,0.5,group,2026,176,254
full,204,0.0,random,500,0.5,group,2026,177,259
full,204,0.0,random,500,0.5,group,2026,178,224
full,204,0.0,random,500,0.5,group,2026,179,254
full,204,0.0,random,500,0.5,group,2026,180,243
full,204,0.0,random,500,0.5,group,2026,181,245
full,204,0.0,random,500,0.5,group,2026,182,277
full,204,0.0,random,500,0.5,group,2026,183,248
full,204,0.0,random,500,0.5,group,2026,184,241
full,204,0.0,random,500,0.5,group,2026,185,263
full,204,0.0,random,500,0.5,group,2026,186,253
full,204,0.0,random,500,0.5,group,2026,187,254
full,204,0.0,random,500,0.5,group,2026,188,260
full,204,0.0,random,500,0.5,group,2026,189,253
full,204,0.0,random,500,0.5,group,2026,190,232
full,204,0.0,random,500,0.5,group,2026,191,240
full,204,0.0,random,500,0.5,group,2026,192,249
full,204,0.0,random,500,0.5,group,2026,193,221
full,204,0.0,random,500,0.5,group,2026,194,253
full,204,0.0,random,500,0.5,group,2026,195,249
full,204,0.0,random,500,0.5,group,2026,196,254
full,204,0.0,random,500,0.5,group,2026,197,247
full,204,0.0,random,500,0.5,group,2026,198,239
full,204,0.0,random,500,0.5,group,2026,199,244
full,204,0.0,random,500,0.5,group,2026,200,258
full,204,0.0,random,500,0.5,group,2026,201,263
full,204,0.0,random,500,0.5,group,2026,202,253
full,204,0.0,random,500,0.5,group,2026,203,248
full,204,0.5,adaptive,500,0.5,group,2026,0,176
full,204,0.5,adaptive,500,0.5,group,2026,1,243
full,204,0.5,adaptive,500,0.5,group,2026,2,236
full,204,0.5,adaptive,500,0.5,group,2026,3,160
full,204,0.5,adaptive,500,0.5,group,2026,4,213
full,204,0.5,adaptive,500,0.5,group,2026,5,232
full,204,0.5,adaptive,500,0.5,group,2026,6,176
full,204,0.5,adaptive,500,0.5,group,2026,7,180
full,204,0.5,adaptive,500,0.5,group,2026,8,169
full,204,0.5,adaptive,500,0.5,group,2026,9,196
full,204,0.5,adaptive,500,0.5,group,2026,10,222
full,204,0.5,adaptive,500,0.5,group,2026,11,251
full,204,0.5,adaptive,500,0.5,group,2026,12,178
full,204,0.5,adaptive,500,0.5,group,2026,13,172
full,204,0.5,adaptive,500,0.5,group,2026,14,227
full,204,0.5,adaptive,500,0.5,group,2026,15,247
full,204,0.5,adaptive,500,0.5,group,2026,16,216
full,204,0.5,adaptive,500,0.5,group,2026,17,246
full,204,0.5,adaptive,500,0.5,group,2026,18,182
full,204,0.5,adaptive,500,0.5,group,2026,19,176
full,204,0.5,adaptive,500,0.5,group,2026,20,155
full,204,0.5,adaptive,500,0.5,group,2026,21,211
full,204,0.5,adaptive,500,0.5,group,2026,22,208
full,204,0.5,adaptive,500,0.5,group,2026,23,171
full,204,0.5,adaptive,500,0.5,group,2026,24,228
full,204,0.5,adaptive,500,0.5,group,2026,25,251
full,204,0.5,adaptive,500,0.5,group,2026,26,230
full,204,0.5,adaptive,500,0.5,group,2026,27,211
full,204,0.5,adaptive,500,0.5,group,2026,28,225
full,204,0.5,adaptive,500,0.5,group,2026,29,237
full,204,0.5,adaptive,500,0.5,group,2026,30,231
full,204,0.5,adaptive,500,0.5,group,2026,31,188
full,204,0.5,adaptive,500,0.5,group,2026,32,226
full,204,0.5,adaptive,500,0.5,group,2026,33,217
full,204,0.5,adaptive,500,0.5,group,2026,34,213
full,204,0.5,adaptive,500,0.5,group,2026,35,166
full,204,0.5,adaptive,500,0.5,group,2026,36,213
full,204,0.5,adaptive,500,0.5,group,2026,37,209
full,204,0.5,adaptive,500,0.5,group,2026,38,252
full,204,0.5,adaptive,500,0.5,group,2026,39,213
full,204,0.5,adaptive,500,0.5,group,2026,40,220
full,204,0.5,adaptive,500,0.5,group,2026,41,216
full,204,0.5,adaptive,500,0.5,group,2026,42,223
full,204,0.5,adaptive,500,0.5,group,2026,43,241
full,204,0.5,adaptive,500,0.5,group,2026,44,262
full,204,0.5,adaptive,500,0.5,group,2026,45,231
full,204,0.5,adaptive,500,0.5,group,2026,46,174
full,204,0.5,adaptive,500,0.5,group,2026,47,251
full,204,0.5,adaptive,500,0.5,group,2026,48,202
full,204,0.5,adaptive,500,0.5,group,2026,49,160
full,204,0.5,adaptive,500,0.5,group,2026,50,223
full,204,0.5,adaptive,500,0.5,group,2026,51,205
full,204,0.5,adaptive,500,0.5,group,2026,52,220
full,204,0.5,adaptive,500,0.5,group,2026,53,192
full,204,0.5,adaptive,500,0.5,group,2026,54,209
full,204,0.5,adaptive,500,0.5,group,2026,55,244
full,204,0.5,adaptive,500,0.5,group,2026,56,218
full,204,0.5,adaptive,500,0.5,group,2026,57,157
full,204,0.5,adaptive,500,0.5,group,2026,58,236
full,204,0.5,adaptive,500,0.5,group,2026,59,236
full,204,0.5,adaptive,500,0.5,group,2026,60,207
full,204,0.5,adaptive,500,0.5,group,2026,61,164
full,204,0.5,adaptive,500,0.5,group,2026,62,225
full,204,0.5,adaptive,500,0.5,group,2026,63,259
full,204,0.5,adaptive,500,0.5,group,2026,64,167
full,204,0.5,adaptive,500,0.5,group,2026,65,269
full,204,0.5,adaptive,500,0.5,group,2026,66,254
full,204,0.5,adaptive,500,0.5,group,2026,67,169
full,204,0.5,adaptive,500,0.5,group,2026,68,144
full,204,0.5,adaptive,500,0.5,group,2026,69,271
full,204,0.5,adaptive,500,0.5,group,2026,70,253
full,204,0.5,adaptive,500,0.5,group,2026,71,234
full,204,0.5,adaptive,500,0.5,group,2026,72,198
full,204,0.5,adaptive,500,0.5,group,2026,73,234
full,204,0.5,adaptive,500,0.5,group,2026,74,155
full,204,0.5,adaptive,500,0.5,group,2026,75,231
full,204,0.5,adaptive,500,0.5,group,2026,76,267
full,204,0.5,adaptive,500,0.5,group,2026,77,241
full,204,0.5,adaptive,500,0.5,group,2026,78,237
full,204,0.5,adaptive,500,0.5,group,2026,79,223
full,204,0.5,adaptive,500,0.5,group,2026,80,201
full,204,0.5,adaptive,500,0.5,group,2026,81,240
full,204,0.5,adaptive,500,0.5,group,2026,82,176
full,204,0.5,adaptive,500,0.5,group,2026,83,159
full,204,0.5,adaptive,500,0.5,group,2026,84,207
full,204,0.5,adaptive,500,0.5,group,2026,85,218
full,204,0.5,adaptive,500,0.5,group,2026,86,234
full,204,0.5,adaptive,500,0.5,group,2026,87,196
full,204,0.5,adaptive,500,0.5,group,2026,88,217
full,204,0.5,adaptive,500,0.5,group,2026,89,239
full,204,0.5,adaptive,500,0.5,group,2026,90,233
full,204,0.5,adaptive,500,0.5,group,2026,91,214
full,204,0.5,adaptive,500,0.5,group,2026,92,231
full,204,0.5,adaptive,500,0.5,group,2026,93,246
full,204,0.5,adaptive,500,0.5,group,2026,94,222
full,204,0.5,adaptive,500,0.5,group,2026,95,234
full,204,0.5,adaptive,500,0.5,group,2026,96,214
full,204,0.5,adaptive,500,0.5,group,2026,97,213
full,204,0.5,adaptive,500,0.5,group,2026,98,231
full,204,0.5,adaptive,500,0.5,group,2026,99,245
full,204,0.5,adaptive,500,0.5,group,2026,100,236
full,204,0.5,adaptive,500,0.5,group,2026,101,238
full,204,0.5,adaptive,500,0.5,group,2026,102,206
full,204,0.5,adaptive,500,0.5,group,2026,103,203
full,204,0.5,adaptive,500,0.5,group,2026,104,235
full,204,0.5,adaptive,500,0.5,group,2026,105,241
full,204,0.5,adaptive,500,0.5,group,2026,106,232
full,204,0.5,adaptive,500,0.5,group,2026,107,226
full,204,0.5,adaptive,500,0.5,group,2026,108,212
full,204,0.5,adaptive,500,0.5,group,2026,109,189
full,204,0.5,adaptive,500,0.5,group,2026,110,206
full,204,0.5,adaptive,500,0.5,group,2026,111,209
full,204,0.5,adaptive,500,0.5,group,2026,112,265
full,204,0.5,adaptive,500,0.5,group,2026,113,200
full,204,0.5,adaptive,500,0.5,group,2026,114,238
full,204,0.5,adaptive,500,0.5,group,2026,115,234
full,204,0.5,adaptive,500,0.5,group,2026,116,207
full,204,0.5,adaptive,500,0.5,group,2026,117,236
full,204,0.5,adaptive,500,0.5,group,2026,118,247
full,204,0.5,adaptive,500,0.5,group,2026,119,245
full,204,0.5,adaptive,500,0.5,group,2026,120,203
full,204,0.5,adaptive,500,0.5,group,2026,121,207
full,204,0.5,adaptive,500,0.5,group,2026,122,219
full,204,0.5,adaptive,500,0.5,group,2026,123,225
full,204,0.5,adaptive,500,0.5,group,2026,124,189
full,204,0.5,adaptive,500,0.5,group,2026,125,232
full,204,0.5,adaptive,500,0.5,group,2026,126,203
full,204,0.5,adaptive,500,0.5,group,2026,127,193
full,204,0.5,adaptive,500,0.5,group,2026,128,246
full,204,0.5,adaptive,500,0.5,group,2026,129,179
full,204,0.5,adaptive,500,0.5,group,2026,130,205
full,204,0.5,adaptive,500,0.5,group,2026,131,258
full,204,0.5,adaptive,500,0.5,group,2026,132,194
full,204,0.5,adaptive,500,0.5,group,2026,133,204
full,204,0.5,adaptive,500,0.5,group,2026,134,222
full,204,0.5,adaptive,500,0.5,group,2026,135,195
full,204,0.5,adaptive,500,0.5,group,2026,136,223
full,204,0.5,adaptive,500,0.5,group,2026,137,183
full,204,0.5,adaptive,500,0.5,group,2026,138,202
full,204,0.5,adaptive,500,0.5,group,2026,139,190
full,204,0.5,adaptive,500,0.5,group,2026,140,174
full,204,0.5,adaptive,500,0.5,group,2026,141,251
full,204,0.5,adaptive,500,0.5,group,2026,142,171
full,204,0.5,adaptive,500,0.5,group,2026,143,221
full,204,0.5,adaptive,500,0.5,group,2026,144,221
full,204,0.5,adaptive,500,0.5,group,2026,145,193
full,204,0.5,adaptive,500,0.5,group,2026,146,189
full,204,0.5,adaptive,500,0.5,group,2026,147,250
full,204,0.5,adaptive,500,0.5,group,2026,148,240
full,204,0.5,adaptive,500,0.5,group,2026,149,231
full,204,0.5,adaptive,500,0.5,group,2026,150,194
full,204,0.5,adaptive,500,0.5,group,2026,151,186
full,204,0.5,adaptive,500,0.5,group,2026,152,235
full,204,0.5,adaptive,500,0.5,group,2026,153,229
full,204,0.5,adaptive,500,0.5,group,2026,154,171
full,204,0.5,adaptive,500,0.5,group,2026,155,164
full,204,0.5,adaptive,500,0.5,group,2026,156,192
full,204,0.5,adaptive,500,0.5,group,2026,157,210
full,204,0.5,adaptive,500,0.5,group,2026,158,239
full,204,0.5,adaptive,500,0.5,group,2026,159,242
full,204,0.5,adaptive,500,0.5,group,2026,160,248
full,204,0.5,adaptive,500,0.5,group,2026,161,236
full,204,0.5,adaptive,500,0.5,group,2026,162,199
full,204,0.5,adaptive,500,0.5,group,2026,163,200
full,204,0.5,adaptive,500,0.5,group,2026,164,202
full,204,0.5,adaptive,500,0.5,group,2026,165,255
full,204,0.5,adaptive,500,0.5,group,2026,166,241
full,204,0.5,adaptive,500,0.5,group,2026,167,225
full,204,0.5,adaptive,500,0.5,group,2026,168,237
full,204,0.5,adaptive,500,0.5,group,2026,169,246
full,204,0.5,adaptive,500,0.5,group,2026,170,181
full,204,0.5,adaptive,500,0.5,group,2026,171,240
full,204,0.5,adaptive,500,0.5,group,2026,172,235
full,204,0.5,adaptive,500,0.5,group,2026,173,258
full,204,0.5,adaptive,500,0.5,group,2026,174,223
full,204,0.5,adaptive,500,0.5,group,2026,175,181
full,204,0.5,adaptive,500,0.5,group,2026,176,238
full,204,0.5,adaptive,500,0.5,group,2026,177,193
full,204,0.5,adaptive,500,0.5,group,2026,178,175
full,204,0.5,adaptive,500,0.5,group,2026,179,233
full,204,0.5,adaptive,500,0.5,group,2026,180,232
full,204,0.5,adaptive,500,0.5,group,2026,181,243
full,204,0.5,adaptive,500,0.5,group,2026,182,226
full,204,0.5,adaptive,500,0.5,group,2026,183,209
full,204,0.5,adaptive,500,0.5,group,2026,184,238
full,204,0.5,adaptive,500,0.5,group,2026,185,201
full,204,0.5,adaptive,500,0.5,group,2026,186,186
full,204,0.5,adaptive,500,0.5,group,2026,187,214
full,204,0.5,adaptive,500,0.5,group,2026,188,212
full,204,0.5,adaptive,500,0.5,group,2026,189,226
full,204,0.5,adaptive,500,0.5,group,2026,190,231
full,204,0.5,adaptive,500,0.5,group,2026,191,217
full,204,0.5,adaptive,500,0.5,group,2026,192,238
full,204,0.5,adaptive,500,0.5,group,2026,193,242
full,204,0.5,adaptive,500,0.5,group,2026,194,212
full,204,0.5,adaptive,500,0.5,group,2026,195,243
full,204,0.5,adaptive,500,0.5,group,2026,196,226
full,204,0.5,adaptive,500,0.5,group,2026,197,197
full,204,0.5,adaptive,500,0.5,group,2026,198,239
full,204,0.5,adaptive,500,0.5,group,2026,199,217
full,204,0.5,adaptive,500,0.5,group,2026,200,185
full,204,0.5,adaptive,500,0.5,group,2026,201,219
full,204,0.5,adaptive,500,0.5,group,2026,202,245
full,204,0.5,adaptive,500,0.5,group,2026,203,246
full,204,0.5,random,500,0.5,group,2026,0,256
full,204,0.5,random,500,0.5,group,2026,1,257
full,204,0.5,random,500,0.5,group,2026,2,257
full,204,0.5,random,500,0.5,group,2026,3,254
full,204,0.5,random,500,0.5,group,2026,4,239
full,204,0.5,random,500,0.5,group,2026,5,249
full,204,0.5,random,500,0.5,group,2026,6,242
full,204,0.5,random,500,0.5,group,2026,7,248
full,204,0.5,random,500,0.5,group,2026,8,245
full,204,0.5,random,500,0.5,group,2026,9,261
full,204,0.5,random,500,0.5,group,2026,10,250
full,204,0.5,random,500,0.5,group,2026,11,233
full,204,0.5,random,500,0.5,group,2026,12,256
full,204,0.5,random,500,0.5,group,2026,13,243
full,204,0.5,random,500,0.5,group,2026,14,236
full,204,0.5,random,500,0.5,group,2026,15,247
full,204,0.5,random,500,0.5,group,2026,16,251
full,204,0.5,random,500,0.5,group,2026,17,269
full,204,0.5,random,500,0.5,group,2026,18,241
full,204,0.5,random,500,0.5,group,2026,19,244
full,204,0.5,random,500,0.5,group,2026,20,223
full,204,0.5,random,500,0.5,group,2026,21,257
full,204,0.5,random,500,0.5,group,2026,22,264
full,204,0.5,random,500,0.5,group,2026,23,234
full,204,0.5,random,500,0.5,group,2026,24,245
full,204,0.5,random,500,0.5,group,2026,25,258
full,204,0.5,random,500,0.5,group,2026,26,250
full,204,0.5,random,500,0.5,group,2026,27,248
full,204,0.5,random,500,0.5,group,2026,28,273
full,204,0.5,random,500,0.5,group,2026,29,263
full,204,0.5,random,500,0.5,group,2026,30,235
full,204,0.5,random,500,0.5,group,2026,31,253
full,204,0.5,random,500,0.5,group,2026,32,250
full,204,0.5,random,500,0.5,group,2026,33,232
full,204,0.5,random,500,0.5,group,2026,34,248
full,204,0.5,random,500,0.5,group,2026,35,270
full,204,0.5,random,500,0.5,group,2026,36,247
full,204,0.5,random,500,0.5,group,2026,37,261
full,204,0.5,random,500,0.5,group,2026,38,247
full,204,0.5,random,500,0.5,group,2026,39,246
full,204,0.5,random,500,0.5,group,2026,40,245
full,204,0.5,random,500,0.5,group,2026,41,250
full,204,0.5,random,500,0.5,group,2026,42,261
full,204,0.5,random,500,0.5,group,2026,43,249
full,204,0.5,random,500,0.5,group,2026,44,259
full,204,0.5,random,500,0.5,group,2026,45,248
full,204,0.5,random,500,0.5,group,2026,46,248
full,204,0.5,random,500,0.5,group,2026,47,252
full,204,0.5,random,500,0.5,group,2026,48,263
full,204,0.5,random,500,0.5,group,2026,49,270
full,204,0.5,random,500,0.5,group,2026,50,267
full,204,0.5,random,500,0.5,group,2026,51,245
full,204,0.5,random,500,0.5,group,2026,52,248
full,204,0.5,random,500,0.5,group,2026,53,224
full,204,0.5,random,500,0.5,group,2026,54,237
full,204,0.5,random,500,0.5,group,2026,55,276
full,204,0.5,random,500,0.5,group,2026,56,242
full,204,0.5,random,500,0.5,group,2026,57,257
full,204,0.5,random,500,0.5,group,2026,58,233
full,204,0.5,random,500,0.5,group,2026,59,233
full,204,0.5,random,500,0.5,group,2026,60,242
full,204,0.5,random,500,0.5,group,2026,61,252
full,204,0.5,random,500,0.5,group,2026,62,255
full,204,0.5,random,500,0.5,group,2026,63,249
full,204,0.5,random,500,0.5,group,2026,64,252
full,204,0.5,random,500,0.5,group,2026,65,225
full,204,0.5,random,500,0.5,group,2026,66,244
full,204,0.5,random,500,0.5,group,2026,67,246
full,204,0.5,random,500,0.5,group,2026,68,235
full,204,0.5,random,500,0.5,group,2026,69,250
full,204,0.5,random,500,0.5,group,2026,70,256
full,204,0.5,random,500,0.5,group,2026,71,255
full,204,0.5,random,500,0.5,group,2026,72,243
full,204,0.5,random,500,0.5,group,2026,73,237
full,204,0.5,random,500,0.5,group,2026,74,246
full,204,0.5,random,500,0.5,group,2026,75,253
full,204,0.5,random,500,0.5,group,2026,76,262
full,204,0.5,random,500,0.5,group,2026,77,239
full,204,0.5,random,500,0.5,group,2026,78,251
full,204,0.5,random,500,0.5,group,2026,79,252
full,204,0.5,random,500,0.5,group,2026,80,263
full,204,0.5,random,500,0.5,group,2026,81,255
full,204,0.5,random,500,0.5,group,2026,82,263
full,204,0.5,random,500,0.5,group,2026,83,233
full,204,0.5,random,500,0.5,group,2026,84,255
full,204,0.5,random,500,0.5,group,2026,85,255
full,204,0.5,random,500,0.5,group,2026,86,262
full,204,0.5,random,500,0.5,group,2026,87,261
full,204,0.5,random,500,0.5,group,2026,88,257
full,204,0.5,random,500,0.5,group,2026,89,239
full,204,0.5,random,500,0.5,group,2026,90,240
full,204,0.5,random,500,0.5,group,2026,91,251
full,204,0.5,random,500,0.5,group,2026,92,259
full,204,0.5,random,500,0.5,group,2026,93,248
full,204,0.5,random,500,0.5,group,2026,94,260
full,204,0.5,random,500,0.5,group,2026,95,242
full,204,0.5,random,500,0.5,group,2026,96,265
full,204,0.5,random,500,0.5,group,2026,97,252
full,204,0.5,random,500,0.5,group,2026,98,249
full,204,0.5,random,500,0.5,group,2026,99,258
full,204,0.5,random,500,0.5,group,2026,100,256
full,204,0.5,random,500,0.5,group,2026,101,252
full,204,0.5,random,500,0.5,group,2026,102,254
full,204,0.5,random,500,0.5,group,2026,103,261
full,204,0.5,random,500,0.5,group,2026,104,277
full,204,0.5,random,500,0.5,group,2026,105,272
full,204,0.5,random,500,0.5,group,2026,106,248
full,204,0.5,random,500,0.5,group,2026,107,263
full,204,0.5,random,500,0.5,group,2026,108,273
full,204,0.5,random,500,0.5,group,2026,109,261
full,204,0.5,random,500,0.5,group,2026,110,269
full,204,0.5,random,500,0.5,group,2026,111,268
full,204,0.5,random,500,0.5,group,2026,112,247
full,204,0.5,random,500,0.5,group,2026,113,247
full,204,0.5,random,500,0.5,group,2026,114,235
full,204,0.5,random,500,0.5,group,2026,115,260
full,204,0.5,random,500,0.5,group,2026,116,257
full,204,0.5,random,500,0.5,group,2026,117,264
full,204,0.5,random,500,0.5,group,2026,118,246
full,204,0.5,random,500,0.5,group,2026,119,259
full,204,0.5,random,500,0.5,group,2026,120,253
full,204,0.5,random,500,0.5,group,2026,121,274
full,204,0.5,random,500,0.5,group,2026,122,245
full,204,0.5,random,500,0.5,group,2026,123,231
full,204,0.5,random,500,0.5,group,2026,124,252
full,204,0.5,random,500,0.5,group,2026,125,256
full,204,0.5,random,500,0.5,group,2026,126,244
full,204,0.5,random,500,0.5,group,2026,127,254
full,204,0.5,random,500,0.5,group,2026,128,251
full,204,0.5,random,500,0.5,group,2026,129,246
full,204,0.5,random,500,0.5,group,2026,130,247
full,204,0.5,random,500,0.5,group,2026,131,245
full,204,0.5,random,500,0.5,group,2026,132,260
full,204,0.5,random,500,0.5,group,2026,133,258
full,204,0.5,random,500,0.5,group,2026,134,241
full,204,0.5,random,500,0.5,group,2026,135,252
full,204,0.5,random,500,0.5,group,2026,136,241
full,204,0.5,random,500,0.5,group,2026,137,253
full,204,0.5,random,500,0.5,group,2026,138,268
full,204,0.5,random,500,0.5,group,2026,139,243
full,204,0.5,random,500,0.5,group,2026,140,243
full,204,0.5,random,500,0.5,group,2026,141,231
full,204,0.5,random,500,0.5,group,2026,142,251
full,204,0.5,random,500,0.5,group,2026,143,253
full,204,0.5,random,500,0.5,group,2026,144,261
full,204,0.5,random,500,0.5,group,2026,145,266
full,204,0.5,random,500,0.5,group,2026,146,224
full,204,0.5,random,500,0.5,group,2026,147,256
full,204,0.5,random,500,0.5,group,2026,148,257
full,204,0.5,random,500,0.5,group,2026,149,262
full,204,0.5,random,500,0.5,group,2026,150,235
full,204,0.5,random,500,0.5,group,2026,151,238
full,204,0.5,random,500,0.5,group,2026,152,248
full,204,0.5,random,500,0.5,group,2026,153,253
full,204,0.5,random,500,0.5,group,2026,154,235
full,204,0.5,random,500,0.5,group,2026,155,253
full,204,0.5,random,500,0.5,group,2026,156,260
full,204,0.5,random,500,0.5,group,2026,157,259
full,204,0.5,random,500,0.5,group,2026,158,228
full,204,0.5,random,500,0.5,group,2026,159,244
full,204,0.5,random,500,0.5,group,2026,160,268
full,204,0.5,random,500,0.5,group,2026,161,221
full,204,0.5,random,500,0.5,group,2026,162,247
full,204,0.5,random,500,0.5,group,2026,163,231
full,204,0.5,random,500,0.5,group,2026,164,253
full,204,0.5,random,500,0.5,group,2026,165,248
full,204,0.5,random,500,0.5,group,2026,166,234
full,204,0.5,random,500,0.5,group,2026,167,249
full,204,0.5,random,500,0.5,group,2026,168,250
full,204,0.5,random,500,0.5,group,2026,169,249
full,204,0.5,random,500,0.5,group,2026,170,239
full,204,0.5,random,500,0.5,group,2026,171,248
full,204,0.5,random,500,0.5,group,2026,172,228
full,204,0.5,random,500,0.5,group,2026,173,239
full,204,0.5,random,500,0.5,group,2026,174,259
full,204,0.5,random,500,0.5,group,2026,175,251
full,204,0.5,random,500,0.5,group,2026,176,228
full,204,0.5,random,500,0.5,group,2026,177,242
full,204,0.5,random,500,0.5,group,2026,178,257
full,204,0.5,random,500,0.5,group,2026,179,231
full,204,0.5,random,500,0.5,group,2026,180,260
full,204,0.5,random,500,0.5,group,2026,181,246
full,204,0.5,random,500,0.5,group,2026,182,264
full,204,0.5,random,500,0.5,group,2026,183,250
full,204,0.5,random,500,0.5,group,2026,184,264
full,204,0.5,random,500,0.5,group,2026,185,250
full,204,0.5,random,500,0.5,group,2026,186,238
full,204,0.5,random,500,0.5,group,2026,187,229
full,204,0.5,random,500,0.5,group,2026,188,249
full,204,0.5,random,500,0.5,group,2026,189,238
full,204,0.5,random,500,0.5,group,2026,190,257
full,204,0.5,random,500,0.5,group,2026,191,257
full,204,0.5,random,500,0.5,group,2026,192,248
full,204,0.5,random,500,0.5,group,2026,193,263
full,204,0.5,random,500,0.5,group,2026,194,276
full,204,0.5,random,500,0.5,group,2026,195,244
full,204,0.5,random,500,0.5,group,2026,196,233
full,204,0.5,random,500,0.5,group,2026,197,236
full,204,0.5,random,500,0.5,group,2026,198,253
full,204,0.5,random,500,0.5,group,2026,199,244
full,204,0.5,random,500,0.5,group,2026,200,238
full,204,0.5,random,500,0.5,group,2026,201,253
full,204,0.5,random,500,0.5,group,2026,202,242
full,204,0.5,random,500,0.5,group,2026,203,256
full,40,-1.0,adaptive,500,0.5,group,2026,0,500
full,40,-1.0,adaptive,500,0.5,group,2026,1,500
full,40,-1.0,adaptive,500,0.5,group,2026,2,500
full,40,-1.0,adaptive,500,0.5,group,2026,3,500
full,40,-1.0,adaptive,500,0.5,group,2026,4,500
full,40,-1.0,adaptive,500,0.5,group,2026,5,500
full,40,-1.0,adaptive,500,0.5,group,2026,6,500
full,40,-1.0,adaptive,500,0.5,group,2026,7,500
full,40,-1.0,adaptive,500,0.5,group,2026,8,500
full,40,-1.0,adaptive,500,0.5,group,2026,9,500
full,40,-1.0,adaptive,500,0.5,group,2026,10,500
full,40,-1.0,adaptive,500,0.5,group,2026,11,500
full,40,-1.0,adaptive,500,0.5,group,2026,12,500
full,40,-1.0,adaptive,500,0.5,group,2026,13,500
full,40,-1.0,adaptive,500,0.5,group,2026,14,500
full,40,-1.0,adaptive,500,0.5,group,2026,15,500
full,40,-1.0,adaptive,500,0.5,group,2026,16,500
full,40,-1.0,adaptive,500,0.5,group,2026,17,500
full,40,-1.0,adaptive,500,0.5,group,2026,18,500
full,40,-1.0,adaptive,500,0.5,group,2026,19,500
full,40,-1.0,adaptive,500,0.5,group,2026,20,500
full,40,-1.0,adaptive,500,0.5,group,2026,21,500
full,40,-1.0,adaptive,500,0.5,group,2026,22,500
full,40,-1.0,adaptive,500,0.5,group,2026,23,500
full,40,-1.0,adaptive,500,0.5,group,2026,24,500
full,40,-1.0,adaptive,500,0.5,group,2026,25,500
full,40,-1.0,adaptive,500,0.5,group,2026,26,500
full,40,-1.0,adaptive,500,0.5,group,2026,27,500
full,40,-1.0,adaptive,500,0.5,group,2026,28,500
full,40,-1.0,adaptive,500,0.5,group,2026,29,500
full,40,-1.0,adaptive,500,0.5,group,2026,30,500
full,40,-1.0,adaptive,500,0.5,group,2026,31,500
full,40,-1.0,adaptive,500,0.5,group,2026,32,500
full,40,-1.0,adaptive,500,0.5,group,2026,33,500
full,40,-1.0,adaptive,500,0.5,group,2026,34,500
full,40,-1.0,adaptive,500,0.5,group,2026,35,500
full,40,-1.0,adaptive,500,0.5,group,2026,36,500
full,40,-1.0,adaptive,500,0.5,group,2026,37,500
full,40,-1.0,adaptive,500,0.5,group,2026,38,500
full,40,-1.0,adaptive,500,0.5,group,2026,39,500
full,40,-1.0,random,500,0.5,group,2026,0,500
full,40,-1.0,random,500,0.5,group,2026,1,500
full,40,-1.0,random,500,0.5,group,2026,2,500
full,40,-1.0,random,500,0.5,group,2026,3,500
full,40,-1.0,random,500,0.5,group,2026,4,500
full,40,-1.0,random,500,0.5,group,2026,5,500
full,40,-1.0,random,500,0.5,group,2026,6,500
full,40,-1.0,random,500,0.5,group,2026,7,500
full,40,-1.0,random,500,0.5,group,2026,8,500
full,40,-1.0,random,500,0.5,group,2026,9,500
full,40,-1.0,random,500,0.5,group,2026,10,500
full,40,-1.0,random,500,0.5,group,2026,11,500
full,40,-1.0,random,500,0.5,group,2026,12,500
full,40,-1.0,random,500,0.5,group,2026,13,500
full,40,-1.0,random,500,0.5,group,2026,14,500
full,40,-1.0,random,500,0.5,group,2026,15,500
full,40,-1.0,random,500,0.5,group,2026,16,500
full,40,-1.0,random,500,0.5,group,2026,17,500
full,40,-1.0,random,500,0.5,group,2026,18,500
full,40,-1.0,random,500,0.5,group,2026,19,500
full,40,-1.0,random,500,0.5,group,2026,20,500
full,40,-1.0,random,500,0.5,group,2026,21,500
full,40,-1.0,random,500,0.5,group,2026,22,500
full,40,-1.0,random,500,0.5,group,2026,23,500
full,40,-1.0,random,500,0.5,group,2026,24,500
full,40,-1.0,random,500,0.5,group,2026,25,500
full,40,-1.0,random,500,0.5,group,2026,26,500
full,40,-1.0,random,500,0.5,group,2026,27,500
full,40,-1.0,random,500,0.5,group,2026,28,500
full,40,-1.0,random,500,0.5,group,2026,29,500
full,40,-1.0,random,500,0.5,group,2026,30,500
full,40,-1.0,random,500,0.5,group,2026,31,500
full,40,-1.0,random,500,0.5,group,2026,32,500
full,40,-1.0,random,500,0.5,group,2026,33,500
full,40,-1.0,random,500,0.5,group,2026,34,500
full,40,-1.0,random,500,0.5,group,2026,35,500
full,40,-1.0,random,500,0.5,group,2026,36,500
full,40,-1.0,random,500,0.5,group,2026,37,500
full,40,-1.0,random,500,0.5,group,2026,38,500
full,40,-1.0,random,500,0.5,group,2026,39,500
full,40,0.0,adaptive,500,0.5,group,2026,0,500
full,40,0.0,adaptive,500,0.5,group,2026,1,500
full,40,0.0,adaptive,500,0.5,group,2026,2,500
full,40,0.0,adaptive,500,0.5,group,2026,3,500
full,40,0.0,adaptive,500,0.5,group,2026,4,500
full,40,0.0,adaptive,500,0.5,group,2026,5,500
full,40,0.0,adaptive,500,0.5,group,2026,6,500
full,40,0.0,adaptive,500,0.5,group,2026,7,500
full,40,0.0,adaptive,500,0.5,group,2026,8,500
full,40,0.0,adaptive,500,0.5,group,2026,9,500
full,40,0.0,adaptive,500,0.5,group,2026,10,500
full,40,0.0,adaptive,500,0.5,group,2026,11,500
full,40,0.0,adaptive,500,0.5,group,2026,12,500
full,40,0.0,adaptive,500,0.5,group,2026,13,500
full,40,0.0,adaptive,500,0.5,group,2026,14,500
full,40,0.0,adaptive,500,0.5,group,2026,15,500
full,40,0.0,adaptive,500,0.5,group,2026,16,500
full,40,0.0,adaptive,500,0.5,group,2026,17,500
full,40,0.0,adaptive,500,0.5,group,2026,18,500
full,40,0.0,adaptive,500,0.5,group,2026,19,500
full,40,0.0,adaptive,500,0.5,group,2026,20,500
full,40,0.0,adaptive,500,0.5,group,2026,21,500
full,40,0.0,adaptive,500,0.5,group,2026,22,500
full,40,0.0,adaptive,500,0.5,group,2026,23,500
full,40,0.0,adaptive,500,0.5,group,2026,24,500
full,40,0.0,adaptive,500,0.5,group,2026,25,500
full,40,0.0,adaptive,500,0.5,group,2026,26,500
full,40,0.0,adaptive,500,0.5,group,2026,27,500
full,40,0.0,adaptive,500,0.5,group,2026,28,500
full,40,0.0,adaptive,500,0.5,group,2026,29,500
full,40,0.0,adaptive,500,0.5,group,2026,30,500
full,40,0.0,adaptive,500,0.5,group,2026,31,500
full,40,0.0,adaptive,500,0.5,group,2026,32,500
full,40,0.0,adaptive,500,0.5,group,2026,33,500
full,40,0.0,adaptive,500,0.5,group,2026,34,500
full,40,0.0,adaptive,500,0.5,group,2026,35,500
full,40,0.0,adaptive,500,0.5,group,2026,36,500
full,40,0.0,adaptive,500,0.5,group,2026,37,500
full,40,0.0,adaptive,500,0.5,group,2026,38,500
full,40,0.0,adaptive,500,0.5,group,2026,39,500
full,40,0.0,random,500,0.5,group,2026,0,500
full,40,0.0,random,500,0.5,group,2026,1,500
full,40,0.0,random,500,0.5,group,2026,2,500
full,40,0.0,random,500,0.5,group,2026,3,500
full,40,0.0,random,500,0.5,group,2026,4,500
full,40,0.0,random,500,0.5,group,2026,5,500
full,40,0.0,random,500,0.5,group,2026,6,500
full,40,0.0,random,500,0.5,group,2026,7,500
full,40,0.0,random,500,0.5,group,2026,8,500
full,40,0.0,random,500,0.5,group,2026,9,500
full,40,0.0,random,500,0.5,group,2026,10,500
full,40,0.0,random,500,0.5,group,2026,11,500
full,40,0.0,random,500,0.5,group,2026,12,500
full,40,0.0,random,500,0.5,group,2026,13,500
full,40,0.0,random,500,0.5,group,2026,14,500
full,40,0.0,random,500,0.5,group,2026,15,500
full,40,0.0,random,500,0.5,group,2026,16,500
full,40,0.0,random,500,0.5,group,2026,17,500
full,40,0.0,random,500,0.5,group,2026,18,500
full,40,0.0,random,500,0.5,group,2026,19,500
full,40,0.0,random,500,0.5,group,2026,20,500
full,40,0.0,random,500,0.5,group,2026,21,500
full,40,0.0,random,500,0.5,group,2026,22,500
full,40,0.0,random,500,0.5,group,2026,23,500
full,40,0.0,random,500,0.5,group,2026,24,500
full,40,0.0,random,500,0.5,group,2026,25,500
full,40,0.0,random,500,0.5,group,2026,26,500
full,40,0.0,random,500,0.5,group,2026,27,500
full,40,0.0,random,500,0.5,group,2026,28,500
full,40,0.0,random,500,0.5,group,2026,29,500
full,40,0.0,random,500,0.5,group,2026,30,500
full,40,0.0,random,500,0.5,group,2026,31,500
full,40,0.0,random,500,0.5,group,2026,32,500
full,40,0.0,random,500,0.5,group,2026,33,500
full,40,0.0,random,500,0.5,group,2026,34,500
full,40,0.0,random,500,0.5,group,2026,35,500
full,40,0.0,random,500,0.5,group,2026,36,500
full,40,0.0,random,500,0.5,group,2026,37,500
full,40,0.0,random,500,0.5,group,2026,38,500
full,40,0.0,random,500,0.5,group,2026,39,500
full,40,0.5,adaptive,500,0.5,group,2026,0,500
full,40,0.5,adaptive,500,0.5,group,2026,1,500
full,40,0.5,adaptive,500,0.5,group,2026,2,500
full,40,0.5,adaptive,500,0.5,group,2026,3,500
full,40,0.5,adaptive,500,0.5,group,2026,4,500
full,40,0.5,adaptive,500,0.5,group,2026,5,500
full,40,0.5,adaptive,500,0.5,group,2026,6,500
full,40,0.5,adaptive,500,0.5,group,2026,7,500
full,40,0.5,adaptive,500,0.5,group,2026,8,500
full,40,0.5,adaptive,500,0.5,group,2026,9,500
full,40,0.5,adaptive,500,0.5,group,2026,10,500
full,40,0.5,adaptive,500,0.5,group,2026,11,500
full,40,0.5,adaptive,500,0.5,group,2026,12,500
full,40,0.5,adaptive,500,0.5,group,2026,13,500
full,40,0.5,adaptive,500,0.5,group,2026,14,500
full,40,0.5,adaptive,500,0.5,group,2026,15,500
full,40,0.5,adaptive,500,0.5,group,2026,16,500
full,40,0.5,adaptive,500,0.5,group,2026,17,500
full,40,0.5,adaptive,500,0.5,group,2026,18,500
full,40,0.5,adaptive,500,0.5,group,2026,19,500
full,40,0.5,adaptive,500,0.5,group,2026,20,500
full,40,0.5,adaptive,500,0.5,group,2026,21,500
full,40,0.5,adaptive,500,0.5,group,2026,22,500
full,40,0.5,adaptive,500,0.5,group,2026,23,500
full,40,0.5,adaptive,500,0.5,group,2026,24,500
full,40,0.5,adaptive,500,0.5,group,2026,25,500
full,40,0.5,adaptive,500,0.5,group,2026,26,500
full,40,0.5,adaptive,500,0.5,group,2026,27,500
full,40,0.5,adaptive,500,0.5,group,2026,28,500
full,40,0.5,adaptive,500,0.5,group,2026,29,500
full,40,0.5,adaptive,500,0.5,group,2026,30,500
full,40,0.5,adaptive,500,0.5,group,2026,31,500
full,40,0.5,adaptive,500,0.5,group,2026,32,500
full,40,0.5,adaptive,500,0.5,group,2026,33,500
full,40,0.5,adaptive,500,0.5,group,2026,34,500
full,40,0.5,adaptive,500,0.5,group,2026,35,500
full,40,0.5,adaptive,500,0.5,group,2026,36,500
full,40,0.5,adaptive,500,0.5,group,2026,37,500
full,40,0.5,adaptive,500,0.5,group,2026,38,500
full,40,0.5,adaptive,500,0.5,group,2026,39,500
full,40,0.5,random,500,0.5,group,2026,0,500
full,40,0.5,random,500,0.5,group,2026,1,500
full,40,0.5,random,500,0.5,group,2026,2,500
full,40,0.5,random,500,0.5,group,2026,3,500
full,40,0.5,random,500,0.5,group,2026,4,500
full,40,0.5,random,500,0.5,group,2026,5,500
full,40,0.5,random,500,0.5,group,2026,6,500
full,40,0.5,random,500,0.5,group,2026,7,500
full,40,0.5,random,500,0.5,group,2026,8,500
full,40,0.5,random,500,0.5,group,2026,9,500
full,40,0.5,random,500,0.5,group,2026,10,500
full,40,0.5,random,500,0.5,group,2026,11,500
full,40,0.5,random,500,0.5,group,2026,12,500
full,40,0.5,random,500,0.5,group,2026,13,500
full,40,0.5,random,500,0.5,group,2026,14,500
full,40,0.5,random,500,0.5,group,2026,15,500
full,40,0.5,random,500,0.5,group,2026,16,500
full,40,0.5,random,500,0.5,group,2026,17,500
full,40,0.5,random,500,0.5,group,2026,18,500
full,40,0.5,random,500,0.5,group,2026,19,500
full,40,0.5,random,500,0.5,group,2026,20,500
full,40,0.5,random,500,0.5,group,2026,21,500
full,40,0.5,random,500,0.5,group,2026,22,500
full,40,0.5,random,500,0.5,group,2026,23,500
full,40,0.5,random,500,0.5,group,2026,24,500
full,40,0.5,random,500,0.5,group,2026,25,500
full,40,0.5,random,500,0.5,group,2026,26,500
full,40,0.5,random,500,0.5,group,2026,27,500
full,40,0.5,random,500,0.5,group,2026,28,500
full,40,0.5,random,500,0.5,group,2026,29,500
full,40,0.5,random,500,0.5,group,2026,30,500
full,40,0.5,random,500,0.5,group,2026,31,500
full,40,0.5,random,500,0.5,group,2026,32,500
full,40,0.5,random,500,0.5,group,2026,33,500
full,40,0.5,random,500,0.5,group,2026,34,500
full,40,0.5,random,500,0.5,group,2026,35,500
full,40,0.5,random,500,0.5,group,2026,36,500
full,40,0.5,random,500,0.5,group,2026,37,500
full,40,0.5,random,500,0.5,group,2026,38,500
full,40,0.5,random,500,0.5,group,2026,39,500
full,20,-1.0,adaptive,500,0.5,group,2026,0,500
full,20,-1.0,adaptive,500,0.5,group,2026,1,500
full,20,-1.0,adaptive,500,0.5,group,2026,2,500
full,20,-1.0,adaptive,500,0.5,group,2026,3,500
full,20,-1.0,adaptive,500,0.5,group,2026,4,500
full,20,-1.0,adaptive,500,0.5,group,2026,5,500
full,20,-1.0,adaptive,500,0.5,group,2026,6,500
full,20,-1.0,adaptive,500,0.5,group,2026,7,500
full,20,-1.0,adaptive,500,0.5,group,2026,8,500
full,20,-1.0,adaptive,500,0.5,group,2026,9,500
full,20,-1.0,adaptive,500,0.5,group,2026,10,500
full,20,-1.0,adaptive,500,0.5,group,2026,11,500
full,20,-1.0,adaptive,500,0.5,group,2026,12,500
full,20,-1.0,adaptive,500,0.5,group,2026,13,500
full,20,-1.0,adaptive,500,0.5,group,2026,14,500
full,20,-1.0,adaptive,500,0.5,group,2026,15,500
full,20,-1.0,adaptive,500,0.5,group,2026,16,500
full,20,-1.0,adaptive,500,0.5,group,2026,17,500
full,20,-1.0,adaptive,500,0.5,group,2026,18,500
full,20,-1.0,adaptive,500,0.5,group,2026,19,500
full,20,-1.0,random,500,0.5,group,2026,0,500
full,20,-1.0,random,500,0.5,group,2026,1,500
full,20,-1.0,random,500,0.5,group,2026,2,500
full,20,-1.0,random,500,0.5,group,2026,3,500
full,20,-1.0,random,500,0.5,group,2026,4,500
full,20,-1.0,random,500,0.5,group,2026,5,500
full,20,-1.0,random,500,0.5,group,2026,6,500
full,20,-1.0,random,500,0.5,group,2026,7,500
full,20,-1.0,random,500,0.5,group,2026,8,500
full,20,-1.0,random,500,0.5,group,2026,9,500
full,20,-1.0,random,500,0.5,group,2026,10,500
full,20,-1.0,random,500,0.5,group,2026,11,500
full,20,-1.0,random,500,0.5,group,2026,12,500
full,20,-1.0,random,500,0.5,group,2026,13,500
full,20,-1.0,random,500,0.5,group,2026,14,500
full,20,-1.0,random,500,0.5,group,2026,15,500
full,20,-1.0,random,500,0.5,group,2026,16,500
full,20,-1.0,random,500,0.5,group,2026,17,500
full,20,-1.0,random,500,0.5,group,2026,18,500
full,20,-1.0,random,500,0.5,group,2026,19,500
full,20,0.0,adaptive,500,0.5,group,2026,0,500
full,20,0.0,adaptive,500,0.5,group,2026,1,500
full,20,0.0,adaptive,500,0.5,group,2026,2,500
full,20,0.0,adaptive,500,0.5,group,2026,3,500
full,20,0.0,adaptive,500,0.5,group,2026,4,500
full,20,0.0,adaptive,500,0.5,group,2026,5,500
full,20,0.0,adaptive,500,0.5,group,2026,6,500
full,20,0.0,adaptive,500,0.5,group,2026,7,500
full,20,0.0,adaptive,500,0.5,group,2026,8,500
full,20,0.0,adaptive,500,0.5,group,2026,9,500
full,20,0.0,adaptive,500,0.5,group,2026,10,500
full,20,0.0,adaptive,500,0.5,group,2026,11,500
full,20,0.0,adaptive,500,0.5,group,2026,12,500
full,20,0.0,adaptive,500,0.5,group,2026,13,500
full,20,0.0,adaptive,500,0.5,group,2026,14,500
full,20,0.0,adaptive,500,0.5,group,2026,15,500
full,20,0.0,adaptive,500,0.5,group,2026,16,500
full,20,0.0,adaptive,500,0.5,group,2026,17,500
full,20,0.0,adaptive,500,0.5,group,2026,18,500
full,20,0.0,adaptive,500,0.5,group,2026,19,500
full,20,0.0,random,500,0.5,group,2026,0,500
full,20,0.0,random,500,0.5,group,2026,1,500
full,20,0.0,random,500,0.5,group,2026,2,500
full,20,0.0,random,500,0.5,group,2026,3,500
full,20,0.0,random,500,0.5,group,2026,4,500
full,20,0.0,random,500,0.5,group,2026,5,500
full,20,0.0,random,500,0.5,group,2026,6,500
full,20,0.0,random,500,0.5,group,2026,7,500
full,20,0.0,random,500,0.5,group,2026,8,500
full,20,0.0,random,500,0.5,group,2026,9,500
full,20,0.0,random,500,0.5,group,2026,10,500
full,20,0.0,random,500,0.5,group,2026,11,500
full,20,0.0,random,500,0.5,group,2026,12,500
full,20,0.0,random,500,0.5,group,2026,13,500
full,20,0.0,random,500,0.5,group,2026,14,500
full,20,0.0,random,500,0.5,group,2026,15,500
full,20,0.0,random,500,0.5,group,2026,16,500
full,20,0.0,random,500,0.5,group,2026,17,500
full,20,0.0,random,500,0.5,group,2026,18,500
full,20,0.0,random,500,0.5,group,2026,19,500
full,20,0.5,adaptive,500,0.5,group,2026,0,500
full,20,0.5,adaptive,500,0.5,group,2026,1,500
full,20,0.5,adaptive,500,0.5,group,2026,2,500
full,20,0.5,adaptive,500,0.5,group,2026,3,500
full,20,0.5,adaptive,500,0.5,group,2026,4,500
full,20,0.5,adaptive,500,0.5,group,2026,5,500
full,20,0.5,adaptive,500,0.5,group,2026,6,500
full,20,0.5,adaptive,500,0.5,group,2026,7,500
full,20,0.5,adaptive,500,0.5,group,2026,8,500
full,20,0.5,adaptive,500,0.5,group,2026,9,500
full,20,0.5,adaptive,500,0.5,group,2026,10,500
full,20,0.5,adaptive,500,0.5,group,2026,11,500
full,20,0.5,adaptive,500,0.5,group,2026,12,500
full,20,0.5,adaptive,500,0.5,group,2026,13,500
full,20,0.5,adaptive,500,0.5,group,2026,14,500
full,20,0.5,adaptive,500,0.5,group,2026,15,500
full,20,0.5,adaptive,500,0.5,group,2026,16,500
full,20,0.5,adaptive,500,0.5,group,2026,17,500
full,20,0.5,adaptive,500,0.5,group,2026,18,500
full,20,0.5,adaptive,500,0.5,group,2026,19,500
full,20,0.5,random,500,0.5,group,2026,0,500
full,20,0.5,random,500,0.5,group,2026,1,500
full,20,0.5,random,500,0.5,group,2026,2,500
full,20,0.5,random,500,0.5,group,2026,3,500
full,20,0.5,random,500,0.5,group,2026,4,500
full,20,0.5,random,500,0.5,group,2026,5,500
full,20,0.5,random,500,0.5,group,2026,6,500
full,20,0.5,random,500,0.5,group,2026,7,500
full,20,0.5,random,500,0.5,group,2026,8,500
full,20,0.5,random,500,0.5,group,2026,9,500
full,20,0.5,random,500,0.5,group,2026,10,500
full,20,0.5,random,500,0.5,group,2026,11,500
full,20,0.5,random,500,0.5,group,2026,12,500
full,20,0.5,random,500,0.5,group,2026,13,500
full,20,0.5,random,500,0.5,group,2026,14,500
full,20,0.5,random,500,0.5,group,2026,15,500
full,20,0.5,random,500,0.5,group,2026,16,500
full,20,0.5,random,500,0.5,group,2026,17,500
full,20,0.5,random,500,0.5,group,2026,18,500
full,20,0.5,random,500,0.5,group,2026,19,500
filtered,102,-1.0,adaptive,500,0.5,group,2026,0,267
filtered,102,-1.0,adaptive,500,0.5,group,2026,1,275
filtered,102,-1.0,adaptive,500,0.5,group,2026,2,130
filtered,102,-1.0,adaptive,500,0.5,group,2026,3,133
filtered,102,-1.0,adaptive,500,0.5,group,2026,4,231
filtered,102,-1.0,adaptive,500,0.5,group,2026,5,324
filtered,102,-1.0,adaptive,500,0.5,group,2026,6,265
filtered,102,-1.0,adaptive,500,0.5,group,2026,7,266
filtered,102,-1.0,adaptive,500,0.5,group,2026,8,284
filtered,102,-1.0,adaptive,500,0.5,group,2026,9,258
filtered,102,-1.0,adaptive,500,0.5,group,2026,10,128
filtered,102,-1.0,adaptive,500,0.5,group,2026,11,265
filtered,102,-1.0,adaptive,500,0.5,group,2026,12,232
filtered,102,-1.0,adaptive,500,0.5,group,2026,13,312
filtered,102,-1.0,adaptive,500,0.5,group,2026,14,249
filtered,102,-1.0,adaptive,500,0.5,group,2026,15,301
filtered,102,-1.0,adaptive,500,0.5,group,2026,16,122
filtered,102,-1.0,adaptive,500,0.5,group,2026,17,59
filtered,102,-1.0,adaptive,500,0.5,group,2026,18,247
filtered,102,-1.0,adaptive,500,0.5,group,2026,19,273
filtered,102,-1.0,adaptive,500,0.5,group,2026,20,295
filtered,102,-1.0,adaptive,500,0.5,group,2026,21,253
filtered,102,-1.0,adaptive,500,0.5,group,2026,22,253
filtered,102,-1.0,adaptive,500,0.5,group,2026,23,298
filtered,102,-1.0,adaptive,500,0.5,group,2026,24,244
filtered,102,-1.0,adaptive,500,0.5,group,2026,25,247
filtered,102,-1.0,adaptive,500,0.5,group,2026,26,108
filtered,102,-1.0,adaptive,500,0.5,group,2026,27,245
filtered,102,-1.0,adaptive,500,0.5,group,2026,28,239
filtered,102,-1.0,adaptive,500,0.5,group,2026,29,52
filtered,102,-1.0,adaptive,500,0.5,group,2026,30,234
filtered,102,-1.0,adaptive,500,0.5,group,2026,31,234
filtered,102,-1.0,adaptive,500,0.5,group,2026,32,264
filtered,102,-1.0,adaptive,500,0.5,group,2026,33,246
filtered,102,-1.0,adaptive,500,0.5,group,2026,34,290
filtered,102,-1.0,adaptive,500,0.5,group,2026,35,240
filtered,102,-1.0,adaptive,500,0.5,group,2026,36,211
filtered,102,-1.0,adaptive,500,0.5,group,2026,37,219
filtered,102,-1.0,adaptive,500,0.5,group,2026,38,231
filtered,102,-1.0,adaptive,500,0.5,group,2026,39,55
filtered,102,-1.0,adaptive,500,0.5,group,2026,40,228
filtered,102,-1.0,adaptive,500,0.5,group,2026,41,281
filtered,102,-1.0,adaptive,500,0.5,group,2026,42,292
filtered,102,-1.0,adaptive,500,0.5,group,2026,43,231
filtered,102,-1.0,adaptive,500,0.5,group,2026,44,203
filtered,102,-1.0,adaptive,500,0.5,group,2026,45,122
filtered,102,-1.0,adaptive,500,0.5,group,2026,46,30
filtered,102,-1.0,adaptive,500,0.5,group,2026,47,56
filtered,102,-1.0,adaptive,500,0.5,group,2026,48,216
filtered,102,-1.0,adaptive,500,0.5,group,2026,49,204
filtered,102,-1.0,adaptive,500,0.5,group,2026,50,282
filtered,102,-1.0,adaptive,500,0.5,group,2026,51,225
filtered,102,-1.0,adaptive,500,0.5,group,2026,52,232
filtered,102,-1.0,adaptive,500,0.5,group,2026,53,211
filtered,102,-1.0,adaptive,500,0.5,group,2026,54,216
filtered,102,-1.0,adaptive,500,0.5,group,2026,55,214
filtered,102,-1.0,adaptive,500,0.5,group,2026,56,32
filtered,102,-1.0,adaptive,500,0.5,group,2026,57,119
filtered,102,-1.0,adaptive,500,0.5,group,2026,58,111
filtered,102,-1.0,adaptive,500,0.5,group,2026,59,32
filtered,102,-1.0,adaptive,500,0.5,group,2026,60,217
filtered,102,-1.0,adaptive,500,0.5,group,2026,61,219
filtered,102,-1.0,adaptive,500,0.5,group,2026,62,218
filtered,102,-1.0,adaptive,500,0.5,group,2026,63,105
filtered,102,-1.0,adaptive,500,0.5,group,2026,64,57
filtered,102,-1.0,adaptive,500,0.5,group,2026,65,277
filtered,102,-1.0,adaptive,500,0.5,group,2026,66,105
filtered,102,-1.0,adaptive,500,0.5,group,2026,67,92
filtered,102,-1.0,adaptive,500,0.5,group,2026,68,195
filtered,102,-1.0,adaptive,500,0.5,group,2026,69,43
filtered,102,-1.0,adaptive,500,0.5,group,2026,70,50
filtered,102,-1.0,adaptive,500,0.5,group,2026,71,99
filtered,102,-1.0,adaptive,500,0.5,group,2026,72,287
filtered,102,-1.0,adaptive,500,0.5,group,2026,73,198
filtered,102,-1.0,adaptive,500,0.5,group,2026,74,288
filtered,102,-1.0,adaptive,500,0.5,group,2026,75,199
filtered,102,-1.0,adaptive,500,0.5,group,2026,76,195
filtered,102,-1.0,adaptive,500,0.5,group,2026,77,103
filtered,102,-1.0,adaptive,500,0.5,group,2026,78,103
filtered,102,-1.0,adaptive,500,0.5,group,2026,79,90
filtered,102,-1.0,adaptive,500,0.5,group,2026,80,284
filtered,102,-1.0,adaptive,500,0.5,group,2026,81,277
filtered,102,-1.0,adaptive,500,0.5,group,2026,82,99
filtered,102,-1.0,adaptive,500,0.5,group,2026,83,192
filtered,102,-1.0,adaptive,500,0.5,group,2026,84,205
filtered,102,-1.0,adaptive,500,0.5,group,2026,85,281
filtered,102,-1.0,adaptive,500,0.5,group,2026,86,282
filtered,102,-1.0,adaptive,500,0.5,group,2026,87,92
filtered,102,-1.0,adaptive,500,0.5,group,2026,88,264
filtered,102,-1.0,adaptive,500,0.5,group,2026,89,254
filtered,102,-1.0,adaptive,500,0.5,group,2026,90,57
filtered,102,-1.0,adaptive,500,0.5,group,2026,91,231
filtered,102,-1.0,adaptive,500,0.5,group,2026,92,268
filtered,102,-1.0,adaptive,500,0.5,group,2026,93,96
filtered,102,-1.0,adaptive,500,0.5,group,2026,94,88
filtered,102,-1.0,adaptive,500,0.5,group,2026,95,261
filtered,102,-1.0,adaptive,500,0.5,group,2026,96,52
filtered,102,-1.0,adaptive,500,0.5,group,2026,97,261
filtered,102,-1.0,adaptive,500,0.5,group,2026,98,182
filtered,102,-1.0,adaptive,500,0.5,group,2026,99,51
filtered,102,-1.0,adaptive,500,0.5,group,2026,100,35
filtered,102,-1.0,adaptive,500,0.5,group,2026,101,54
filtered,102,-1.0,random,500,0.5,group,2026,0,259
filtered,102,-1.0,random,500,0.5,group,2026,1,269
filtered,102,-1.0,random,500,0.5,group,2026,2,276
filtered,102,-1.0,random,500,0.5,group,2026,3,288
filtered,102,-1.0,random,500,0.5,group,2026,4,276
filtered,102,-1.0,random,500,0.5,group,2026,5,249
filtered,102,-1.0,random,500,0.5,group,2026,6,285
filtered,102,-1.0,random,500,0.5,group,2026,7,274
filtered,102,-1.0,random,500,0.5,group,2026,8,269
filtered,102,-1.0,random,500,0.5,group,2026,9,266
filtered,102,-1.0,random,500,0.5,group,2026,10,276
filtered,102,-1.0,random,500,0.5,group,2026,11,268
filtered,102,-1.0,random,500,0.5,group,2026,12,268
filtered,102,-1.0,random,500,0.5,group,2026,13,276
filtered,102,-1.0,random,500,0.5,group,2026,14,264
filtered,102,-1.0,random,500,0.5,group,2026,15,290
filtered,102,-1.0,random,500,0.5,group,2026,16,266
filtered,102,-1.0,random,500,0.5,group,2026,17,275
filtered,102,-1.0,random,500,0.5,group,2026,18,286
filtered,102,-1.0,random,500,0.5,group,2026,19,273
filtered,102,-1.0,random,500,0.5,group,2026,20,267
filtered,102,-1.0,random,500,0.5,group,2026,21,243
filtered,102,-1.0,random,500,0.5,group,2026,22,266
filtered,102,-1.0,random,500,0.5,group,2026,23,255
filtered,102,-1.0,random,500,0.5,group,2026,24,275
filtered,102,-1.0,random,500,0.5,group,2026,25,265
filtered,102,-1.0,random,500,0.5,group,2026,26,275
filtered,102,-1.0,random,500,0.5,group,2026,27,266
filtered,102,-1.0,random,500,0.5,group,2026,28,260
filtered,102,-1.0,random,500,0.5,group,2026,29,254
filtered,102,-1.0,random,500,0.5,group,2026,30,280
filtered,102,-1.0,random,500,0.5,group,2026,31,251
filtered,102,-1.0,random,500,0.5,group,2026,32,282
filtered,102,-1.0,random,500,0.5,group,2026,33,269
filtered,102,-1.0,random,500,0.5,group,2026,34,278
filtered,102,-1.0,random,500,0.5,group,2026,35,267
filtered,102,-1.0,random,500,0.5,group,2026,36,264
filtered,102,-1.0,random,500,0.5,group,2026,37,277
filtered,102,-1.0,random,500,0.5,group,2026,38,279
filtered,102,-1.0,random,500,0.5,group,2026,39,273
filtered,102,-1.0,random,500,0.5,group,2026,40,251
filtered,102,-1.0,random,500,0.5,group,2026,41,264
filtered,102,-1.0,random,500,0.5,group,2026,42,263
filtered,102,-1.0,random,500,0.5,group,2026,43,283
filtered,102,-1.0,random,500,0.5,group,2026,44,261
filtered,102,-1.0,random,500,0.5,group,2026,45,257
filtered,102,-1.0,random,500,0.5,group,2026,46,265
filtered,102,-1.0,random,500,0.5,group,2026,47,263
filtered,102,-1.0,random,500,0.5,group,2026,48,257
filtered,102,-1.0,random,500,0.5,group,2026,49,281
filtered,102,-1.0,random,500,0.5,group,2026,50,258
filtered,102,-1.0,random,500,0.5,group,2026,51,260
filtered,102,-1.0,random,500,0.5,group,2026,52,258
filtered,102,-1.0,random,500,0.5,group,2026,53,269
filtered,102,-1.0,random,500,0.5,group,2026,54,280
filtered,102,-1.0,random,500,0.5,group,2026,55,270
filtered,102,-1.0,random,500,0.5,group,2026,56,276
filtered,102,-1.0,random,500,0.5,group,2026,57,265
filtered,102,-1.0,random,500,0.5,group,2026,58,256
filtered,102,-1.0,random,500,0.5,group,2026,59,275
filtered,102,-1.0,random,500,0.5,group,2026,60,263
filtered,102,-1.0,random,500,0.5,group,2026,61,280
filtered,102,-1.0,random,500,0.5,group,2026,62,273
filtered,102,-1.0,random,500,0.5,group,2026,63,280
filtered,102,-1.0,random,500,0.5,group,2026,64,250
filtered,102,-1.0,random,500,0.5,group,2026,65,287
filtered,102,-1.0,random,500,0.5,group,2026,66,264
filtered,102,-1.0,random,500,0.5,group,2026,67,251
filtered,102,-1.0,random,500,0.5,group,2026,68,270
filtered,102,-1.0,random,500,0.5,group,2026,69,267
filtered,102,-1.0,random,500,0.5,group,2026,70,284
filtered,102,-1.0,random,500,0.5,group,2026,71,285
filtered,102,-1.0,random,500,0.5,group,2026,72,280
filtered,102,-1.0,random,500,0.5,group,2026,73,274
filtered,102,-1.0,random,500,0.5,group,2026,74,284
filtered,102,-1.0,random,500,0.5,group,2026,75,289
filtered,102,-1.0,random,500,0.5,group,2026,76,276
filtered,102,-1.0,random,500,0.5,group,2026,77,257
filtered,102,-1.0,random,500,0.5,group,2026,78,277
filtered,102,-1.0,random,500,0.5,group,2026,79,280
filtered,102,-1.0,random,500,0.5,group,2026,80,253
filtered,102,-1.0,random,500,0.5,group,2026,81,285
filtered,102,-1.0,random,500,0.5,group,2026,82,260
filtered,102,-1.0,random,500,0.5,group,2026,83,268
filtered,102,-1.0,random,500,0.5,group,2026,84,280
filtered,102,-1.0,random,500,0.5,group,2026,85,266
filtered,102,-1.0,random,500,0.5,group,2026,86,267
filtered,102,-1.0,random,500,0.5,group,2026,87,257
filtered,102,-1.0,random,500,0.5,group,2026,88,274
filtered,102,-1.0,random,500,0.5,group,2026,89,270
filtered,102,-1.0,random,500,0.5,group,2026,90,256
filtered,102,-1.0,random,500,0.5,group,2026,91,254
filtered,102,-1.0,random,500,0.5,group,2026,92,253
filtered,102,-1.0,random,500,0.5,group,2026,93,289
filtered,102,-1.0,random,500,0.5,group,2026,94,261
filtered,102,-1.0,random,500,0.5,group,2026,95,267
filtered,102,-1.0,random,500,0.5,group,2026,96,280
filtered,102,-1.0,random,500,0.5,group,2026,97,267
filtered,102,-1.0,random,500,0.5,group,2026,98,268
filtered,102,-1.0,random,500,0.5,group,2026,99,263
filtered,102,-1.0,random,500,0.5,group,2026,100,265
filtered,102,-1.0,random,500,0.5,group,2026,101,280
filtered,102,0.0,adaptive,500,0.5,group,2026,0,160
filtered,102,0.0,adaptive,500,0.5,group,2026,1,147
filtered,102,0.0,adaptive,500,0.5,group,2026,2,306
filtered,102,0.0,adaptive,500,0.5,group,2026,3,306
filtered,102,0.0,adaptive,500,0.5,group,2026,4,306
filtered,102,0.0,adaptive,500,0.5,group,2026,5,304
filtered,102,0.0,adaptive,500,0.5,group,2026,6,144
filtered,102,0.0,adaptive,500,0.5,group,2026,7,170
filtered,102,0.0,adaptive,500,0.5,group,2026,8,314
filtered,102,0.0,adaptive,500,0.5,group,2026,9,148
filtered,102,0.0,adaptive,500,0.5,group,2026,10,283
filtered,102,0.0,adaptive,500,0.5,group,2026,11,129
filtered,102,0.0,adaptive,500,0.5,group,2026,12,313
filtered,102,0.0,adaptive,500,0.5,group,2026,13,304
filtered,102,0.0,adaptive,500,0.5,group,2026,14,141
filtered,102,0.0,adaptive,500,0.5,group,2026,15,300
filtered,102,0.0,adaptive,500,0.5,group,2026,16,291
filtered,102,0.0,adaptive,500,0.5,group,2026,17,303
filtered,102,0.0,adaptive,500,0.5,group,2026,18,118
filtered,102,0.0,adaptive,500,0.5,group,2026,19,136
filtered,102,0.0,adaptive,500,0.5,group,2026,20,283
filtered,102,0.0,adaptive,500,0.5,group,2026,21,117
filtered,102,0.0,adaptive,500,0.5,group,2026,22,114
filtered,102,0.0,adaptive,500,0.5,group,2026,23,298
filtered,102,0.0,adaptive,500,0.5,group,2026,24,117
filtered,102,0.0,adaptive,500,0.5,group,2026,25,95
filtered,102,0.0,adaptive,500,0.5,group,2026,26,319
filtered,102,0.0,adaptive,500,0.5,group,2026,27,90
filtered,102,0.0,adaptive,500,0.5,group,2026,28,312
filtered,102,0.0,adaptive,500,0.5,group,2026,29,287
filtered,102,0.0,adaptive,500,0.5,group,2026,30,100
filtered,102,0.0,adaptive,500,0.5,group,2026,31,109
filtered,102,0.0,adaptive,500,0.5,group,2026,32,312
filtered,102,0.0,adaptive,500,0.5,group,2026,33,89
filtered,102,0.0,adaptive,500,0.5,group,2026,34,311
filtered,102,0.0,adaptive,500,0.5,group,2026,35,111
filtered,102,0.0,adaptive,500,0.5,group,2026,36,95
filtered,102,0.0,adaptive,500,0.5,group,2026,37,74
filtered,102,0.0,adaptive,500,0.5,group,2026,38,80
filtered,102,0.0,adaptive,500,0.5,group,2026,39,274
filtered,102,0.0,adaptive,500,0.5,group,2026,40,86
filtered,102,0.0,adaptive,500,0.5,group,2026,41,310
filtered,102,0.0,adaptive,500,0.5,group,2026,42,286
filtered,102,0.0,adaptive,500,0.5,group,2026,43,84
filtered,102,0.0,adaptive,500,0.5,group,2026,44,72
filtered,102,0.0,adaptive,500,0.5,group,2026,45,305
filtered,102,0.0,adaptive,500,0.5,group,2026,46,234
filtered,102,0.0,adaptive,500,0.5,group,2026,47,285
filtered,102,0.0,adaptive,500,0.5,group,2026,48,80
filtered,102,0.0,adaptive,500,0.5,group,2026,49,66
filtered,102,0.0,adaptive,500,0.5,group,2026,50,303
filtered,102,0.0,adaptive,500,0.5,group,2026,51,289
filtered,102,0.0,adaptive,500,0.5,group,2026,52,70
filtered,102,0.0,adaptive,500,0.5,group,2026,53,68
filtered,102,0.0,adaptive,500,0.5,group,2026,54,69
filtered,102,0.0,adaptive,500,0.5,group,2026,55,319
filtered,102,0.0,adaptive,500,0.5,group,2026,56,276
filtered,102,0.0,adaptive,500,0.5,group,2026,57,300
filtered,102,0.0,adaptive,500,0.5,group,2026,58,299
filtered,102,0.0,adaptive,500,0.5,group,2026,59,268
filtered,102,0.0,adaptive,500,0.5,group,2026,60,71
filtered,102,0.0,adaptive,500,0.5,group,2026,61,66
filtered,102,0.0,adaptive,500,0.5,group,2026,62,69
filtered,102,0.0,adaptive,500,0.5,group,2026,63,299
filtered,102,0.0,adaptive,500,0.5,group,2026,64,273
filtered,102,0.0,adaptive,500,0.5,group,2026,65,279
filtered,102,0.0,adaptive,500,0.5,group,2026,66,302
filtered,102,0.0,adaptive,500,0.5,group,2026,67,306
filtered,102,0.0,adaptive,500,0.5,group,2026,68,61
filtered,102,0.0,adaptive,500,0.5,group,2026,69,280
filtered,102,0.0,adaptive,500,0.5,group,2026,70,300
filtered,102,0.0,adaptive,500,0.5,group,2026,71,309
filtered,102,0.0,adaptive,500,0.5,group,2026,72,295
filtered,102,0.0,adaptive,500,0.5,group,2026,73,50
filtered,102,0.0,adaptive,500,0.5,group,2026,74,278
filtered,102,0.0,adaptive,500,0.5,group,2026,75,59
filtered,102,0.0,adaptive,500,0.5,group,2026,76,54
filtered,102,0.0,adaptive,500,0.5,group,2026,77,289
filtered,102,0.0,adaptive,500,0.5,group,2026,78,295
filtered,102,0.0,adaptive,500,0.5,group,2026,79,293
filtered,102,0.0,adaptive,500,0.5,group,2026,80,272
filtered,102,0.0,adaptive,500,0.5,group,2026,81,289
filtered,102,0.0,adaptive,500,0.5,group,2026,82,283
filtered,102,0.0,adaptive,500,0.5,group,2026,83,37
filtered,102,0.0,adaptive,500,0.5,group,2026,84,56
filtered,102,0.0,adaptive,500,0.5,group,2026,85,313
filtered,102,0.0,adaptive,500,0.5,group,2026,86,303
filtered,102,0.0,adaptive,500,0.5,group,2026,87,275
filtered,102,0.0,adaptive,500,0.5,group,2026,88,290
filtered,102,0.0,adaptive,500,0.5,group,2026,89,310
filtered,102,0.0,adaptive,500,0.5,group,2026,90,275
filtered,102,0.0,adaptive,500,0.5,group,2026,91,303
filtered,102,0.0,adaptive,500,0.5,group,2026,92,265
filtered,102,0.0,adaptive,500,0.5,group,2026,93,287
filtered,102,0.0,adaptive,500,0.5,group,2026,94,292
filtered,102,0.0,adaptive,500,0.5,group,2026,95,262
filtered,102,0.0,adaptive,500,0.5,group,2026,96,278
filtered,102,0.0,adaptive,500,0.5,group,2026,97,287
filtered,102,0.0,adaptive,500,0.5,group,2026,98,53
filtered,102,0.0,adaptive,500,0.5,group,2026,99,275
filtered,102,0.0,adaptive,500,0.5,group,2026,100,248
filtered,102,0.0,adaptive,500,0.5,group,2026,101,288
filtered,102,0.0,random,500,0.5,group,2026,0,288
filtered,102,0.0,random,500,0.5,group,2026,1,294
filtered,102,0.0,random,500,0.5,group,2026,2,281
filtered,102,0.0,random,500,0.5,group,2026,3,274
filtered,102,0.0,random,500,0.5,group,2026,4,296
filtered,102,0.0,random,500,0.5,group,2026,5,298
filtered,102,0.0,random,500,0.5,group,2026,6,311
filtered,102,0.0,random,500,0.5,group,2026,7,283
filtered,102,0.0,random,500,0.5,group,2026,8,301
filtered,102,0.0,random,500,0.5,group,2026,9,283
filtered,102,0.0,random,500,0.5,group,2026,10,287
filtered,102,0.0,random,500,0.5,group,2026,11,302
filtered,102,0.0,random,500,0.5,group,2026,12,276
filtered,102,0.0,random,500,0.5,group,2026,13,291
filtered,102,0.0,random,500,0.5,group,2026,14,287
filtered,102,0.0,random,500,0.5,group,2026,15,302
filtered,102,0.0,random,500,0.5,group,2026,16,298
filtered,102,0.0,random,500,0.5,group,2026,17,294
filtered,102,0.0,random,500,0.5,group,2026,18,299
filtered,102,0.0,random,500,0.5,group,2026,19,287
filtered,102,0.0,random,500,0.5,group,2026,20,261
filtered,102,0.0,random,500,0.5,group,2026,21,289
filtered,102,0.0,random,500,0.5,group,2026,22,286
filtered,102,0.0,random,500,0.5,group,2026,23,291
filtered,102,0.0,random,500,0.5,group,2026,24,295
filtered,102,0.0,random,500,0.5,group,2026,25,269
filtered,102,0.0,random,500,0.5,group,2026,26,292
filtered,102,0.0,random,500,0.5,group,2026,27,299
filtered,102,0.0,random,500,0.5,group,2026,28,293
filtered,102,0.0,random,500,0.5,group,2026,29,292
filtered,102,0.0,random,500,0.5,group,2026,30,271
filtered,102,0.0,random,500,0.5,group,2026,31,291
filtered,102,0.0,random,500,0.5,group,2026,32,293
filtered,102,0.0,random,500,0.5,group,2026,33,285
filtered,102,0.0,random,500,0.5,group,2026,34,292
filtered,102,0.0,random,500,0.5,group,2026,35,281
filtered,102,0.0,random,500,0.5,group,2026,36,283
filtered,102,0.0,random,500,0.5,group,2026,37,284
filtered,102,0.0,random,500,0.5,group,2026,38,287
filtered,102,0.0,random,500,0.5,group,2026,39,285
filtered,102,0.0,random,500,0.5,group,2026,40,297
filtered,102,0.0,random,500,0.5,group,2026,41,296
filtered,102,0.0,random,500,0.5,group,2026,42,311
filtered,102,0.0,random,500,0.5,group,2026,43,280
filtered,102,0.0,random,500,0.5,group,2026,44,302
filtered,102,0.0,random,500,0.5,group,2026,45,278
filtered,102,0.0,random,500,0.5,group,2026,46,294
filtered,102,0.0,random,500,0.5,group,2026,47,281
filtered,102,0.0,random,500,0.5,group,2026,48,296
filtered,102,0.0,random,500,0.5,group,2026,49,296
filtered,102,0.0,random,500,0.5,group,2026,50,310
filtered,102,0.0,random,500,0.5,group,2026,51,280
filtered,102,0.0,random,500,0.5,group,2026,52,276
filtered,102,0.0,random,500,0.5,group,2026,53,271
filtered,102,0.0,random,500,0.5,group,2026,54,276
filtered,102,0.0,random,500,0.5,group,2026,55,285
filtered,102,0.0,random,500,0.5,group,2026,56,303
filtered,102,0.0,random,500,0.5,group,2026,57,286
filtered,102,0.0,random,500,0.5,group,2026,58,308
filtered,102,0.0,random,500,0.5,group,2026,59,279
filtered,102,0.0,random,500,0.5,group,2026,60,293
filtered,102,0.0,random,500,0.5,group,2026,61,279
filtered,102,0.0,random,500,0.5,group,2026,62,274
filtered,102,0.0,random,500,0.5,group,2026,63,305
filtered,102,0.0,random,500,0.5,group,2026,64,289
filtered,102,0.0,random,500,0.5,group,2026,65,282
filtered,102,0.0,random,500,0.5,group,2026,66,260
filtered,102,0.0,random,500,0.5,group,2026,67,306
filtered,102,0.0,random,500,0.5,group,2026,68,303
filtered,102,0.0,random,500,0.5,group,2026,69,304
filtered,102,0.0,random,500,0.5,group,2026,70,299
filtered,102,0.0,random,500,0.5,group,2026,71,281
filtered,102,0.0,random,500,0.5,group,2026,72,284
filtered,102,0.0,random,500,0.5,group,2026,73,286
filtered,102,0.0,random,500,0.5,group,2026,74,294
filtered,102,0.0,random,500,0.5,group,2026,75,270
filtered,102,0.0,random,500,0.5,group,2026,76,290
filtered,102,0.0,random,500,0.5,group,2026,77,280
filtered,102,0.0,random,500,0.5,group,2026,78,287
filtered,102,0.0,random,500,0.5,group,2026,79,298
filtered,102,0.0,random,500,0.5,group,2026,80,289
filtered,102,0.0,random,500,0.5,group,2026,81,281
filtered,102,0.0,random,500,0.5,group,2026,82,299
filtered,102,0.0,random,500,0.5,group,2026,83,281
filtered,102,0.0,random,500,0.5,group,2026,84,294
filtered,102,0.0,random,500,0.5,group,2026,85,295
filtered,102,0.0,random,500,0.5,group,2026,86,284
filtered,102,0.0,random,500,0.5,group,2026,87,297
filtered,102,0.0,random,500,0.5,group,2026,88,293
filtered,102,0.0,random,500,0.5,group,2026,89,297
filtered,102,0.0,random,500,0.5,group,2026,90,297
filtered,102,0.0,random,500,0.5,group,2026,91,305
filtered,102,0.0,random,500,0.5,group,2026,92,280
filtered,102,0.0,random,500,0.5,group,2026,93,298
filtered,102,0.0,random,500,0.5,group,2026,94,314
filtered,102,0.0,random,500,0.5,group,2026,95,289
filtered,102,0.0,random,500,0.5,group,2026,96,294
filtered,102,0.0,random,500,0.5,group,2026,97,274
filtered,102,0.0,random,500,0.5,group,2026,98,288
filtered,102,0.0,random,500,0.5,group,2026,99,294
filtered,102,0.0,random,500,0.5,group,2026,100,289
filtered,102,0.0,random,500,0.5,group,2026,101,300
filtered,102,0.5,adaptive,500,0.5,group,2026,0,230
filtered,102,0.5,adaptive,500,0.5,group,2026,1,188
filtered,102,0.5,adaptive,500,0.5,group,2026,2,337
filtered,102,0.5,adaptive,500,0.5,group,2026,3,337
filtered,102,0.5,adaptive,500,0.5,group,2026,4,332
filtered,102,0.5,adaptive,500,0.5,group,2026,5,320
filtered,102,0.5,adaptive,500,0.5,group,2026,6,203
filtered,102,0.5,adaptive,500,0.5,group,2026,7,199
filtered,102,0.5,adaptive,500,0.5,group,2026,8,326
filtered,102,0.5,adaptive,500,0.5,group,2026,9,214
filtered,102,0.5,adaptive,500,0.5,group,2026,10,358
filtered,102,0.5,adaptive,500,0.5,group,2026,11,211
filtered,102,0.5,adaptive,500,0.5,group,2026,12,339
filtered,102,0.5,adaptive,500,0.5,group,2026,13,312
filtered,102,0.5,adaptive,500,0.5,group,2026,14,190
filtered,102,0.5,adaptive,500,0.5,group,2026,15,325
filtered,102,0.5,adaptive,500,0.5,group,2026,16,347
filtered,102,0.5,adaptive,500,0.5,group,2026,17,344
filtered,102,0.5,adaptive,500,0.5,group,2026,18,199
filtered,102,0.5,adaptive,500,0.5,group,2026,19,207
filtered,102,0.5,adaptive,500,0.5,group,2026,20,321
filtered,102,0.5,adaptive,500,0.5,group,2026,21,202
filtered,102,0.5,adaptive,500,0.5,group,2026,22,188
filtered,102,0.5,adaptive,500,0.5,group,2026,23,314
filtered,102,0.5,adaptive,500,0.5,group,2026,24,185
filtered,102,0.5,adaptive,500,0.5,group,2026,25,194
filtered,102,0.5,adaptive,500,0.5,group,2026,26,353
filtered,102,0.5,adaptive,500,0.5,group,2026,27,177
filtered,102,0.5,adaptive,500,0.5,group,2026,28,335
filtered,102,0.5,adaptive,500,0.5,group,2026,29,354
filtered,102,0.5,adaptive,500,0.5,group,2026,30,184
filtered,102,0.5,adaptive,500,0.5,group,2026,31,181
filtered,102,0.5,adaptive,500,0.5,group,2026,32,322
filtered,102,0.5,adaptive,500,0.5,group,2026,33,171
filtered,102,0.5,adaptive,500,0.5,group,2026,34,336
filtered,102,0.5,adaptive,500,0.5,group,2026,35,166
filtered,102,0.5,adaptive,500,0.5,group,2026,36,155
filtered,102,0.5,adaptive,500,0.5,group,2026,37,175
filtered,102,0.5,adaptive,500,0.5,group,2026,38,162
filtered,102,0.5,adaptive,500,0.5,group,2026,39,340
filtered,102,0.5,adaptive,500,0.5,group,2026,40,149
filtered,102,0.5,adaptive,500,0.5,group,2026,41,314
filtered,102,0.5,adaptive,500,0.5,group,2026,42,298
filtered,102,0.5,adaptive,500,0.5,group,2026,43,159
filtered,102,0.5,adaptive,500,0.5,group,2026,44,154
filtered,102,0.5,adaptive,500,0.5,group,2026,45,341
filtered,102,0.5,adaptive,500,0.5,group,2026,46,348
filtered,102,0.5,adaptive,500,0.5,group,2026,47,360
filtered,102,0.5,adaptive,500,0.5,group,2026,48,144
filtered,102,0.5,adaptive,500,0.5,group,2026,49,146
filtered,102,0.5,adaptive,500,0.5,group,2026,50,332
filtered,102,0.5,adaptive,500,0.5,group,2026,51,320
filtered,102,0.5,adaptive,500,0.5,group,2026,52,140
filtered,102,0.5,adaptive,500,0.5,group,2026,53,149
filtered,102,0.5,adaptive,500,0.5,group,2026,54,134
filtered,102,0.5,adaptive,500,0.5,group,2026,55,333
filtered,102,0.5,adaptive,500,0.5,group,2026,56,352
filtered,102,0.5,adaptive,500,0.5,group,2026,57,331
filtered,102,0.5,adaptive,500,0.5,group,2026,58,342
filtered,102,0.5,adaptive,500,0.5,group,2026,59,359
filtered,102,0.5,adaptive,500,0.5,group,2026,60,131
filtered,102,0.5,adaptive,500,0.5,group,2026,61,146
filtered,102,0.5,adaptive,500,0.5,group,2026,62,141
filtered,102,0.5,adaptive,500,0.5,group,2026,63,327
filtered,102,0.5,adaptive,500,0.5,group,2026,64,359
filtered,102,0.5,adaptive,500,0.5,group,2026,65,308
filtered,102,0.5,adaptive,500,0.5,group,2026,66,328
filtered,102,0.5,adaptive,500,0.5,group,2026,67,327
filtered,102,0.5,adaptive,500,0.5,group,2026,68,143
filtered,102,0.5,adaptive,500,0.5,group,2026,69,343
filtered,102,0.5,adaptive,500,0.5,group,2026,70,352
filtered,102,0.5,adaptive,500,0.5,group,2026,71,333
filtered,102,0.5,adaptive,500,0.5,group,2026,72,320
filtered,102,0.5,adaptive,500,0.5,group,2026,73,137
filtered,102,0.5,adaptive,500,0.5,group,2026,74,322
filtered,102,0.5,adaptive,500,0.5,group,2026,75,127
filtered,102,0.5,adaptive,500,0.5,group,2026,76,136
filtered,102,0.5,adaptive,500,0.5,group,2026,77,335
filtered,102,0.5,adaptive,500,0.5,group,2026,78,325
filtered,102,0.5,adaptive,500,0.5,group,2026,79,343
filtered,102,0.5,adaptive,500,0.5,group,2026,80,321
filtered,102,0.5,adaptive,500,0.5,group,2026,81,310
filtered,102,0.5,adaptive,500,0.5,group,2026,82,341
filtered,102,0.5,adaptive,500,0.5,group,2026,83,112
filtered,102,0.5,adaptive,500,0.5,group,2026,84,113
filtered,102,0.5,adaptive,500,0.5,group,2026,85,323
filtered,102,0.5,adaptive,500,0.5,group,2026,86,343
filtered,102,0.5,adaptive,500,0.5,group,2026,87,328
filtered,102,0.5,adaptive,500,0.5,group,2026,88,321
filtered,102,0.5,adaptive,500,0.5,group,2026,89,331
filtered,102,0.5,adaptive,500,0.5,group,2026,90,362
filtered,102,0.5,adaptive,500,0.5,group,2026,91,327
filtered,102,0.5,adaptive,500,0.5,group,2026,92,321
filtered,102,0.5,adaptive,500,0.5,group,2026,93,324
filtered,102,0.5,adaptive,500,0.5,group,2026,94,337
filtered,102,0.5,adaptive,500,0.5,group,2026,95,317
filtered,102,0.5,adaptive,500,0.5,group,2026,96,340
filtered,102,0.5,adaptive,500,0.5,group,2026,97,323
filtered,102,0.5,adaptive,500,0.5,group,2026,98,112
filtered,102,0.5,adaptive,500,0.5,group,2026,99,338
filtered,102,0.5,adaptive,500,0.5,group,2026,100,343
filtered,102,0.5,adaptive,500,0.5,group,2026,101,349
filtered,102,0.5,random,500,0.5,group,2026,0,345
filtered,102,0.5,random,500,0.5,group,2026,1,357
filtered,102,0.5,random,500,0.5,group,2026,2,354
filtered,102,0.5,random,500,0.5,group,2026,3,365
filtered,102,0.5,random,500,0.5,group,2026,4,339
filtered,102,0.5,random,500,0.5,group,2026,5,333
filtered,102,0.5,random,500,0.5,group,2026,6,337
filtered,102,0.5,random,500,0.5,group,2026,7,362
filtered,102,0.5,random,500,0.5,group,2026,8,357
filtered,102,0.5,random,500,0.5,group,2026,9,340
filtered,102,0.5,random,500,0.5,group,2026,10,349
filtered,102,0.5,random,500,0.5,group,2026,11,360
filtered,102,0.5,random,500,0.5,group,2026,12,347
filtered,102,0.5,random,500,0.5,group,2026,13,349
filtered,102,0.5,random,500,0.5,group,2026,14,336
filtered,102,0.5,random,500,0.5,group,2026,15,350
filtered,102,0.5,random,500,0.5,group,2026,16,344
filtered,102,0.5,random,500,0.5,group,2026,17,333
filtered,102,0.5,random,500,0.5,group,2026,18,332
filtered,102,0.5,random,500,0.5,group,2026,19,340
filtered,102,0.5,random,500,0.5,group,2026,20,343
filtered,102,0.5,random,500,0.5,group,2026,21,346
filtered,102,0.5,random,500,0.5,group,2026,22,344
filtered,102,0.5,random,500,0.5,group,2026,23,336
filtered,102,0.5,random,500,0.5,group,2026,24,347
filtered,102,0.5,random,500,0.5,group,2026,25,347
filtered,102,0.5,random,500,0.5,group,2026,26,349
filtered,102,0.5,random,500,0.5,group,2026,27,368
filtered,102,0.5,random,500,0.5,group,2026,28,339
filtered,102,0.5,random,500,0.5,group,2026,29,377
filtered,102,0.5,random,500,0.5,group,2026,30,345
filtered,102,0.5,random,500,0.5,group,2026,31,342
filtered,102,0.5,random,500,0.5,group,2026,32,339
filtered,102,0.5,random,500,0.5,group,2026,33,329
filtered,102,0.5,random,500,0.5,group,2026,34,335
filtered,102,0.5,random,500,0.5,group,2026,35,347
filtered,102,0.5,random,500,0.5,group,2026,36,355
filtered,102,0.5,random,500,0.5,group,2026,37,338
filtered,102,0.5,random,500,0.5,group,2026,38,336
filtered,102,0.5,random,500,0.5,group,2026,39,348
filtered,102,0.5,random,500,0.5,group,2026,40,343
filtered,102,0.5,random,500,0.5,group,2026,41,361
filtered,102,0.5,random,500,0.5,group,2026,42,356
filtered,102,0.5,random,500,0.5,group,2026,43,361
filtered,102,0.5,random,500,0.5,group,2026,44,333
filtered,102,0.5,random,500,0.5,group,2026,45,340
filtered,102,0.5,random,500,0.5,group,2026,46,363
filtered,102,0.5,random,500,0.5,group,2026,47,336
filtered,102,0.5,random,500,0.5,group,2026,48,344
filtered,102,0.5,random,500,0.5,group,2026,49,345
filtered,102,0.5,random,500,0.5,group,2026,50,355
filtered,102,0.5,random,500,0.5,group,2026,51,354
filtered,102,0.5,random,500,0.5,group,2026,52,336
filtered,102,0.5,random,500,0.5,group,2026,53,354
filtered,102,0.5,random,500,0.5,group,2026,54,333
filtered,102,0.5,random,500,0.5,group,2026,55,353
filtered,102,0.5,random,500,0.5,group,2026,56,357
filtered,102,0.5,random,500,0.5,group,2026,57,350
filtered,102,0.5,random,500,0.5,group,2026,58,352
filtered,102,0.5,random,500,0.5,group,2026,59,357
filtered,102,0.5,random,500,0.5,group,2026,60,354
filtered,102,0.5,random,500,0.5,group,2026,61,328
filtered,102,0.5,random,500,0.5,group,2026,62,339
filtered,102,0.5,random,500,0.5,group,2026,63,337
filtered,102,0.5,random,500,0.5,group,2026,64,356
filtered,102,0.5,random,500,0.5,group,2026,65,350
filtered,102,0.5,random,500,0.5,group,2026,66,363
filtered,102,0.5,random,500,0.5,group,2026,67,343
filtered,102,0.5,random,500,0.5,group,2026,68,363
filtered,102,0.5,random,500,0.5,group,2026,69,334
filtered,102,0.5,random,500,0.5,group,2026,70,348
filtered,102,0.5,random,500,0.5,group,2026,71,349
filtered,102,0.5,random,500,0.5,group,2026,72,331
filtered,102,0.5,random,500,0.5,group,2026,73,336
filtered,102,0.5,random,500,0.5,group,2026,74,352
filtered,102,0.5,random,500,0.5,group,2026,75,359
filtered,102,0.5,random,500,0.5,group,2026,76,342
filtered,102,0.5,random,500,0.5,group,2026,77,343
filtered,102,0.5,random,500,0.5,group,2026,78,335
filtered,102,0.5,random,500,0.5,group,2026,79,350
filtered,102,0.5,random,500,0.5,group,2026,80,331
filtered,102,0.5,random,500,0.5,group,2026,81,340
filtered,102,0.5,random,500,0.5,group,2026,82,347
filtered,102,0.5,random,500,0.5,group,2026,83,335
filtered,102,0.5,random,500,0.5,group,2026,84,345
filtered,102,0.5,random,500,0.5,group,2026,85,345
filtered,102,0.5,random,500,0.5,group,2026,86,343
filtered,102,0.5,random,500,0.5,group,2026,87,374
filtered,102,0.5,random,500,0.5,group,2026,88,338
filtered,102,0.5,random,500,0.5,group,2026,89,349
filtered,102,0.5,random,500,0.5,group,2026,90,353
filtered,102,0.5,random,500,0.5,group,2026,91,349
filtered,102,0.5,random,500,0.5,group,2026,92,348
filtered,102,0.5,random,500,0.5,group,2026,93,355
filtered,102,0.5,random,500,0.5,group,2026,94,343
filtered,102,0.5,random,500,0.5,group,2026,95,351
filtered,102,0.5,random,500,0.5,group,2026,96,366
filtered,102,0.5,random,500,0.5,group,2026,97,331
filtered,102,0.5,random,500,0.5,group,2026,98,345
filtered,102,0.5,random,500,0.5,group,2026,99,348
filtered,102,0.5,random,500,0.5,group,2026,100,360
filtered,102,0.5,random,500,0.5,group,2026,101,331
filtered,40,-1.0,adaptive,500,0.5,group,2026,0,500
filtered,40,-1.0,adaptive,500,0.5,group,2026,1,500
filtered,40,-1.0,adaptive,500,0.5,group,2026,2,500
filtered,40,-1.0,adaptive,500,0.5,group,2026,3,500
filtered,40,-1.0,adaptive,500,0.5,group,2026,4,500
filtered,40,-1.0,adaptive,500,0.5,group,2026,5,500
filtered,40,-1.0,adaptive,500,0.5,group,2026,6,500
filtered,40,-1.0,adaptive,500,0.5,group,2026,7,500
filtered,40,-1.0,adaptive,500,0.5,group,2026,8,500
filtered,40,-1.0,adaptive,500,0.5,group,2026,9,500
filtered,40,-1.0,adaptive,500,0.5,group,2026,10,500
filtered,40,-1.0,adaptive,500,0.5,group,2026,11,500
filtered,40,-1.0,adaptive,500,0.5,group,2026,12,500
filtered,40,-1.0,adaptive,500,0.5,group,2026,13,500
filtered,40,-1.0,adaptive,500,0.5,group,2026,14,500
filtered,40,-1.0,adaptive,500,0.5,group,2026,15,500
filtered,40,-1.0,adaptive,500,0.5,group,2026,16,500
filtered,40,-1.0,adaptive,500,0.5,group,2026,17,500
filtered,40,-1.0,adaptive,500,0.5,group,2026,18,500
filtered,40,-1.0,adaptive,500,0.5,group,2026,19,500
filtered,40,-1.0,adaptive,500,0.5,group,2026,20,500
filtered,40,-1.0,adaptive,500,0.5,group,2026,21,500
filtered,40,-1.0,adaptive,500,0.5,group,2026,22,500
filtered,40,-1.0,adaptive,500,0.5,group,2026,23,500
filtered,40,-1.0,adaptive,500,0.5,group,2026,24,500
filtered,40,-1.0,adaptive,500,0.5,group,2026,25,500
filtered,40,-1.0,adaptive,500,0.5,group,2026,26,500
filtered,40,-1.0,adaptive,500,0.5,group,2026,27,500
filtered,40,-1.0,adaptive,500,0.5,group,2026,28,500
filtered,40,-1.0,adaptive,500,0.5,group,2026,29,500
filtered,40,-1.0,adaptive,500,0.5,group,2026,30,500
filtered,40,-1.0,adaptive,500,0.5,group,2026,31,500
filtered,40,-1.0,adaptive,500,0.5,group,2026,32,500
filtered,40,-1.0,adaptive,500,0.5,group,2026,33,500
filtered,40,-1.0,adaptive,500,0.5,group,2026,34,500
filtered,40,-1.0,adaptive,500,0.5,group,2026,35,500
filtered,40,-1.0,adaptive,500,0.5,group,2026,36,500
filtered,40,-1.0,adaptive,500,0.5,group,2026,37,500
filtered,40,-1.0,adaptive,500,0.5,group,2026,38,500
filtered,40,-1.0,adaptive,500,0.5,group,2026,39,500
filtered,40,-1.0,random,500,0.5,group,2026,0,500
filtered,40,-1.0,random,500,0.5,group,2026,1,500
filtered,40,-1.0,random,500,0.5,group,2026,2,500
filtered,40,-1.0,random,500,0.5,group,2026,3,500
filtered,40,-1.0,random,500,0.5,group,2026,4,500
filtered,40,-1.0,random,500,0.5,group,2026,5,500
filtered,40,-1.0,random,500,0.5,group,2026,6,500
filtered,40,-1.0,random,500,0.5,group,2026,7,500
filtered,40,-1.0,random,500,0.5,group,2026,8,500
filtered,40,-1.0,random,500,0.5,group,2026,9,500
filtered,40,-1.0,random,500,0.5,group,2026,10,500
filtered,40,-1.0,random,500,0.5,group,2026,11,500
filtered,40,-1.0,random,500,0.5,group,2026,12,500
filtered,40,-1.0,random,500,0.5,group,2026,13,500
filtered,40,-1.0,random,500,0.5,group,2026,14,500
filtered,40,-1.0,random,500,0.5,group,2026,15,500
filtered,40,-1.0,random,500,0.5,group,2026,16,500
filtered,40,-1.0,random,500,0.5,group,2026,17,500
filtered,40,-1.0,random,500,0.5,group,2026,18,500
filtered,40,-1.0,random,500,0.5,group,2026,19,500
filtered,40,-1.0,random,500,0.5,group,2026,20,500
filtered,40,-1.0,random,500,0.5,group,2026,21,500
filtered,40,-1.0,random,500,0.5,group,2026,22,500
filtered,40,-1.0,random,500,0.5,group,2026,23,500
filtered,40,-1.0,random,500,0.5,group,2026,24,500
filtered,40,-1.0,random,500,0.5,group,2026,25,500
filtered,40,-1.0,random,500,0.5,group,2026,26,500
filtered,40,-1.0,random,500,0.5,group,2026,27,500
filtered,40,-1.0,random,500,0.5,group,2026,28,500
filtered,40,-1.0,random,500,0.5,group,2026,29,500
filtered,40,-1.0,random,500,0.5,group,2026,30,500
filtered,40,-1.0,random,500,0.5,group,2026,31,500
filtered,40,-1.0,random,500,0.5,group,2026,32,500
filtered,40,-1.0,random,500,0.5,group,2026,33,500
filtered,40,-1.0,random,500,0.5,group,2026,34,500
filtered,40,-1.0,random,500,0.5,group,2026,35,500
filtered,40,-1.0,random,500,0.5,group,2026,36,500
filtered,40,-1.0,random,500,0.5,group,2026,37,500
filtered,40,-1.0,random,500,0.5,group,2026,38,500
filtered,40,-1.0,random,500,0.5,group,2026,39,500
filtered,40,0.0,adaptive,500,0.5,group,2026,0,500
filtered,40,0.0,adaptive,500,0.5,group,2026,1,500
filtered,40,0.0,adaptive,500,0.5,group,2026,2,500
filtered,40,0.0,adaptive,500,0.5,group,2026,3,500
filtered,40,0.0,adaptive,500,0.5,group,2026,4,500
filtered,40,0.0,adaptive,500,0.5,group,2026,5,500
filtered,40,0.0,adaptive,500,0.5,group,2026,6,500
filtered,40,0.0,adaptive,500,0.5,group,2026,7,500
filtered,40,0.0,adaptive,500,0.5,group,2026,8,500
filtered,40,0.0,adaptive,500,0.5,group,2026,9,500
filtered,40,0.0,adaptive,500,0.5,group,2026,10,500
filtered,40,0.0,adaptive,500,0.5,group,2026,11,500
filtered,40,0.0,adaptive,500,0.5,group,2026,12,500
filtered,40,0.0,adaptive,500,0.5,group,2026,13,500
filtered,40,0.0,adaptive,500,0.5,group,2026,14,500
filtered,40,0.0,adaptive,500,0.5,group,2026,15,500
filtered,40,0.0,adaptive,500,0.5,group,2026,16,500
filtered,40,0.0,adaptive,500,0.5,group,2026,17,500
filtered,40,0.0,adaptive,500,0.5,group,2026,18,500
filtered,40,0.0,adaptive,500,0.5,group,2026,19,500
filtered,40,0.0,adaptive,500,0.5,group,2026,20,500
filtered,40,0.0,adaptive,500,0.5,group,2026,21,500
filtered,40,0.0,adaptive,500,0.5,group,2026,22,500
filtered,40,0.0,adaptive,500,0.5,group,2026,23,500
filtered,40,0.0,adaptive,500,0.5,group,2026,24,500
filtered,40,0.0,adaptive,500,0.5,group,2026,25,500
filtered,40,0.0,adaptive,500,0.5,group,2026,26,500
filtered,40,0.0,adaptive,500,0.5,group,2026,27,500
filtered,40,0.0,adaptive,500,0.5,group,2026,28,500
filtered,40,0.0,adaptive,500,0.5,group,2026,29,500
filtered,40,0.0,adaptive,500,0.5,group,2026,30,500
filtered,40,0.0,adaptive,500,0.5,group,2026,31,500
filtered,40,0.0,adaptive,500,0.5,group,2026,32,500
filtered,40,0.0,adaptive,500,0.5,group,2026,33,500
filtered,40,0.0,adaptive,500,0.5,group,2026,34,500
filtered,40,0.0,adaptive,500,0.5,group,2026,35,500
filtered,40,0.0,adaptive,500,0.5,group,2026,36,500
filtered,40,0.0,adaptive,500,0.5,group,2026,37,500
filtered,40,0.0,adaptive,500,0.5,group,2026,38,500
filtered,40,0.0,adaptive,500,0.5,group,2026,39,500
filtered,40,0.0,random,500,0.5,group,2026,0,500
filtered,40,0.0,random,500,0.5,group,2026,1,500
filtered,40,0.0,random,500,0.5,group,2026,2,500
filtered,40,0.0,random,500,0.5,group,2026,3,500
filtered,40,0.0,random,500,0.5,group,2026,4,500
filtered,40,0.0,random,500,0.5,group,2026,5,500
filtered,40,0.0,random,500,0.5,group,2026,6,500
filtered,40,0.0,random,500,0.5,group,2026,7,500
filtered,40,0.0,random,500,0.5,group,2026,8,500
filtered,40,0.0,random,500,0.5,group,2026,9,500
filtered,40,0.0,random,500,0.5,group,2026,10,500
filtered,40,0.0,random,500,0.5,group,2026,11,500
filtered,40,0.0,random,500,0.5,group,2026,12,500
filtered,40,0.0,random,500,0.5,group,2026,13,500
filtered,40,0.0,random,500,0.5,group,2026,14,500
filtered,40,0.0,random,500,0.5,group,2026,15,500
filtered,40,0.0,random,500,0.5,group,2026,16,500
filtered,40,0.0,random,500,0.5,group,2026,17,500
filtered,40,0.0,random,500,0.5,group,2026,18,500
filtered,40,0.0,random,500,0.5,group,2026,19,500
filtered,40,0.0,random,500,0.5,group,2026,20,500
filtered,40,0.0,random,500,0.5,group,2026,21,500
filtered,40,0.0,random,500,0.5,group,2026,22,500
filtered,40,0.0,random,500,0.5,group,2026,23,500
filtered,40,0.0,random,500,0.5,group,2026,24,500
filtered,40,0.0,random,500,0.5,group,2026,25,500
filtered,40,0.0,random,500,0.5,group,2026,26,500
filtered,40,0.0,random,500,0.5,group,2026,27,500
filtered,40,0.0,random,500,0.5,group,2026,28,500
filtered,40,0.0,random,500,0.5,group,2026,29,500
filtered,40,0.0,random,500,0.5,group,2026,30,500
filtered,40,0.0,random,500,0.5,group,2026,31,500
filtered,40,0.0,random,500,0.5,group,2026,32,500
filtered,40,0.0,random,500,0.5,group,2026,33,500
filtered,40,0.0,random,500,0.5,group,2026,34,500
filtered,40,0.0,random,500,0.5,group,2026,35,500
filtered,40,0.0,random,500,0.5,group,2026,36,500
filtered,40,0.0,random,500,0.5,group,2026,37,500
filtered,40,0.0,random,500,0.5,group,2026,38,500
filtered,40,0.0,random,500,0.5,group,2026,39,500
filtered,40,0.5,adaptive,500,0.5,group,2026,0,500
filtered,40,0.5,adaptive,500,0.5,group,2026,1,500
filtered,40,0.5,adaptive,500,0.5,group,2026,2,500
filtered,40,0.5,adaptive,500,0.5,group,2026,3,500
filtered,40,0.5,adaptive,500,0.5,group,2026,4,500
filtered,40,0.5,adaptive,500,0.5,group,2026,5,500
filtered,40,0.5,adaptive,500,0.5,group,2026,6,500
filtered,40,0.5,adaptive,500,0.5,group,2026,7,500
filtered,40,0.5,adaptive,500,0.5,group,2026,8,500
filtered,40,0.5,adaptive,500,0.5,group,2026,9,500
filtered,40,0.5,adaptive,500,0.5,group,2026,10,500
filtered,40,0.5,adaptive,500,0.5,group,2026,11,500
filtered,40,0.5,adaptive,500,0.5,group,2026,12,500
filtered,40,0.5,adaptive,500,0.5,group,2026,13,500
filtered,40,0.5,adaptive,500,0.5,group,2026,14,500
filtered,40,0.5,adaptive,500,0.5,group,2026,15,500
filtered,40,0.5,adaptive,500,0.5,group,2026,16,500
filtered,40,0.5,adaptive,500,0.5,group,2026,17,500
filtered,40,0.5,adaptive,500,0.5,group,2026,18,500
filtered,40,0.5,adaptive,500,0.5,group,2026,19,500
filtered,40,0.5,adaptive,500,0.5,group,2026,20,500
filtered,40,0.5,adaptive,500,0.5,group,2026,21,500
filtered,40,0.5,adaptive,500,0.5,group,2026,22,500
filtered,40,0.5,adaptive,500,0.5,group,2026,23,500
filtered,40,0.5,adaptive,500,0.5,group,2026,24,500
filtered,40,0.5,adaptive,500,0.5,group,2026,25,500
filtered,40,0.5,adaptive,500,0.5,group,2026,26,500
filtered,40,0.5,adaptive,500,0.5,group,2026,27,500
filtered,40,0.5,adaptive,500,0.5,group,2026,28,500
filtered,40,0.5,adaptive,500,0.5,group,2026,29,500
filtered,40,0.5,adaptive,500,0.5,group,2026,30,500
filtered,40,0.5,adaptive,500,0.5,group,2026,31,500
filtered,40,0.5,adaptive,500,0.5,group,2026,32,500
filtered,40,0.5,adaptive,500,0.5,group,2026,33,500
filtered,40,0.5,adaptive,500,0.5,group,2026,34,500
filtered,40,0.5,adaptive,500,0.5,group,2026,35,500
filtered,40,0.5,adaptive,500,0.5,group,2026,36,500
filtered,40,0.5,adaptive,500,0.5,group,2026,37,500
filtered,40,0.5,adaptive,500,0.5,group,2026,38,500
filtered,40,0.5,adaptive,500,0.5,group,2026,39,500
filtered,40,0.5,random,500,0.5,group,2026,0,500
filtered,40,0.5,random,500,0.5,group,2026,1,500
filtered,40,0.5,random,500,0.5,group,2026,2,500
filtered,40,0.5,random,500,0.5,group,2026,3,500
filtered,40,0.5,random,500,0.5,group,2026,4,500
filtered,40,0.5,random,500,0.5,group,2026,5,500
filtered,40,0.5,random,500,0.5,group,2026,6,500
filtered,40,0.5,random,500,0.5,group,2026,7,500
filtered,40,0.5,random,500,0.5,group,2026,8,500
filtered,40,0.5,random,500,0.5,group,2026,9,500
filtered,40,0.5,random,500,0.5,group,2026,10,500
filtered,40,0.5,random,500,0.5,group,2026,11,500
filtered,40,0.5,random,500,0.5,group,2026,12,500
filtered,40,0.5,random,500,0.5,group,2026,13,500
filtered,40,0.5,random,500,0.5,group,2026,14,500
filtered,40,0.5,random,500,0.5,group,2026,15,500
filtered,40,0.5,random,500,0.5,group,2026,16,500
filtered,40,0.5,random,500,0.5,group,2026,17,500
filtered,40,0.5,random,500,0.5,group,2026,18,500
filtered,40,0.5,random,500,0.5,group,2026,19,500
filtered,40,0.5,random,500,0.5,group,2026,20,500
filtered,40,0.5,random,500,0.5,group,2026,21,500
filtered,40,0.5,random,500,0.5,group,2026,22,500
filtered,40,0.5,random,500,0.5,group,2026,23,500
filtered,40,0.5,random,500,0.5,group,2026,24,500
filtered,40,0.5,random,500,0.5,group,2026,25,500
filtered,40,0.5,random,500,0.5,group,2026,26,500
filtered,40,0.5,random,500,0.5,group,2026,27,500
filtered,40,0.5,random,500,0.5,group,2026,28,500
filtered,40,0.5,random,500,0.5,group,2026,29,500
filtered,40,0.5,random,500,0.5,group,2026,30,500
filtered,40,0.5,random,500,0.5,group,2026,31,500
filtered,40,0.5,random,500,0.5,group,2026,32,500
filtered,40,0.5,random,500,0.5,group,2026,33,500
filtered,40,0.5,random,500,0.5,group,2026,34,500
filtered,40,0.5,random,500,0.5,group,2026,35,500
filtered,40,0.5,random,500,0.5,group,2026,36,500
filtered,40,0.5,random,500,0.5,group,2026,37,500
filtered,40,0.5,random,500,0.5,group,2026,38,500
filtered,40,0.5,random,500,0.5,group,2026,39,500
filtered,20,-1.0,adaptive,500,0.5,group,2026,0,500
filtered,20,-1.0,adaptive,500,0.5,group,2026,1,500
filtered,20,-1.0,adaptive,500,0.5,group,2026,2,500
filtered,20,-1.0,adaptive,500,0.5,group,2026,3,500
filtered,20,-1.0,adaptive,500,0.5,group,2026,4,500
filtered,20,-1.0,adaptive,500,0.5,group,2026,5,500
filtered,20,-1.0,adaptive,500,0.5,group,2026,6,500
filtered,20,-1.0,adaptive,500,0.5,group,2026,7,500
filtered,20,-1.0,adaptive,500,0.5,group,2026,8,500
filtered,20,-1.0,adaptive,500,0.5,group,2026,9,500
filtered,20,-1.0,adaptive,500,0.5,group,2026,10,500
filtered,20,-1.0,adaptive,500,0.5,group,2026,11,500
filtered,20,-1.0,adaptive,500,0.5,group,2026,12,500
filtered,20,-1.0,adaptive,500,0.5,group,2026,13,500
filtered,20,-1.0,adaptive,500,0.5,group,2026,14,500
filtered,20,-1.0,adaptive,500,0.5,group,2026,15,500
filtered,20,-1.0,adaptive,500,0.5,group,2026,16,500
filtered,20,-1.0,adaptive,500,0.5,group,2026,17,500
filtered,20,-1.0,adaptive,500,0.5,group,2026,18,500
filtered,20,-1.0,adaptive,500,0.5,group,2026,19,500
filtered,20,-1.0,random,500,0.5,group,2026,0,500
filtered,20,-1.0,random,500,0.5,group,2026,1,500
filtered,20,-1.0,random,500,0.5,group,2026,2,500
filtered,20,-1.0,random,500,0.5,group,2026,3,500
filtered,20,-1.0,random,500,0.5,group,2026,4,500
filtered,20,-1.0,random,500,0.5,group,2026,5,500
filtered,20,-1.0,random,500,0.5,group,2026,6,500
filtered,20,-1.0,random,500,0.5,group,2026,7,500
filtered,20,-1.0,random,500,0.5,group,2026,8,500
filtered,20,-1.0,random,500,0.5,group,2026,9,500
filtered,20,-1.0,random,500,0.5,group,2026,10,500
filtered,20,-1.0,random,500,0.5,group,2026,11,500
filtered,20,-1.0,random,500,0.5,group,2026,12,500
filtered,20,-1.0,random,500,0.5,group,2026,13,500
filtered,20,-1.0,random,500,0.5,group,2026,14,500
filtered,20,-1.0,random,500,0.5,group,2026,15,500
filtered,20,-1.0,random,500,0.5,group,2026,16,500
filtered,20,-1.0,random,500,0.5,group,2026,17,500
filtered,20,-1.0,random,500,0.5,group,2026,18,500
filtered,20,-1.0,random,500,0.5,group,2026,19,500
filtered,20,0.0,adaptive,500,0.5,group,2026,0,500
filtered,20,0.0,adaptive,500,0.5,group,2026,1,500
filtered,20,0.0,adaptive,500,0.5,group,2026,2,500
filtered,20,0.0,adaptive,500,0.5,group,2026,3,500
filtered,20,0.0,adaptive,500,0.5,group,2026,4,500
filtered,20,0.0,adaptive,500,0.5,group,2026,5,500
filtered,20,0.0,adaptive,500,0.5,group,2026,6,500
filtered,20,0.0,adaptive,500,0.5,group,2026,7,500
filtered,20,0.0,adaptive,500,0.5,group,2026,8,500
filtered,20,0.0,adaptive,500,0.5,group,2026,9,500
filtered,20,0.0,adaptive,500,0.5,group,2026,10,500
filtered,20,0.0,adaptive,500,0.5,group,2026,11,500
filtered,20,0.0,adaptive,500,0.5,group,2026,12,500
filtered,20,0.0,adaptive,500,0.5,group,2026,13,500
filtered,20,0.0,adaptive,500,0.5,group,2026,14,500
filtered,20,0.0,adaptive,500,0.5,group,2026,15,500
filtered,20,0.0,adaptive,500,0.5,group,2026,16,500
filtered,20,0.0,adaptive,500,0.5,group,2026,17,500
filtered,20,0.0,adaptive,500,0.5,group,2026,18,500
filtered,20,0.0,adaptive,500,0.5,group,2026,19,500
filtered,20,0.0,random,500,0.5,group,2026,0,500
filtered,20,0.0,random,500,0.5,group,2026,1,500
filtered,20,0.0,random,500,0.5,group,2026,2,500
filtered,20,0.0,random,500,0.5,group,2026,3,500
filtered,20,0.0,random,500,0.5,group,2026,4,500
filtered,20,0.0,random,500,0.5,group,2026,5,500
filtered,20,0.0,random,500,0.5,group,2026,6,500
filtered,20,0.0,random,500,0.5,group,2026,7,500
filtered,20,0.0,random,500,0.5,group,2026,8,500
filtered,20,0.0,random,500,0.5,group,2026,9,500
filtered,20,0.0,random,500,0.5,group,2026,10,500
filtered,20,0.0,random,500,0.5,group,2026,11,500
filtered,20,0.0,random,500,0.5,group,2026,12,500
filtered,20,0.0,random,500,0.5,group,2026,13,500
filtered,20,0.0,random,500,0.5,group,2026,14,500
filtered,20,0.0,random,500,0.5,group,2026,15,500
filtered,20,0.0,random,500,0.5,group,2026,16,500
filtered,20,0.0,random,500,0.5,group,2026,17,500
filtered,20,0.0,random,500,0.5,group,2026,18,500
filtered,20,0.0,random,500,0.5,group,2026,19,500
filtered,20,0.5,adaptive,500,0.5,group,2026,0,500
filtered,20,0.5,adaptive,500,0.5,group,2026,1,500
filtered,20,0.5,adaptive,500,0.5,group,2026,2,500
filtered,20,0.5,adaptive,500,0.5,group,2026,3,500
filtered,20,0.5,adaptive,500,0.5,group,2026,4,500
filtered,20,0.5,adaptive,500,0.5,group,2026,5,500
filtered,20,0.5,adaptive,500,0.5,group,2026,6,500
filtered,20,0.5,adaptive,500,0.5,group,2026,7,500
filtered,20,0.5,adaptive,500,0.5,group,2026,8,500
filtered,20,0.5,adaptive,500,0.5,group,2026,9,500
filtered,20,0.5,adaptive,500,0.5,group,2026,10,500
filtered,20,0.5,adaptive,500,0.5,group,2026,11,500
filtered,20,0.5,adaptive,500,0.5,group,2026,12,500
filtered,20,0.5,adaptive,500,0.5,group,2026,13,500
filtered,20,0.5,adaptive,500,0.5,group,2026,14,500
filtered,20,0.5,adaptive,500,0.5,group,2026,15,500
filtered,20,0.5,adaptive,500,0.5,group,2026,16,500
filtered,20,0.5,adaptive,500,0.5,group,2026,17,500
filtered,20,0.5,adaptive,500,0.5,group,2026,18,500
filtered,20,0.5,adaptive,500,0.5,group,2026,19,500
filtered,20,0.5,random,500,0.5,group,2026,0,500
filtered,20,0.5,random,500,0.5,group,2026,1,500
filtered,20,0.5,random,500,0.5,group,2026,2,500
filtered,20,0.5,random,500,0.5,group,2026,3,500
filtered,20,0.5,random,500,0.5,group,2026,4,500
filtered,20,0.5,random,500,0.5,group,2026,5,500
filtered,20,0.5,random,500,0.5,group,2026,6,500
filtered,20,0.5,random,500,0.5,group,2026,7,500
filtered,20,0.5,random,500,0.5,group,2026,8,500
filtered,20,0.5,random,500,0.5,group,2026,9,500
filtered,20,0.5,random,500,0.5,group,2026,10,500
filtered,20,0.5,random,500,0.5,group,2026,11,500
filtered,20,0.5,random,500,0.5,group,2026,12,500
filtered,20,0.5,random,500,0.5,group,2026,13,500
filtered,20,0.5,random,500,0.5,group,2026,14,500
filtered,20,0.5,random,500,0.5,group,2026,15,500
filtered,20,0.5,random,500,0.5,group,2026,16,500
filtered,20,0.5,random,500,0.5,group,2026,17,500
filtered,20,0.5,random,500,0.5,group,2026,18,500
filtered,20,0.5,random,500,0.5,group,2026,19,500
