pool,pool_size,theta,arm,draws,tau,fit_slope,seed,step,mean_se,n_active
full,204,-1.0,adaptive,500,0.5,group,2026,1,0.9702274557559143,500
full,204,-1.0,adaptive,500,0.5,group,2026,2,0.9430134593370979,500
full,204,-1.0,adaptive,500,0.5,group,2026,3,0.9180334433144901,500
full,204,-1.0,adaptive,500,0.5,group,2026,4,0.8949533607580542,500
full,204,-1.0,adaptive,500,0.5,group,2026,5,0.8736151229805653,500
full,204,-1.0,adaptive,500,0.5,group,2026,6,0.8537543001981899,500
full,204,-1.0,adaptive,500,0.5,group,2026,7,0.835255641635881,500
full,204,-1.0,adaptive,500,0.5,group,2026,8,0.8179304681945685,500
full,204,-1.0,adaptive,500,0.5,group,2026,9,0.8017341879268345,500
full,204,-1.0,adaptive,500,0.5,group,2026,10,0.7864014421972317,500
full,204,-1.0,adaptive,500,0.5,group,2026,11,0.7719278787695542,500
full,204,-1.0,adaptive,500,0.5,group,2026,12,0.7582704958768768,500
full,204,-1.0,adaptive,500,0.5,group,2026,13,0.7453653411584631,500
full,204,-1.0,adaptive,500,0.5,group,2026,14,0.7331800503280306,500
full,204,-1.0,adaptive,500,0.5,group,2026,15,0.7215817321166006,500
full,204,-1.0,adaptive,500,0.5,group,2026,16,0.7106332845384565,500
full,204,-1.0,adaptive,500,0.5,group,2026,17,0.7002827139765413,500
full,204,-1.0,adaptive,500,0.5,group,2026,18,0.690324376856049,500
full,204,-1.0,adaptive,500,0.5,group,2026,19,0.6808556468172648,500
full,204,-1.0,adaptive,500,0.5,group,2026,20,0.6718793141188241,500
full,204,-1.0,adaptive,500,0.5,group,2026,21,0.663278761623354,500
full,204,-1.0,adaptive,500,0.5,group,2026,22,0.6550492862399144,500
full,204,-1.0,adaptive,500,0.5,group,2026,23,0.6472023964004939,500
full,204,-1.0,adaptive,500,0.5,group,2026,24,0.6396523221423839,500
full,204,-1.0,adaptive,500,0.5,group,2026,25,0.6325296464901792,500
full,204,-1.0,adaptive,500,0.5,group,2026,26,0.6257011131854627,500
full,204,-1.0,adaptive,500,0.5,group,2026,27,0.6190197105919738,500
full,204,-1.0,adaptive,500,0.5,group,2026,28,0.612714351621599,500
full,204,-1.0,adaptive,500,0.5,group,2026,29,0.6065410917645561,500
full,204,-1.0,adaptive,500,0.5,group,2026,30,0.6006777020970401,500
full,204,-1.0,adaptive,500,0.5,group,2026,31,0.594882799817761,500
full,204,-1.0,adaptive,500,0.5,group,2026,32,0.5893407326832537,500
full,204,-1.0,adaptive,500,0.5,group,2026,33,0.5839874098419775,500
full,204,-1.0,adaptive,500,0.5,group,2026,34,0.5788361847171055,500
full,204,-1.0,adaptive,500,0.5,group,2026,35,0.5738287665971886,500
full,204,-1.0,adaptive,500,0.5,group,2026,36,0.568973337497815,500
full,204,-1.0,adaptive,500,0.5,group,2026,37,0.5641718688233412,500
full,204,-1.0,adaptive,500,0.5,group,2026,38,0.5596544252576912,500
full,204,-1.0,adaptive,500,0.5,group,2026,39,0.5552406697425084,500
full,204,-1.0,adaptive,500,0.5,group,2026,40,0.5508658095336623,500
full,204,-1.0,adaptive,500,0.5,group,2026,41,0.5466910584113958,500
full,204,-1.0,adaptive,500,0.5,group,2026,42,0.5426657505470079,500
full,204,-1.0,adaptive,500,0.5,group,2026,43,0.5387869983784617,500
full,204,-1.0,adaptive,500,0.5,group,2026,44,0.5349450692431151,500
full,204,-1.0,adaptive,500,0.5,group,2026,45,0.5312085576518506,500
full,204,-1.0,adaptive,500,0.5,group,2026,46,0.5275763678405917,500
full,204,-1.0,adaptive,500,0.5,group,2026,47,0.5239964689869041,500
full,204,-1.0,adaptive,500,0.5,group,2026,48,0.5205217737025123,500
full,204,-1.0,adaptive,500,0.5,group,2026,49,0.517044134753341,500
full,204,-1.0,adaptive,500,0.5,group,2026,50,0.5137076759158792,500
full,204,-1.0,adaptive,500,0.5,group,2026,51,0.5105168915552021,500
full,204,-1.0,adaptive,500,0.5,group,2026,52,0.5073588224791624,500
full,204,-1.0,adaptive,500,0.5,group,2026,53,0.5043086184699624,500
full,204,-1.0,adaptive,500,0.5,group,2026,54,0.5013091328278213,500
full,204,-1.0,adaptive,500,0.5,group,2026,55,0.4983409048394093,500
full,204,-1.0,adaptive,500,0.5,group,2026,56,0.4954765066324595,500
full,204,-1.0,adaptive,500,0.5,group,2026,57,0.4926257504157821,500
full,204,-1.0,adaptive,500,0.5,group,2026,58,0.4899135088280502,500
full,204,-1.0,adaptive,500,0.5,group,2026,59,0.4872809630194632,500
full,204,-1.0,adaptive,500,0.5,group,2026,60,0.48464826871379885,500
full,204,-1.0,adaptive,500,0.5,group,2026,61,0.48218467763990125,497
full,204,-1.0,adaptive,500,0.5,group,2026,62,0.4797503132640015,494
full,204,-1.0,adaptive,500,0.5,group,2026,63,0.4778943775557297,466
full,204,-1.0,adaptive,500,0.5,group,2026,64,0.4768755704935567,399
full,204,-1.0,adaptive,500,0.5,group,2026,65,0.4764680513661078,320
full,204,-1.0,adaptive,500,0.5,group,2026,66,0.4774000848946953,222
full,204,-1.0,adaptive,500,0.5,group,2026,67,0.47859957205498477,158
full,204,-1.0,adaptive,500,0.5,group,2026,68,0.47876915290108807,127
full,204,-1.0,adaptive,500,0.5,group,2026,69,0.47863164598959873,107
full,204,-1.0,adaptive,500,0.5,group,2026,70,0.47899097693893333,86
full,204,-1.0,adaptive,500,0.5,group,2026,71,0.4793640370829217,70
full,204,-1.0,adaptive,500,0.5,group,2026,72,0.4790360907810372,61
full,204,-1.0,adaptive,500,0.5,group,2026,73,0.47922384541127555,53
full,204,-1.0,adaptive,500,0.5,group,2026,74,0.4782369070443468,49
full,204,-1.0,adaptive,500,0.5,group,2026,75,0.4786017281632125,39
full,204,-1.0,adaptive,500,0.5,group,2026,76,0.47860243433960675,33
full,204,-1.0,adaptive,500,0.5,group,2026,77,0.47853938478404906,29
full,204,-1.0,adaptive,500,0.5,group,2026,78,0.4779659356669448,26
full,204,-1.0,adaptive,500,0.5,group,2026,79,0.47719135844351496,24
full,204,-1.0,adaptive,500,0.5,group,2026,80,0.4785474543952233,18
full,204,-1.0,adaptive,500,0.5,group,2026,81,0.4792255833216114,14
full,204,-1.0,adaptive,500,0.5,group,2026,82,0.47795855230344003,13
full,204,-1.0,adaptive,500,0.5,group,2026,83,0.4773712529258973,12
full,204,-1.0,adaptive,500,0.5,group,2026,84,0.4774354668363384,9
full,204,-1.0,adaptive,500,0.5,group,2026,85,0.48082556715623476,6
full,204,-1.0,adaptive,500,0.5,group,2026,86,0.47868380886429823,6
full,204,-1.0,adaptive,500,0.5,group,2026,87,0.4824280266561569,4
full,204,-1.0,adaptive,500,0.5,group,2026,88,0.4805994414289028,4
full,204,-1.0,adaptive,500,0.5,group,2026,89,0.4800017772695847,4
full,204,-1.0,adaptive,500,0.5,group,2026,90,0.47886017360794936,4
full,204,-1.0,adaptive,500,0.5,group,2026,91,0.4775380487213809,4
full,204,-1.0,adaptive,500,0.5,group,2026,92,0.4788711725358185,3
full,204,-1.0,adaptive,500,0.5,group,2026,93,0.48304584459991584,2
full,204,-1.0,adaptive,500,0.5,group,2026,94,0.48330412422042746,2
full,204,-1.0,adaptive,500,0.5,group,2026,95,0.48356451799418354,2
full,204,-1.0,adaptive,500,0.5,group,2026,96,0.4820504297835543,2
full,204,-1.0,adaptive,500,0.5,group,2026,97,0.48228575049517675,2
full,204,-1.0,adaptive,500,0.5,group,2026,98,0.482489968699116,2
full,204,-1.0,adaptive,500,0.5,group,2026,99,0.48269584883688627,2
full,204,-1.0,adaptive,500,0.5,group,2026,100,0.48190990996392025,2
full,204,-1.0,adaptive,500,0.5,group,2026,101,0.481320989773312,2
full,204,-1.0,adaptive,500,0.5,group,2026,102,0.481509445967926,2
full,204,-1.0,random,500,0.5,group,2026,1,0.9882447837026549,500
full,204,-1.0,random,500,0.5,group,2026,2,0.9750595619199878,500
full,204,-1.0,random,500,0.5,group,2026,3,0.9633051359079614,500
full,204,-1.0,random,500,0.5,group,2026,4,0.9514691448844032,500
full,204,-1.0,random,500,0.5,group,2026,5,0.940032325211928,500
full,204,-1.0,random,500,0.5,group,2026,6,0.9298361464559746,500
full,204,-1.0,random,500,0.5,group,2026,7,0.9206564773358415,500
full,204,-1.0,random,500,0.5,group,2026,8,0.9111520667902299,500
full,204,-1.0,random,500,0.5,group,2026,9,0.9014850594088034,500
full,204,-1.0,random,500,0.5,group,2026,10,0.8927355404457308,500
full,204,-1.0,random,500,0.5,group,2026,11,0.8833925609522559,500
full,204,-1.0,random,500,0.5,group,2026,12,0.8746491386064238,500
full,204,-1.0,random,500,0.5,group,2026,13,0.8663936974884187,500
full,204,-1.0,random,500,0.5,group,2026,14,0.8586958859136424,500
full,204,-1.0,random,500,0.5,group,2026,15,0.8505097083329243,500
full,204,-1.0,random,500,0.5,group,2026,16,0.8432848432169665,500
full,204,-1.0,random,500,0.5,group,2026,17,0.8357021268026005,500
full,204,-1.0,random,500,0.5,group,2026,18,0.8281414562820627,500
full,204,-1.0,random,500,0.5,group,2026,19,0.820764134560369,500
full,204,-1.0,random,500,0.5,group,2026,20,0.8136061158775822,500
full,204,-1.0,random,500,0.5,group,2026,21,0.8067803427727581,500
full,204,-1.0,random,500,0.5,group,2026,22,0.8005264159350811,500
full,204,-1.0,random,500,0.5,group,2026,23,0.7937241631625575,500
full,204,-1.0,random,500,0.5,group,2026,24,0.7872912527538927,500
full,204,-1.0,random,500,0.5,group,2026,25,0.7811386212676111,500
full,204,-1.0,random,500,0.5,group,2026,26,0.7748196836850058,500
full,204,-1.0,random,500,0.5,group,2026,27,0.7689418802451605,500
full,204,-1.0,random,500,0.5,group,2026,28,0.7633631721717615,500
full,204,-1.0,random,500,0.5,group,2026,29,0.7581174845491535,500
full,204,-1.0,random,500,0.5,group,2026,30,0.752353985079711,500
full,204,-1.0,random,500,0.5,group,2026,31,0.7466977878944553,500
full,204,-1.0,random,500,0.5,group,2026,32,0.7416388718582795,500
full,204,-1.0,random,500,0.5,group,2026,33,0.736314121681108,500
full,204,-1.0,random,500,0.5,group,2026,34,0.7314759697767811,500
full,204,-1.0,random,500,0.5,group,2026,35,0.7266004666141325,500
full,204,-1.0,random,500,0.5,group,2026,36,0.7218198517951303,500
full,204,-1.0,random,500,0.5,group,2026,37,0.7170691357599482,500
full,204,-1.0,random,500,0.5,group,2026,38,0.7123569265860566,500
full,204,-1.0,random,500,0.5,group,2026,39,0.7076690336010963,500
full,204,-1.0,random,500,0.5,group,2026,40,0.7029933953792308,500
full,204,-1.0,random,500,0.5,group,2026,41,0.6985273830742408,500
full,204,-1.0,random,500,0.5,group,2026,42,0.694094937920587,500
full,204,-1.0,random,500,0.5,group,2026,43,0.689987435467978,500
full,204,-1.0,random,500,0.5,group,2026,44,0.6858920979565334,500
full,204,-1.0,random,500,0.5,group,2026,45,0.6817622972173435,500
full,204,-1.0,random,500,0.5,group,2026,46,0.6779066444076921,500
full,204,-1.0,random,500,0.5,group,2026,47,0.6740808482745216,500
full,204,-1.0,random,500,0.5,group,2026,48,0.6698881933709518,500
full,204,-1.0,random,500,0.5,group,2026,49,0.6658909586388936,500
full,204,-1.0,random,500,0.5,group,2026,50,0.6621922871325168,500
full,204,-1.0,random,500,0.5,group,2026,51,0.6583963408964201,500
full,204,-1.0,random,500,0.5,group,2026,52,0.6549961065933997,500
full,204,-1.0,random,500,0.5,group,2026,53,0.6513231468084887,500
full,204,-1.0,random,500,0.5,group,2026,54,0.6474331908391076,500
full,204,-1.0,random,500,0.5,group,2026,55,0.6437587336302033,500
full,204,-1.0,random,500,0.5,group,2026,56,0.6403406699178249,500
full,204,-1.0,random,500,0.5,group,2026,57,0.637164514167411,500
full,204,-1.0,random,500,0.5,group,2026,58,0.6339218958147604,500
full,204,-1.0,random,500,0.5,group,2026,59,0.6307106962867118,500
full,204,-1.0,random,500,0.5,group,2026,60,0.6277655928859405,500
full,204,-1.0,random,500,0.5,group,2026,61,0.6245185609402074,500
full,204,-1.0,random,500,0.5,group,2026,62,0.6213460168539857,500
full,204,-1.0,random,500,0.5,group,2026,63,0.6182758957082135,500
full,204,-1.0,random,500,0.5,group,2026,64,0.6152924085330812,500
full,204,-1.0,random,500,0.5,group,2026,65,0.6125774750997964,500
full,204,-1.0,random,500,0.5,group,2026,66,0.6095275576508316,500
full,204,-1.0,random,500,0.5,group,2026,67,0.6066657535942129,500
full,204,-1.0,random,500,0.5,group,2026,68,0.6039816959509373,500
full,204,-1.0,random,500,0.5,group,2026,69,0.6014497516869451,500
full,204,-1.0,random,500,0.5,group,2026,70,0.598605306148121,500
full,204,-1.0,random,500,0.5,group,2026,71,0.5958023458736429,500
full,204,-1.0,random,500,0.5,group,2026,72,0.593093791831511,500
full,204,-1.0,random,500,0.5,group,2026,73,0.5902653842184182,500
full,204,-1.0,random,500,0.5,group,2026,74,0.5877132190229888,500
full,204,-1.0,random,500,0.5,group,2026,75,0.5852299808522311,500
full,204,-1.0,random,500,0.5,group,2026,76,0.5825467301175132,500
full,204,-1.0,random,500,0.5,group,2026,77,0.5799767363247436,500
full,204,-1.0,random,500,0.5,group,2026,78,0.5776641872689829,500
full,204,-1.0,random,500,0.5,group,2026,79,0.5750330066859265,500
full,204,-1.0,random,500,0.5,group,2026,80,0.572818183364814,500
full,204,-1.0,random,500,0.5,group,2026,81,0.5704777511828675,500
full,204,-1.0,random,500,0.5,group,2026,82,0.5682990946142185,500
full,204,-1.0,random,500,0.5,group,2026,83,0.5659228577647347,500
full,204,-1.0,random,500,0.5,group,2026,84,0.5634878513541314,500
full,204,-1.0,random,500,0.5,group,2026,85,0.5612920152343986,500
full,204,-1.0,random,500,0.5,group,2026,86,0.5589940232328492,500
full,204,-1.0,random,500,0.5,group,2026,87,0.5568110753875309,500
full,204,-1.0,random,500,0.5,group,2026,88,0.5544679282634694,500
full,204,-1.0,random,500,0.5,group,2026,89,0.5524992654928746,500
full,204,-1.0,random,500,0.5,group,2026,90,0.5503358104121321,500
full,204,-1.0,random,500,0.5,group,2026,91,0.5483118296647511,500
full,204,-1.0,random,500,0.5,group,2026,92,0.5464450541158208,500
full,204,-1.0,random,500,0.5,group,2026,93,0.5445301431610685,500
full,204,-1.0,random,500,0.5,group,2026,94,0.5423690666450941,500
full,204,-1.0,random,500,0.5,group,2026,95,0.5402909481410848,500
full,204,-1.0,random,500,0.5,group,2026,96,0.5381986315236016,500
full,204,-1.0,random,500,0.5,group,2026,97,0.5362961199424088,500
full,204,-1.0,random,500,0.5,group,2026,98,0.534256896299069,500
full,204,-1.0,random,500,0.5,group,2026,99,0.5322676935134264,500
full,204,-1.0,random,500,0.5,group,2026,100,0.5304480960131325,500
full,204,-1.0,random,500,0.5,group,2026,101,0.5285333744874777,500
full,204,-1.0,random,500,0.5,group,2026,102,0.5266868348119033,500
full,204,0.0,adaptive,500,0.5,group,2026,1,0.9702310754334305,500
full,204,0.0,adaptive,500,0.5,group,2026,2,0.9430347177337799,500
full,204,0.0,adaptive,500,0.5,group,2026,3,0.9181007483543112,500
full,204,0.0,adaptive,500,0.5,group,2026,4,0.8951337574008895,500
full,204,0.0,adaptive,500,0.5,group,2026,5,0.8738764507540229,500
full,204,0.0,adaptive,500,0.5,group,2026,6,0.854243680085845,500
full,204,0.0,adaptive,500,0.5,group,2026,7,0.8358818171566662,500
full,204,0.0,adaptive,500,0.5,group,2026,8,0.8189206375398883,500
full,204,0.0,adaptive,500,0.5,group,2026,9,0.8029936641973127,500
full,204,0.0,adaptive,500,0.5,group,2026,10,0.7882366367544799,500
full,204,0.0,adaptive,500,0.5,group,2026,11,0.7744326970371271,500
full,204,0.0,adaptive,500,0.5,group,2026,12,0.7614813054547374,500
full,204,0.0,adaptive,500,0.5,group,2026,13,0.7492459039840614,500
full,204,0.0,adaptive,500,0.5,group,2026,14,0.7377510235427721,500
full,204,0.0,adaptive,500,0.5,group,2026,15,0.7269033598621786,500
full,204,0.0,adaptive,500,0.5,group,2026,16,0.7166168308262113,500
full,204,0.0,adaptive,500,0.5,group,2026,17,0.7069112318624469,500
full,204,0.0,adaptive,500,0.5,group,2026,18,0.6976237822308161,500
full,204,0.0,adaptive,500,0.5,group,2026,19,0.6887224827865217,500
full,204,0.0,adaptive,500,0.5,group,2026,20,0.6802392124756286,500
full,204,0.0,adaptive,500,0.5,group,2026,21,0.6721373328465396,500
full,204,0.0,adaptive,500,0.5,group,2026,22,0.6643365039871626,500
full,204,0.0,adaptive,500,0.5,group,2026,23,0.6568555668416405,500
full,204,0.0,adaptive,500,0.5,group,2026,24,0.6497783724186076,500
full,204,0.0,adaptive,500,0.5,group,2026,25,0.6428736283114965,500
full,204,0.0,adaptive,500,0.5,group,2026,26,0.6361838857838595,500
full,204,0.0,adaptive,500,0.5,group,2026,27,0.6297867097798624,500
full,204,0.0,adaptive,500,0.5,group,2026,28,0.6236001410913077,500
full,204,0.0,adaptive,500,0.5,group,2026,29,0.6177244280322906,500
full,204,0.0,adaptive,500,0.5,group,2026,30,0.611945624698367,500
full,204,0.0,adaptive,500,0.5,group,2026,31,0.6063989419726047,500
full,204,0.0,adaptive,500,0.5,group,2026,32,0.6010207841172324,500
full,204,0.0,adaptive,500,0.5,group,2026,33,0.5958689337268611,500
full,204,0.0,adaptive,500,0.5,group,2026,34,0.5908467297452026,500
full,204,0.0,adaptive,500,0.5,group,2026,35,0.5858992716790558,500
full,204,0.0,adaptive,500,0.5,group,2026,36,0.5811998236426728,500
full,204,0.0,adaptive,500,0.5,group,2026,37,0.5764783433815521,500
full,204,0.0,adaptive,500,0.5,group,2026,38,0.5719589310991728,500
full,204,0.0,adaptive,500,0.5,group,2026,39,0.5675790867554525,500
full,204,0.0,adaptive,500,0.5,group,2026,40,0.5633254649030838,500
full,204,0.0,adaptive,500,0.5,group,2026,41,0.5591607447185984,500
full,204,0.0,adaptive,500,0.5,group,2026,42,0.5550158061970508,500
full,204,0.0,adaptive,500,0.5,group,2026,43,0.5511537600673605,500
full,204,0.0,adaptive,500,0.5,group,2026,44,0.5474566417525975,500
full,204,0.0,adaptive,500,0.5,group,2026,45,0.5437695247547647,500
full,204,0.0,adaptive,500,0.5,group,2026,46,0.5401419692530428,500
full,204,0.0,adaptive,500,0.5,group,2026,47,0.5366703130051719,500
full,204,0.0,adaptive,500,0.5,group,2026,48,0.5332655014048676,500
full,204,0.0,adaptive,500,0.5,group,2026,49,0.5298875542365444,500
full,204,0.0,adaptive,500,0.5,group,2026,50,0.5266230740255057,500
full,204,0.0,adaptive,500,0.5,group,2026,51,0.5235170507369942,500
full,204,0.0,adaptive,500,0.5,group,2026,52,0.5205077049770467,500
full,204,0.0,adaptive,500,0.5,group,2026,53,0.5175120883022455,500
full,204,0.0,adaptive,500,0.5,group,2026,54,0.514488123635174,500
full,204,0.0,adaptive,500,0.5,group,2026,55,0.5116474432072303,500
full,204,0.0,adaptive,500,0.5,group,2026,56,0.5088047905509232,500
full,204,0.0,adaptive,500,0.5,group,2026,57,0.5060414958730307,500
full,204,0.0,adaptive,500,0.5,group,2026,58,0.5033860203428938,500
full,204,0.0,adaptive,500,0.5,group,2026,59,0.5006009996376355,500
full,204,0.0,adaptive,500,0.5,group,2026,60,0.4979832420162423,500
full,204,0.0,adaptive,500,0.5,group,2026,61,0.4954320804240791,500
full,204,0.0,adaptive,500,0.5,group,2026,62,0.4929166180077949,500
full,204,0.0,adaptive,500,0.5,group,2026,63,0.490769973595709,495
full,204,0.0,adaptive,500,0.5,group,2026,64,0.4892113322273718,476
full,204,0.0,adaptive,500,0.5,group,2026,65,0.4882081673458261,447
full,204,0.0,adaptive,500,0.5,group,2026,66,0.48756132890601045,414
full,204,0.0,adaptive,500,0.5,group,2026,67,0.48772914762981845,366
full,204,0.0,adaptive,500,0.5,group,2026,68,0.48742982036680044,330
full,204,0.0,adaptive,500,0.5,group,2026,69,0.4870136074470881,301
full,204,0.0,adaptive,500,0.5,group,2026,70,0.48617933814729175,284
full,204,0.0,adaptive,500,0.5,group,2026,71,0.4858432759074659,257
full,204,0.0,adaptive,500,0.5,group,2026,72,0.48609644385032824,228
full,204,0.0,adaptive,500,0.5,group,2026,73,0.48647812719743055,202
full,204,0.0,adaptive,500,0.5,group,2026,74,0.4862868384946317,183
full,204,0.0,adaptive,500,0.5,group,2026,75,0.48588438106589826,168
full,204,0.0,adaptive,500,0.5,group,2026,76,0.48506210540335637,158
full,204,0.0,adaptive,500,0.5,group,2026,77,0.48430521812348976,150
full,204,0.0,adaptive,500,0.5,group,2026,78,0.4837086622106899,141
full,204,0.0,adaptive,500,0.5,group,2026,79,0.48286372224423574,134
full,204,0.0,adaptive,500,0.5,group,2026,80,0.48157257343484117,131
full,204,0.0,adaptive,500,0.5,group,2026,81,0.48124523379682504,119
full,204,0.0,adaptive,500,0.5,group,2026,82,0.4808162897339913,109
full,204,0.0,adaptive,500,0.5,group,2026,83,0.48066201398774666,97
full,204,0.0,adaptive,500,0.5,group,2026,84,0.48086316653360456,85
full,204,0.0,adaptive,500,0.5,group,2026,85,0.48107394594511305,75
full,204,0.0,adaptive,500,0.5,group,2026,86,0.48113479978038415,68
full,204,0.0,adaptive,500,0.5,group,2026,87,0.4807594678098901,63
full,204,0.0,adaptive,500,0.5,group,2026,88,0.48059491731915277,58
full,204,0.0,adaptive,500,0.5,group,2026,89,0.48006506514887237,54
full,204,0.0,adaptive,500,0.5,group,2026,90,0.48006964544757075,49
full,204,0.0,adaptive,500,0.5,group,2026,91,0.4797678482675988,45
full,204,0.0,adaptive,500,0.5,group,2026,92,0.4796433917321632,41
full,204,0.0,adaptive,500,0.5,group,2026,93,0.4797546438554993,37
full,204,0.0,adaptive,500,0.5,group,2026,94,0.4796703855575984,33
full,204,0.0,adaptive,500,0.5,group,2026,95,0.47961101507011766,31
full,204,0.0,adaptive,500,0.5,group,2026,96,0.4792468765270307,29
full,204,0.0,adaptive,500,0.5,group,2026,97,0.4793864928609748,26
full,204,0.0,adaptive,500,0.5,group,2026,98,0.47996540763061973,23
full,204,0.0,adaptive,500,0.5,group,2026,99,0.4796881106112287,21
full,204,0.0,adaptive,500,0.5,group,2026,100,0.47916999494906587,20
full,204,0.0,adaptive,500,0.5,group,2026,101,0.4789381747833426,19
full,204,0.0,adaptive,500,0.5,group,2026,102,0.47885265711947,18
full,204,0.0,random,500,0.5,group,2026,1,0.9881769497933551,500
full,204,0.0,random,500,0.5,group,2026,2,0.9769523998618828,500
full,204,0.0,random,500,0.5,group,2026,3,0.9663759689122408,500
full,204,0.0,random,500,0.5,group,2026,4,0.9565021416273951,500
full,204,0.0,random,500,0.5,group,2026,5,0.9459812920958859,500
full,204,0.0,random,500,0.5,group,2026,6,0.9364108662986147,500
full,204,0.0,random,500,0.5,group,2026,7,0.9270804939274607,500
full,204,0.0,random,500,0.5,group,2026,8,0.9183257963154853,500
full,204,0.0,random,500,0.5,group,2026,9,0.9088582256478501,500
full,204,0.0,random,500,0.5,group,2026,10,0.899867224958608,500
full,204,0.0,random,500,0.5,group,2026,11,0.8906062809760915,500
full,204,0.0,random,500,0.5,group,2026,12,0.8820904562572763,500
full,204,0.0,random,500,0.5,group,2026,13,0.8736364977852982,500
full,204,0.0,random,500,0.5,group,2026,14,0.8661331673284764,500
full,204,0.0,random,500,0.5,group,2026,15,0.8586491120408851,500
full,204,0.0,random,500,0.5,group,2026,16,0.8510819047273033,500
full,204,0.0,random,500,0.5,group,2026,17,0.8436617393068898,500
full,204,0.0,random,500,0.5,group,2026,18,0.8360964007027624,500
full,204,0.0,random,500,0.5,group,2026,19,0.8292612995373116,500
full,204,0.0,random,500,0.5,group,2026,20,0.8226801424978175,500
full,204,0.0,random,500,0.5,group,2026,21,0.8161762252803275,500
full,204,0.0,random,500,0.5,group,2026,22,0.8101761957081717,500
full,204,0.0,random,500,0.5,group,2026,23,0.80374570308447,500
full,204,0.0,random,500,0.5,group,2026,24,0.7972606337391257,500
full,204,0.0,random,500,0.5,group,2026,25,0.7910645220635302,500
full,204,0.0,random,500,0.5,group,2026,26,0.7853656983698942,500
full,204,0.0,random,500,0.5,group,2026,27,0.7795518081924431,500
full,204,0.0,random,500,0.5,group,2026,28,0.7742469615237692,500
full,204,0.0,random,500,0.5,group,2026,29,0.768747574143636,500
full,204,0.0,random,500,0.5,group,2026,30,0.7635386139788043,500
full,204,0.0,random,500,0.5,group,2026,31,0.7587024281457362,500
full,204,0.0,random,500,0.5,group,2026,32,0.7537949757535364,500
full,204,0.0,random,500,0.5,group,2026,33,0.7485788477512871,500
full,204,0.0,random,500,0.5,group,2026,34,0.74338623704364,500
full,204,0.0,random,500,0.5,group,2026,35,0.738602221606288,500
full,204,0.0,random,500,0.5,group,2026,36,0.7332616083728685,500
full,204,0.0,random,500,0.5,group,2026,37,0.7287306556519604,500
full,204,0.0,random,500,0.5,group,2026,38,0.7238470762931324,500
full,204,0.0,random,500,0.5,group,2026,39,0.7194431446573378,500
full,204,0.0,random,500,0.5,group,2026,40,0.7150674260125681,500
full,204,0.0,random,500,0.5,group,2026,41,0.7109328705471263,500
full,204,0.0,random,500,0.5,group,2026,42,0.7062569850930024,500
full,204,0.0,random,500,0.5,group,2026,43,0.7020352704251132,500
full,204,0.0,random,500,0.5,group,2026,44,0.6978860638211076,500
full,204,0.0,random,500,0.5,group,2026,45,0.6941178730622627,500
full,204,0.0,random,500,0.5,group,2026,46,0.6902436608986265,500
full,204,0.0,random,500,0.5,group,2026,47,0.686578781532639,500
full,204,0.0,random,500,0.5,group,2026,48,0.682524629363007,500
full,204,0.0,random,500,0.5,group,2026,49,0.6785603964460235,500
full,204,0.0,random,500,0.5,group,2026,50,0.6749185861239316,500
full,204,0.0,random,500,0.5,group,2026,51,0.6710292657506705,500
full,204,0.0,random,500,0.5,group,2026,52,0.667583548236924,500
full,204,0.0,random,500,0.5,group,2026,53,0.6639690229969248,500
full,204,0.0,random,500,0.5,group,2026,54,0.6606069594492502,500
full,204,0.0,random,500,0.5,group,2026,55,0.6571927639568882,500
full,204,0.0,random,500,0.5,group,2026,56,0.6539792368923554,500
full,204,0.0,random,500,0.5,group,2026,57,0.6505788914234479,500
full,204,0.0,random,500,0.5,group,2026,58,0.6473290036056337,500
full,204,0.0,random,500,0.5,group,2026,59,0.644072032335138,500
full,204,0.0,random,500,0.5,group,2026,60,0.6409752362560508,500
full,204,0.0,random,500,0.5,group,2026,61,0.6381128442780334,500
full,204,0.0,random,500,0.5,group,2026,62,0.6348502493255209,500
full,204,0.0,random,500,0.5,group,2026,63,0.6315495571185947,500
full,204,0.0,random,500,0.5,group,2026,64,0.6285770235081052,500
full,204,0.0,random,500,0.5,group,2026,65,0.6256062608859161,500
full,204,0.0,random,500,0.5,group,2026,66,0.622840353106341,500
full,204,0.0,random,500,0.5,group,2026,67,0.6199419047144353,500
full,204,0.0,random,500,0.5,group,2026,68,0.6173602997779092,500
full,204,0.0,random,500,0.5,group,2026,69,0.6144838228188526,500
full,204,0.0,random,500,0.5,group,2026,70,0.6116602687872682,500
full,204,0.0,random,500,0.5,group,2026,71,0.6091548938787862,500
full,204,0.0,random,500,0.5,group,2026,72,0.6065682234170834,500
full,204,0.0,random,500,0.5,group,2026,73,0.6037994435017554,500
full,204,0.0,random,500,0.5,group,2026,74,0.6011667493349556,500
full,204,0.0,random,500,0.5,group,2026,75,0.5985500891546881,500
full,204,0.0,random,500,0.5,group,2026,76,0.5962162932443866,500
full,204,0.0,random,500,0.5,group,2026,77,0.5936370038170569,500
full,204,0.0,random,500,0.5,group,2026,78,0.5912548201141427,500
full,204,0.0,random,500,0.5,group,2026,79,0.5886936725580632,500
full,204,0.0,random,500,0.5,group,2026,80,0.5861780643917969,500
full,204,0.0,random,500,0.5,group,2026,81,0.5839897061415985,500
full,204,0.0,random,500,0.5,group,2026,82,0.5815948587817613,500
full,204,0.0,random,500,0.5,group,2026,83,0.5793562504988686,500
full,204,0.0,random,500,0.5,group,2026,84,0.5769976211683835,500
full,204,0.0,random,500,0.5,group,2026,85,0.5747099429437581,500
full,204,0.0,random,500,0.5,group,2026,86,0.5726663487766057,500
full,204,0.0,random,500,0.5,group,2026,87,0.5703840307938252,500
full,204,0.0,random,500,0.5,group,2026,88,0.5682921623648219,500
full,204,0.0,random,500,0.5,group,2026,89,0.5660779584857893,500
full,204,0.0,random,500,0.5,group,2026,90,0.5638957460391287,500
full,204,0.0,random,500,0.5,group,2026,91,0.5617646667603579,500
full,204,0.0,random,500,0.5,group,2026,92,0.5597236252365554,500
full,204,0.0,random,500,0.5,group,2026,93,0.5574092827587008,500
full,204,0.0,random,500,0.5,group,2026,94,0.5554327762343908,500
full,204,0.0,random,500,0.5,group,2026,95,0.5535863374237134,500
full,204,0.0,random,500,0.5,group,2026,96,0.5514569938442387,500
full,204,0.0,random,500,0.5,group,2026,97,0.5495145194009897,500
full,204,0.0,random,500,0.5,group,2026,98,0.5476309833195616,500
full,204,0.0,random,500,0.5,group,2026,99,0.5456290087946225,500
full,204,0.0,random,500,0.5,group,2026,100,0.5436689984037099,500
full,204,0.0,random,500,0.5,group,2026,101,0.5418060182008457,500
full,204,0.0,random,500,0.5,group,2026,102,0.539870420617039,500
full,204,0.5,adaptive,500,0.5,group,2026,1,0.9706355971142062,500
full,204,0.5,adaptive,500,0.5,group,2026,2,0.9442911607613849,500
full,204,0.5,adaptive,500,0.5,group,2026,3,0.9203205766059402,500
full,204,0.5,adaptive,500,0.5,group,2026,4,0.8985541927462262,500
full,204,0.5,adaptive,500,0.5,group,2026,5,0.8784817939382967,500
full,204,0.5,adaptive,500,0.5,group,2026,6,0.8599269337040097,500
full,204,0.5,adaptive,500,0.5,group,2026,7,0.8425624635275114,500
full,204,0.5,adaptive,500,0.5,group,2026,8,0.8263930742267012,500
full,204,0.5,adaptive,500,0.5,group,2026,9,0.811315312238458,500
full,204,0.5,adaptive,500,0.5,group,2026,10,0.7971832760923604,500
full,204,0.5,adaptive,500,0.5,group,2026,11,0.7840104333509602,500
full,204,0.5,adaptive,500,0.5,group,2026,12,0.7715014580201216,500
full,204,0.5,adaptive,500,0.5,group,2026,13,0.7600499280694247,500
full,204,0.5,adaptive,500,0.5,group,2026,14,0.7490897532697399,500
full,204,0.5,adaptive,500,0.5,group,2026,15,0.7385855861283767,500
full,204,0.5,adaptive,500,0.5,group,2026,16,0.728779567520502,500
full,204,0.5,adaptive,500,0.5,group,2026,17,0.7195309191323215,500
full,204,0.5,adaptive,500,0.5,group,2026,18,0.7108608417024807,500
full,204,0.5,adaptive,500,0.5,group,2026,19,0.7026004143711291,500
full,204,0.5,adaptive,500,0.5,group,2026,20,0.6946331581014779,500
full,204,0.5,adaptive,500,0.5,group,2026,21,0.6870301831814963,500
full,204,0.5,adaptive,500,0.5,group,2026,22,0.6797732222504063,500
full,204,0.5,adaptive,500,0.5,group,2026,23,0.6725255147264254,500
full,204,0.5,adaptive,500,0.5,group,2026,24,0.6656556084315425,500
full,204,0.5,adaptive,500,0.5,group,2026,25,0.6592080689176887,500
full,204,0.5,adaptive,500,0.5,group,2026,26,0.6530701798423907,500
full,204,0.5,adaptive,500,0.5,group,2026,27,0.6470402103823738,500
full,204,0.5,adaptive,500,0.5,group,2026,28,0.6412517934226137,500
full,204,0.5,adaptive,500,0.5,group,2026,29,0.6355261731650901,500
full,204,0.5,adaptive,500,0.5,group,2026,30,0.6302047945050722,500
full,204,0.5,adaptive,500,0.5,group,2026,31,0.6251627045022842,500
full,204,0.5,adaptive,500,0.5,group,2026,32,0.6201238316662202,500
full,204,0.5,adaptive,500,0.5,group,2026,33,0.6151859570146777,500
full,204,0.5,adaptive,500,0.5,group,2026,34,0.6104483376507644,500
full,204,0.5,adaptive,500,0.5,group,2026,35,0.6059297294458195,500
full,204,0.5,adaptive,500,0.5,group,2026,36,0.6016057489861492,500
full,204,0.5,adaptive,500,0.5,group,2026,37,0.5972627180784595,500
full,204,0.5,adaptive,500,0.5,group,2026,38,0.5930994686038771,500
full,204,0.5,adaptive,500,0.5,group,2026,39,0.5889403692981595,500
full,204,0.5,adaptive,500,0.5,group,2026,40,0.585171168090701,500
full,204,0.5,adaptive,500,0.5,group,2026,41,0.5814816972162612,500
full,204,0.5,adaptive,500,0.5,group,2026,42,0.5779217943334546,500
full,204,0.5,adaptive,500,0.5,group,2026,43,0.5744277290590619,500
full,204,0.5,adaptive,500,0.5,group,2026,44,0.5708617211974046,500
full,204,0.5,adaptive,500,0.5,group,2026,45,0.5674076205349288,500
full,204,0.5,adaptive,500,0.5,group,2026,46,0.5641123928171411,500
full,204,0.5,adaptive,500,0.5,group,2026,47,0.5609188908198182,500
full,204,0.5,adaptive,500,0.5,group,2026,48,0.5577619908364079,500
full,204,0.5,adaptive,500,0.5,group,2026,49,0.5546732687169204,500
full,204,0.5,adaptive,500,0.5,group,2026,50,0.5516660683571223,500
full,204,0.5,adaptive,500,0.5,group,2026,51,0.5486816768402396,500
full,204,0.5,adaptive,500,0.5,group,2026,52,0.5459013271803232,500
full,204,0.5,adaptive,500,0.5,group,2026,53,0.5432210935479034,500
full,204,0.5,adaptive,500,0.5,group,2026,54,0.5404872914746093,500
full,204,0.5,adaptive,500,0.5,group,2026,55,0.5377574149796495,500
full,204,0.5,adaptive,500,0.5,group,2026,56,0.5352729479246428,500
full,204,0.5,adaptive,500,0.5,group,2026,57,0.5326751968805098,500
full,204,0.5,adaptive,500,0.5,group,2026,58,0.5301347745515993,500
full,204,0.5,adaptive,500,0.5,group,2026,59,0.5276765004358862,500
full,204,0.5,adaptive,500,0.5,group,2026,60,0.5251356003980013,500
full,204,0.5,adaptive,500,0.5,group,2026,61,0.5228728941616132,500
full,204,0.5,adaptive,500,0.5,group,2026,62,0.5205695153748905,499
full,204,0.5,adaptive,500,0.5,group,2026,63,0.5183834893186378,498
full,204,0.5,adaptive,500,0.5,group,2026,64,0.5162092755671924,497
full,204,0.5,adaptive,500,0.5,group,2026,65,0.5144701625030307,493
full,204,0.5,adaptive,500,0.5,group,2026,66,0.512986773942383,484
full,204,0.5,adaptive,500,0.5,group,2026,67,0.5112111701275529,480
full,204,0.5,adaptive,500,0.5,group,2026,68,0.5103849309881285,466
full,204,0.5,adaptive,500,0.5,group,2026,69,0.509980458000338,449
full,204,0.5,adaptive,500,0.5,group,2026,70,0.5089365216492023,438
full,204,0.5,adaptive,500,0.5,group,2026,71,0.5080541803546224,428
full,204,0.5,adaptive,500,0.5,group,2026,72,0.5072434864443001,416
full,204,0.5,adaptive,500,0.5,group,2026,73,0.5063556764104605,406
full,204,0.5,adaptive,500,0.5,group,2026,74,0.5056194485161506,395
full,204,0.5,adaptive,500,0.5,group,2026,75,0.5048877030723038,386
full,204,0.5,adaptive,500,0.5,group,2026,76,0.5046642440279622,372
full,204,0.5,adaptive,500,0.5,group,2026,77,0.5035713604546913,365
full,204,0.5,adaptive,500,0.5,group,2026,78,0.5026260250026323,357
full,204,0.5,adaptive,500,0.5,group,2026,79,0.5020523089399206,347
full,204,0.5,adaptive,500,0.5,group,2026,80,0.5013908062874171,339
full,204,0.5,adaptive,500,0.5,group,2026,81,0.500328995046722,333
full,204,0.5,adaptive,500,0.5,group,2026,82,0.49940326586163125,327
full,204,0.5,adaptive,500,0.5,group,2026,83,0.49865195811879554,321
full,204,0.5,adaptive,500,0.5,group,2026,84,0.4984960861288478,309
full,204,0.5,adaptive,500,0.5,group,2026,85,0.49885309778362286,293
full,204,0.5,adaptive,500,0.5,group,2026,86,0.4983115025951162,287
full,204,0.5,adaptive,500,0.5,group,2026,87,0.4976735983664791,282
full,204,0.5,adaptive,500,0.5,group,2026,88,0.49799875633220014,269
full,204,0.5,adaptive,500,0.5,group,2026,89,0.4977428880617545,259
full,204,0.5,adaptive,500,0.5,group,2026,90,0.4971398545567555,255
full,204,0.5,adaptive,500,0.5,group,2026,91,0.49639495556027746,250
full,204,0.5,adaptive,500,0.5,group,2026,92,0.49577976016432157,245
full,204,0.5,adaptive,500,0.5,group,2026,93,0.49600451922048694,234
full,204,0.5,adaptive,500,0.5,group,2026,94,0.4958615655009533,227
full,204,0.5,adaptive,500,0.5,group,2026,95,0.4955340887350644,222
full,204,0.5,adaptive,500,0.5,group,2026,96,0.49515344093187214,216
full,204,0.5,adaptive,500,0.5,group,2026,97,0.4954413205259813,208
full,204,0.5,adaptive,500,0.5,group,2026,98,0.4955619383423144,201
full,204,0.5,adaptive,500,0.5,group,2026,99,0.49527527620938283,197
full,204,0.5,adaptive,500,0.5,group,2026,100,0.49491600591690055,193
full,204,0.5,adaptive,500,0.5,group,2026,101,0.4951002459457521,187
full,204,0.5,adaptive,500,0.5,group,2026,102,0.4947286611741063,185
full,204,0.5,random,500,0.5,group,2026,1,0.990045901613745,500
full,204,0.5,random,500,0.5,group,2026,2,0.979782803229303,500
full,204,0.5,random,500,0.5,group,2026,3,0.9706969216716111,500
full,204,0.5,random,500,0.5,group,2026,4,0.9610760826357373,500
full,204,0.5,random,500,0.5,group,2026,5,0.9522986822122786,500
full,204,0.5,random,500,0.5,group,2026,6,0.9433966766026716,500
full,204,0.5,random,500,0.5,group,2026,7,0.935400017858497,500
full,204,0.5,random,500,0.5,group,2026,8,0.927163163045587,500
full,204,0.5,random,500,0.5,group,2026,9,0.9197579048963628,500
full,204,0.5,random,500,0.5,group,2026,10,0.9119745623805037,500
full,204,0.5,random,500,0.5,group,2026,11,0.9043974008815315,500
full,204,0.5,random,500,0.5,group,2026,12,0.8972512791328934,500
full,204,0.5,random,500,0.5,group,2026,13,0.8902935530865793,500
full,204,0.5,random,500,0.5,group,2026,14,0.8833116071637518,500
full,204,0.5,random,500,0.5,group,2026,15,0.8762647940233348,500
full,204,0.5,random,500,0.5,group,2026,16,0.869750760859105,500
full,204,0.5,random,500,0.5,group,2026,17,0.8630817265941414,500
full,204,0.5,random,500,0.5,group,2026,18,0.8572897646061121,500
full,204,0.5,random,500,0.5,group,2026,19,0.8513607370520506,500
full,204,0.5,random,500,0.5,group,2026,20,0.8447466411956616,500
full,204,0.5,random,500,0.5,group,2026,21,0.8390425039188452,500
full,204,0.5,random,500,0.5,group,2026,22,0.8329717343390375,500
full,204,0.5,random,500,0.5,group,2026,23,0.827035663033232,500
full,204,0.5,random,500,0.5,group,2026,24,0.8213692347306201,500
full,204,0.5,random,500,0.5,group,2026,25,0.8159816349107084,500
full,204,0.5,random,500,0.5,group,2026,26,0.8108041525687937,500
full,204,0.5,random,500,0.5,group,2026,27,0.8053127432371193,500
full,204,0.5,random,500,0.5,group,2026,28,0.8002201852623725,500
full,204,0.5,random,500,0.5,group,2026,29,0.7948152558010776,500
full,204,0.5,random,500,0.5,group,2026,30,0.7898493786324169,500
full,204,0.5,random,500,0.5,group,2026,31,0.785020379683221,500
full,204,0.5,random,500,0.5,group,2026,32,0.7800925953804071,500
full,204,0.5,random,500,0.5,group,2026,33,0.7755964062422308,500
full,204,0.5,random,500,0.5,group,2026,34,0.770713948505682,500
full,204,0.5,random,500,0.5,group,2026,35,0.7663360786897202,500
full,204,0.5,random,500,0.5,group,2026,36,0.7618507194232725,500
full,204,0.5,random,500,0.5,group,2026,37,0.757291250873567,500
full,204,0.5,random,500,0.5,group,2026,38,0.7525920665891488,500
full,204,0.5,random,500,0.5,group,2026,39,0.7482924396981356,500
full,204,0.5,random,500,0.5,group,2026,40,0.7441846497965598,500
full,204,0.5,random,500,0.5,group,2026,41,0.7397199544093477,500
full,204,0.5,random,500,0.5,group,2026,42,0.7358068881436473,500
full,204,0.5,random,500,0.5,group,2026,43,0.732012805238864,500
full,204,0.5,random,500,0.5,group,2026,44,0.7281760887447547,500
full,204,0.5,random,500,0.5,group,2026,45,0.7246465429294587,500
full,204,0.5,random,500,0.5,group,2026,46,0.7209261785346864,500
full,204,0.5,random,500,0.5,group,2026,47,0.717327443558461,500
full,204,0.5,random,500,0.5,group,2026,48,0.7137047370348962,500
full,204,0.5,random,500,0.5,group,2026,49,0.7103743856066751,500
full,204,0.5,random,500,0.5,group,2026,50,0.7067637668830916,500
full,204,0.5,random,500,0.5,group,2026,51,0.7031489906314692,500
full,204,0.5,random,500,0.5,group,2026,52,0.6994857393333975,500
full,204,0.5,random,500,0.5,group,2026,53,0.6962037203391466,500
full,204,0.5,random,500,0.5,group,2026,54,0.6930229155171402,500
full,204,0.5,random,500,0.5,group,2026,55,0.6898397472523565,500
full,204,0.5,random,500,0.5,group,2026,56,0.6865521285385675,500
full,204,0.5,random,500,0.5,group,2026,57,0.6834529308925255,500
full,204,0.5,random,500,0.5,group,2026,58,0.6801277739785392,500
full,204,0.5,random,500,0.5,group,2026,59,0.6769373335639758,500
full,204,0.5,random,500,0.5,group,2026,60,0.6739866359113449,500
full,204,0.5,random,500,0.5,group,2026,61,0.6711112114026339,500
full,204,0.5,random,500,0.5,group,2026,62,0.6683253935012242,500
full,204,0.5,random,500,0.5,group,2026,63,0.665445540259218,500
full,204,0.5,random,500,0.5,group,2026,64,0.6625768831285229,500
full,204,0.5,random,500,0.5,group,2026,65,0.6594585886930877,500
full,204,0.5,random,500,0.5,group,2026,66,0.6569491930587256,500
full,204,0.5,random,500,0.5,group,2026,67,0.653867352121164,500
full,204,0.5,random,500,0.5,group,2026,68,0.6509928534122118,500
full,204,0.5,random,500,0.5,group,2026,69,0.6483206786828064,500
full,204,0.5,random,500,0.5,group,2026,70,0.6458157013096995,500
full,204,0.5,random,500,0.5,group,2026,71,0.6432310626004075,500
full,204,0.5,random,500,0.5,group,2026,72,0.6404914687705751,500
full,204,0.5,random,500,0.5,group,2026,73,0.6379750532435575,500
full,204,0.5,random,500,0.5,group,2026,74,0.6352586919095986,500
full,204,0.5,random,500,0.5,group,2026,75,0.632812892738033,500
full,204,0.5,random,500,0.5,group,2026,76,0.6301642050692811,500
full,204,0.5,random,500,0.5,group,2026,77,0.6276568049395244,500
full,204,0.5,random,500,0.5,group,2026,78,0.6253865528221849,500
full,204,0.5,random,500,0.5,group,2026,79,0.6228661125896954,500
full,204,0.5,random,500,0.5,group,2026,80,0.6205345858913727,500
full,204,0.5,random,500,0.5,group,2026,81,0.6183591672740417,500
full,204,0.5,random,500,0.5,group,2026,82,0.6158346530067544,500
full,204,0.5,random,500,0.5,group,2026,83,0.6136104089922405,500
full,204,0.5,random,500,0.5,group,2026,84,0.6113711540215351,500
full,204,0.5,random,500,0.5,group,2026,85,0.608895982671986,500
full,204,0.5,random,500,0.5,group,2026,86,0.6067116056754717,500
full,204,0.5,random,500,0.5,group,2026,87,0.6043344769197494,500
full,204,0.5,random,500,0.5,group,2026,88,0.6021487759105896,500
full,204,0.5,random,500,0.5,group,2026,89,0.6000478785234776,500
full,204,0.5,random,500,0.5,group,2026,90,0.5979957544820834,500
full,204,0.5,random,500,0.5,group,2026,91,0.5956163428313775,500
full,204,0.5,random,500,0.5,group,2026,92,0.593634650488801,500
full,204,0.5,random,500,0.5,group,2026,93,0.5916012115235708,500
full,204,0.5,random,500,0.5,group,2026,94,0.5895382182389012,500
full,204,0.5,random,500,0.5,group,2026,95,0.5876224623577309,500
full,204,0.5,random,500,0.5,group,2026,96,0.5856364554487418,500
full,204,0.5,random,500,0.5,group,2026,97,0.5838976757668927,500
full,204,0.5,random,500,0.5,group,2026,98,0.5818888680086113,500
full,204,0.5,random,500,0.5,group,2026,99,0.5799017955215524,500
full,204,0.5,random,500,0.5,group,2026,100,0.577886716944551,500
full,204,0.5,random,500,0.5,group,2026,101,0.5759608090667555,500
full,204,0.5,random,500,0.5,group,2026,102,0.5740713964028,500
full,40,-1.0,adaptive,500,0.5,group,2026,1,0.9702876884870171,500
full,40,-1.0,adaptive,500,0.5,group,2026,2,0.9433042895887058,500
full,40,-1.0,adaptive,500,0.5,group,2026,3,0.9188431621543904,500
full,40,-1.0,adaptive,500,0.5,group,2026,4,0.8967337782450174,500
full,40,-1.0,adaptive,500,0.5,group,2026,5,0.8767286690408592,500
full,40,-1.0,adaptive,500,0.5,group,2026,6,0.8586710543413394,500
full,40,-1.0,adaptive,500,0.5,group,2026,7,0.8421557583113775,500
full,40,-1.0,adaptive,500,0.5,group,2026,8,0.8270470578668878,500
full,40,-1.0,adaptive,500,0.5,group,2026,9,0.8130494627595178,500
full,40,-1.0,adaptive,500,0.5,group,2026,10,0.8002676317320995,500
full,40,-1.0,adaptive,500,0.5,group,2026,11,0.7883418751523675,500
full,40,-1.0,adaptive,500,0.5,group,2026,12,0.7773936099249067,500
full,40,-1.0,adaptive,500,0.5,group,2026,13,0.7673297799499974,500
full,40,-1.0,adaptive,500,0.5,group,2026,14,0.7583532728162161,500
full,40,-1.0,adaptive,500,0.5,group,2026,15,0.7502227308364386,500
full,40,-1.0,adaptive,500,0.5,group,2026,16,0.743017053106906,500
full,40,-1.0,adaptive,500,0.5,group,2026,17,0.7367913999904485,500
full,40,-1.0,adaptive,500,0.5,group,2026,18,0.7315076758594393,500
full,40,-1.0,adaptive,500,0.5,group,2026,19,0.7271313391820116,500
full,40,-1.0,adaptive,500,0.5,group,2026,20,0.7235087696298254,500
full,40,-1.0,adaptive,500,0.5,group,2026,21,0.7205120302156693,500
full,40,-1.0,adaptive,500,0.5,group,2026,22,0.7180913870217089,500
full,40,-1.0,adaptive,500,0.5,group,2026,23,0.7161577665936825,500
full,40,-1.0,adaptive,500,0.5,group,2026,24,0.7145560667781264,500
full,40,-1.0,adaptive,500,0.5,group,2026,25,0.713180365410093,500
full,40,-1.0,adaptive,500,0.5,group,2026,26,0.7119903751555882,500
full,40,-1.0,adaptive,500,0.5,group,2026,27,0.7109499057831158,500
full,40,-1.0,adaptive,500,0.5,group,2026,28,0.7100252949317953,500
full,40,-1.0,adaptive,500,0.5,group,2026,29,0.7091865681320041,500
full,40,-1.0,adaptive,500,0.5,group,2026,30,0.7083879941378596,500
full,40,-1.0,adaptive,500,0.5,group,2026,31,0.707686487468041,500
full,40,-1.0,adaptive,500,0.5,group,2026,32,0.7070510975193534,500
full,40,-1.0,adaptive,500,0.5,group,2026,33,0.7064063439890852,500
full,40,-1.0,adaptive,500,0.5,group,2026,34,0.7058215691930473,500
full,40,-1.0,adaptive,500,0.5,group,2026,35,0.7053012012710118,500
full,40,-1.0,adaptive,500,0.5,group,2026,36,0.7048490393376159,500
full,40,-1.0,adaptive,500,0.5,group,2026,37,0.7044161190800267,500
full,40,-1.0,adaptive,500,0.5,group,2026,38,0.7040371346786197,500
full,40,-1.0,adaptive,500,0.5,group,2026,39,0.7037113334289639,500
full,40,-1.0,adaptive,500,0.5,group,2026,40,0.7034110142076385,500
full,40,-1.0,random,500,0.5,group,2026,1,0.9873932586152767,500
full,40,-1.0,random,500,0.5,group,2026,2,0.9744330545297762,500
full,40,-1.0,random,500,0.5,group,2026,3,0.9621521692820647,500
full,40,-1.0,random,500,0.5,group,2026,4,0.9510844184781597,500
full,40,-1.0,random,500,0.5,group,2026,5,0.9403037864803376,500
full,40,-1.0,random,500,0.5,group,2026,6,0.9292711769259906,500
full,40,-1.0,random,500,0.5,group,2026,7,0.9188521439585717,500
full,40,-1.0,random,500,0.5,group,2026,8,0.9085225762101096,500
full,40,-1.0,random,500,0.5,group,2026,9,0.8987406768244501,500
full,40,-1.0,random,500,0.5,group,2026,10,0.8892774455337507,500
full,40,-1.0,random,500,0.5,group,2026,11,0.8804307920183265,500
full,40,-1.0,random,500,0.5,group,2026,12,0.8715054856934846,500
full,40,-1.0,random,500,0.5,group,2026,13,0.8631101811414784,500
full,40,-1.0,random,500,0.5,group,2026,14,0.8549102862919776,500
full,40,-1.0,random,500,0.5,group,2026,15,0.8467251983462181,500
full,40,-1.0,random,500,0.5,group,2026,16,0.8393542469275351,500
full,40,-1.0,random,500,0.5,group,2026,17,0.832121869300227,500
full,40,-1.0,random,500,0.5,group,2026,18,0.824663749057914,500
full,40,-1.0,random,500,0.5,group,2026,19,0.8174937246561681,500
full,40,-1.0,random,500,0.5,group,2026,20,0.8106701537910452,500
full,40,-1.0,random,500,0.5,group,2026,21,0.8041268432058712,500
full,40,-1.0,random,500,0.5,group,2026,22,0.7982869629794187,500
full,40,-1.0,random,500,0.5,group,2026,23,0.7916070730062902,500
full,40,-1.0,random,500,0.5,group,2026,24,0.785681210587969,500
full,40,-1.0,random,500,0.5,group,2026,25,0.7794300078865404,500
full,40,-1.0,random,500,0.5,group,2026,26,0.7737786136341624,500
full,40,-1.0,random,500,0.5,group,2026,27,0.7678170205526955,500
full,40,-1.0,random,500,0.5,group,2026,28,0.7619395495163187,500
full,40,-1.0,random,500,0.5,group,2026,29,0.7565681360354677,500
full,40,-1.0,random,500,0.5,group,2026,30,0.7509555651876227,500
full,40,-1.0,random,500,0.5,group,2026,31,0.7457308217504678,500
full,40,-1.0,random,500,0.5,group,2026,32,0.7405264496048135,500
full,40,-1.0,random,500,0.5,group,2026,33,0.7355417066163888,500
full,40,-1.0,random,500,0.5,group,2026,34,0.7306241137491393,500
full,40,-1.0,random,500,0.5,group,2026,35,0.7257861173765948,500
full,40,-1.0,random,500,0.5,group,2026,36,0.7209901575762535,500
full,40,-1.0,random,500,0.5,group,2026,37,0.7164297645100024,500
full,40,-1.0,random,500,0.5,group,2026,38,0.7114661863633818,500
full,40,-1.0,random,500,0.5,group,2026,39,0.7067143953389261,500
full,40,-1.0,random,500,0.5,group,2026,40,0.7023402382293764,500
full,40,0.0,adaptive,500,0.5,group,2026,1,0.9708006514498114,500
full,40,0.0,adaptive,500,0.5,group,2026,2,0.9450085722019771,500
full,40,0.0,adaptive,500,0.5,group,2026,3,0.922232389879724,500
full,40,0.0,adaptive,500,0.5,group,2026,4,0.901965820006297,500
full,40,0.0,adaptive,500,0.5,group,2026,5,0.88360282038436,500
full,40,0.0,adaptive,500,0.5,group,2026,6,0.8668978509996843,500
full,40,0.0,adaptive,500,0.5,group,2026,7,0.8516386291959904,500
full,40,0.0,adaptive,500,0.5,group,2026,8,0.8375396392690073,500
full,40,0.0,adaptive,500,0.5,group,2026,9,0.8245404173880069,500
full,40,0.0,adaptive,500,0.5,group,2026,10,0.8124275405642998,500
full,40,0.0,adaptive,500,0.5,group,2026,11,0.8011064538213172,500
full,40,0.0,adaptive,500,0.5,group,2026,12,0.7904776140941592,500
full,40,0.0,adaptive,500,0.5,group,2026,13,0.780671553850658,500
full,40,0.0,adaptive,500,0.5,group,2026,14,0.7716912353212706,500
full,40,0.0,adaptive,500,0.5,group,2026,15,0.7636103394372982,500
full,40,0.0,adaptive,500,0.5,group,2026,16,0.7563278052555773,500
full,40,0.0,adaptive,500,0.5,group,2026,17,0.74991670592027,500
full,40,0.0,adaptive,500,0.5,group,2026,18,0.7446057284014271,500
full,40,0.0,adaptive,500,0.5,group,2026,19,0.7399877540499337,500
full,40,0.0,adaptive,500,0.5,group,2026,20,0.7363011217679735,500
full,40,0.0,adaptive,500,0.5,group,2026,21,0.7333911332243451,500
full,40,0.0,adaptive,500,0.5,group,2026,22,0.7309635913306097,500
full,40,0.0,adaptive,500,0.5,group,2026,23,0.7289466278469708,500
full,40,0.0,adaptive,500,0.5,group,2026,24,0.727367605184079,500
full,40,0.0,adaptive,500,0.5,group,2026,25,0.7259962254185716,500
full,40,0.0,adaptive,500,0.5,group,2026,26,0.7247984204887101,500
full,40,0.0,adaptive,500,0.5,group,2026,27,0.7237637994389484,500
full,40,0.0,adaptive,500,0.5,group,2026,28,0.7228928685830424,500
full,40,0.0,adaptive,500,0.5,group,2026,29,0.7220006585199621,500
full,40,0.0,adaptive,500,0.5,group,2026,30,0.7212610788785855,500
full,40,0.0,adaptive,500,0.5,group,2026,31,0.7206109940560211,500
full,40,0.0,adaptive,500,0.5,group,2026,32,0.7199629927703989,500
full,40,0.0,adaptive,500,0.5,group,2026,33,0.7193979958978841,500
full,40,0.0,adaptive,500,0.5,group,2026,34,0.7188214357545112,500
full,40,0.0,adaptive,500,0.5,group,2026,35,0.7182878139426331,500
full,40,0.0,adaptive,500,0.5,group,2026,36,0.7177860708090645,500
full,40,0.0,adaptive,500,0.5,group,2026,37,0.7173504292405104,500
full,40,0.0,adaptive,500,0.5,group,2026,38,0.716974303175714,500
full,40,0.0,adaptive,500,0.5,group,2026,39,0.7166311437515278,500
full,40,0.0,adaptive,500,0.5,group,2026,40,0.7163940868273642,500
full,40,0.0,random,500,0.5,group,2026,1,0.9884292731078875,500
full,40,0.0,random,500,0.5,group,2026,2,0.9775883848992835,500
full,40,0.0,random,500,0.5,group,2026,3,0.9667214533496946,500
full,40,0.0,random,500,0.5,group,2026,4,0.9565659813179974,500
full,40,0.0,random,500,0.5,group,2026,5,0.9464712117609678,500
full,40,0.0,random,500,0.5,group,2026,6,0.9364272084060087,500
full,40,0.0,random,500,0.5,group,2026,7,0.9265833250769444,500
full,40,0.0,random,500,0.5,group,2026,8,0.9168426968476993,500
full,40,0.0,random,500,0.5,group,2026,9,0.9075908551398304,500
full,40,0.0,random,500,0.5,group,2026,10,0.8993319833873022,500
full,40,0.0,random,500,0.5,group,2026,11,0.8911212134064503,500
full,40,0.0,random,500,0.5,group,2026,12,0.8823332105565194,500
full,40,0.0,random,500,0.5,group,2026,13,0.8745528373979853,500
full,40,0.0,random,500,0.5,group,2026,14,0.8666046562034235,500
full,40,0.0,random,500,0.5,group,2026,15,0.858552406731558,500
full,40,0.0,random,500,0.5,group,2026,16,0.851162726887927,500
full,40,0.0,random,500,0.5,group,2026,17,0.8444440828949116,500
full,40,0.0,random,500,0.5,group,2026,18,0.8373730112075785,500
full,40,0.0,random,500,0.5,group,2026,19,0.8302601525097817,500
full,40,0.0,random,500,0.5,group,2026,20,0.8236184478872645,500
full,40,0.0,random,500,0.5,group,2026,21,0.8169175049901636,500
full,40,0.0,random,500,0.5,group,2026,22,0.8108651548064788,500
full,40,0.0,random,500,0.5,group,2026,23,0.8049666510628459,500
full,40,0.0,random,500,0.5,group,2026,24,0.7987293673905485,500
full,40,0.0,random,500,0.5,group,2026,25,0.7926505449353098,500
full,40,0.0,random,500,0.5,group,2026,26,0.7867631179130794,500
full,40,0.0,random,500,0.5,group,2026,27,0.7808278666841517,500
full,40,0.0,random,500,0.5,group,2026,28,0.7753179674392343,500
full,40,0.0,random,500,0.5,group,2026,29,0.7698429112747944,500
full,40,0.0,random,500,0.5,group,2026,30,0.764749892122772,500
full,40,0.0,random,500,0.5,group,2026,31,0.7595950919593641,500
full,40,0.0,random,500,0.5,group,2026,32,0.7543514334463265,500
full,40,0.0,random,500,0.5,group,2026,33,0.7495379462728375,500
full,40,0.0,random,500,0.5,group,2026,34,0.7443958955805291,500
full,40,0.0,random,500,0.5,group,2026,35,0.7396032049074837,500
full,40,0.0,random,500,0.5,group,2026,36,0.7349906283211787,500
full,40,0.0,random,500,0.5,group,2026,37,0.7302494725736949,500
full,40,0.0,random,500,0.5,group,2026,38,0.726065265002944,500
full,40,0.0,random,500,0.5,group,2026,39,0.7219355965199442,500
full,40,0.0,random,500,0.5,group,2026,40,0.7177742847353205,500
full,40,0.5,adaptive,500,0.5,group,2026,1,0.9717717435500979,500
full,40,0.5,adaptive,500,0.5,group,2026,2,0.9475347243189183,500
full,40,0.5,adaptive,500,0.5,group,2026,3,0.9268398662779878,500
full,40,0.5,adaptive,500,0.5,group,2026,4,0.9086215060017045,500
full,40,0.5,adaptive,500,0.5,group,2026,5,0.8926062403787184,500
full,40,0.5,adaptive,500,0.5,group,2026,6,0.8782657147905929,500
full,40,0.5,adaptive,500,0.5,group,2026,7,0.865164062828646,500
full,40,0.5,adaptive,500,0.5,group,2026,8,0.8532751695622435,500
full,40,0.5,adaptive,500,0.5,group,2026,9,0.8422534511932771,500
full,40,0.5,adaptive,500,0.5,group,2026,10,0.832025437727125,500
full,40,0.5,adaptive,500,0.5,group,2026,11,0.8222872812160067,500
full,40,0.5,adaptive,500,0.5,group,2026,12,0.8135666526669146,500
full,40,0.5,adaptive,500,0.5,group,2026,13,0.8054263483601476,500
full,40,0.5,adaptive,500,0.5,group,2026,14,0.7975772891842982,500
full,40,0.5,adaptive,500,0.5,group,2026,15,0.7905147837148768,500
full,40,0.5,adaptive,500,0.5,group,2026,16,0.7842613099969273,500
full,40,0.5,adaptive,500,0.5,group,2026,17,0.7786403104679047,500
full,40,0.5,adaptive,500,0.5,group,2026,18,0.773876839408621,500
full,40,0.5,adaptive,500,0.5,group,2026,19,0.7698538814488368,500
full,40,0.5,adaptive,500,0.5,group,2026,20,0.766475391094333,500
full,40,0.5,adaptive,500,0.5,group,2026,21,0.7639057861907934,500
full,40,0.5,adaptive,500,0.5,group,2026,22,0.7616473489199636,500
full,40,0.5,adaptive,500,0.5,group,2026,23,0.7600129919422127,500
full,40,0.5,adaptive,500,0.5,group,2026,24,0.7586023673643669,500
full,40,0.5,adaptive,500,0.5,group,2026,25,0.757311417688321,500
full,40,0.5,adaptive,500,0.5,group,2026,26,0.7562687162553025,500
full,40,0.5,adaptive,500,0.5,group,2026,27,0.7553205581154621,500
full,40,0.5,adaptive,500,0.5,group,2026,28,0.7545087441528566,500
full,40,0.5,adaptive,500,0.5,group,2026,29,0.7537949013686379,500
full,40,0.5,adaptive,500,0.5,group,2026,30,0.7530606180069814,500
full,40,0.5,adaptive,500,0.5,group,2026,31,0.7524483639903332,500
full,40,0.5,adaptive,500,0.5,group,2026,32,0.7517925644214491,500
full,40,0.5,adaptive,500,0.5,group,2026,33,0.751314682837198,500
full,40,0.5,adaptive,500,0.5,group,2026,34,0.7508076540033776,500
full,40,0.5,adaptive,500,0.5,group,2026,35,0.7503108112717325,500
full,40,0.5,adaptive,500,0.5,group,2026,36,0.7499666480922312,500
full,40,0.5,adaptive,500,0.5,group,2026,37,0.7496523947094648,500
full,40,0.5,adaptive,500,0.5,group,2026,38,0.749295202359574,500
full,40,0.5,adaptive,500,0.5,group,2026,39,0.7490441629823011,500
full,40,0.5,adaptive,500,0.5,group,2026,40,0.7487892340810851,500
full,40,0.5,random,500,0.5,group,2026,1,0.9903029240303467,500
full,40,0.5,random,500,0.5,group,2026,2,0.9812036449160121,500
full,40,0.5,random,500,0.5,group,2026,3,0.972241194708525,500
full,40,0.5,random,500,0.5,group,2026,4,0.9634461700367665,500
full,40,0.5,random,500,0.5,group,2026,5,0.9547577209413362,500
full,40,0.5,random,500,0.5,group,2026,6,0.9462492070187093,500
full,40,0.5,random,500,0.5,group,2026,7,0.9381456074727149,500
full,40,0.5,random,500,0.5,group,2026,8,0.9304794263073033,500
full,40,0.5,random,500,0.5,group,2026,9,0.9233858868578765,500
full,40,0.5,random,500,0.5,group,2026,10,0.915910036772678,500
full,40,0.5,random,500,0.5,group,2026,11,0.9085517725914404,500
full,40,0.5,random,500,0.5,group,2026,12,0.9011197884255779,500
full,40,0.5,random,500,0.5,group,2026,13,0.8941662803196334,500
full,40,0.5,random,500,0.5,group,2026,14,0.887271603753841,500
full,40,0.5,random,500,0.5,group,2026,15,0.8805172284046436,500
full,40,0.5,random,500,0.5,group,2026,16,0.8730614560015517,500
full,40,0.5,random,500,0.5,group,2026,17,0.8668179575832221,500
full,40,0.5,random,500,0.5,group,2026,18,0.8604019109829485,500
full,40,0.5,random,500,0.5,group,2026,19,0.8543881852638568,500
full,40,0.5,random,500,0.5,group,2026,20,0.8478283206539298,500
full,40,0.5,random,500,0.5,group,2026,21,0.8423482171817329,500
full,40,0.5,random,500,0.5,group,2026,22,0.8359373271459222,500
full,40,0.5,random,500,0.5,group,2026,23,0.8303082956782327,500
full,40,0.5,random,500,0.5,group,2026,24,0.8250470661120961,500
full,40,0.5,random,500,0.5,group,2026,25,0.8198133272029008,500
full,40,0.5,random,500,0.5,group,2026,26,0.8146569100153147,500
full,40,0.5,random,500,0.5,group,2026,27,0.8092396806374782,500
full,40,0.5,random,500,0.5,group,2026,28,0.8042308976480242,500
full,40,0.5,random,500,0.5,group,2026,29,0.7993824637257421,500
full,40,0.5,random,500,0.5,group,2026,30,0.7943875183811682,500
full,40,0.5,random,500,0.5,group,2026,31,0.7893236415342422,500
full,40,0.5,random,500,0.5,group,2026,32,0.784789490253865,500
full,40,0.5,random,500,0.5,group,2026,33,0.7797646984627502,500
full,40,0.5,random,500,0.5,group,2026,34,0.7748942836710883,500
full,40,0.5,random,500,0.5,group,2026,35,0.7704480593849213,500
full,40,0.5,random,500,0.5,group,2026,36,0.7660164628102469,500
full,40,0.5,random,500,0.5,group,2026,37,0.7617817727705237,500
full,40,0.5,random,500,0.5,group,2026,38,0.7573984043325711,500
full,40,0.5,random,500,0.5,group,2026,39,0.7531355591526087,500
full,40,0.5,random,500,0.5,group,2026,40,0.7484834664986706,500
full,20,-1.0,adaptive,500,0.5,group,2026,1,0.9708771202149474,500
full,20,-1.0,adaptive,500,0.5,group,2026,2,0.9454517660167874,500
full,20,-1.0,adaptive,500,0.5,group,2026,3,0.9234684588517285,500
full,20,-1.0,adaptive,500,0.5,group,2026,4,0.9040959579819894,500
full,20,-1.0,adaptive,500,0.5,group,2026,5,0.8870241177438911,500
full,20,-1.0,adaptive,500,0.5,group,2026,6,0.8721199632211759,500
full,20,-1.0,adaptive,500,0.5,group,2026,7,0.8593816279490889,500
full,20,-1.0,adaptive,500,0.5,group,2026,8,0.8485688934765677,500
full,20,-1.0,adaptive,500,0.5,group,2026,9,0.839947634737709,500
full,20,-1.0,adaptive,500,0.5,group,2026,10,0.8333679999521117,500
full,20,-1.0,adaptive,500,0.5,group,2026,11,0.8285605474688914,500
full,20,-1.0,adaptive,500,0.5,group,2026,12,0.8251093194166418,500
full,20,-1.0,adaptive,500,0.5,group,2026,13,0.8226952534435504,500
full,20,-1.0,adaptive,500,0.5,group,2026,14,0.8209063722425483,500
full,20,-1.0,adaptive,500,0.5,group,2026,15,0.8195407946604896,500
full,20,-1.0,adaptive,500,0.5,group,2026,16,0.8184479310324807,500
full,20,-1.0,adaptive,500,0.5,group,2026,17,0.8175289012389615,500
full,20,-1.0,adaptive,500,0.5,group,2026,18,0.8167557691941677,500
full,20,-1.0,adaptive,500,0.5,group,2026,19,0.8161150179219205,500
full,20,-1.0,adaptive,500,0.5,group,2026,20,0.8155859030708903,500
full,20,-1.0,random,500,0.5,group,2026,1,0.9883017813339844,500
full,20,-1.0,random,500,0.5,group,2026,2,0.9768059612516548,500
full,20,-1.0,random,500,0.5,group,2026,3,0.9658902763470337,500
full,20,-1.0,random,500,0.5,group,2026,4,0.9551932254904665,500
full,20,-1.0,random,500,0.5,group,2026,5,0.9441215915787059,500
full,20,-1.0,random,500,0.5,group,2026,6,0.9341316771533739,500
full,20,-1.0,random,500,0.5,group,2026,7,0.9243490966047839,500
full,20,-1.0,random,500,0.5,group,2026,8,0.9144756974574468,500
full,20,-1.0,random,500,0.5,group,2026,9,0.905108167096906,500
full,20,-1.0,random,500,0.5,group,2026,10,0.8959661686383747,500
full,20,-1.0,random,500,0.5,group,2026,11,0.8860713524287797,500
full,20,-1.0,random,500,0.5,group,2026,12,0.87770121737571,500
full,20,-1.0,random,500,0.5,group,2026,13,0.8693804176092331,500
full,20,-1.0,random,500,0.5,group,2026,14,0.8614086172623716,500
full,20,-1.0,random,500,0.5,group,2026,15,0.85339421780451,500
full,20,-1.0,random,500,0.5,group,2026,16,0.8456522739931599,500
full,20,-1.0,random,500,0.5,group,2026,17,0.8381744131619633,500
full,20,-1.0,random,500,0.5,group,2026,18,0.8306056486491339,500
full,20,-1.0,random,500,0.5,group,2026,19,0.8238125084184715,500
full,20,-1.0,random,500,0.5,group,2026,20,0.816949008185384,500
full,20,0.0,adaptive,500,0.5,group,2026,1,0.9709293813468366,500
full,20,0.0,adaptive,500,0.5,group,2026,2,0.9455397318011868,500
full,20,0.0,adaptive,500,0.5,group,2026,3,0.923565332047682,500
full,20,0.0,adaptive,500,0.5,group,2026,4,0.9041981335686798,500
full,20,0.0,adaptive,500,0.5,group,2026,5,0.8871010639555387,500
full,20,0.0,adaptive,500,0.5,group,2026,6,0.8720951570918659,500
full,20,0.0,adaptive,500,0.5,group,2026,7,0.8595127494804846,500
full,20,0.0,adaptive,500,0.5,group,2026,8,0.8489286704849783,500
full,20,0.0,adaptive,500,0.5,group,2026,9,0.8406227305648422,500
full,20,0.0,adaptive,500,0.5,group,2026,10,0.8341495315184008,500
full,20,0.0,adaptive,500,0.5,group,2026,11,0.8295108415776471,500
full,20,0.0,adaptive,500,0.5,group,2026,12,0.8261665548518967,500
full,20,0.0,adaptive,500,0.5,group,2026,13,0.8239692635582162,500
full,20,0.0,adaptive,500,0.5,group,2026,14,0.8223101877247021,500
full,20,0.0,adaptive,500,0.5,group,2026,15,0.8209838444378188,500
full,20,0.0,adaptive,500,0.5,group,2026,16,0.819887810713971,500
full,20,0.0,adaptive,500,0.5,group,2026,17,0.8189379141028573,500
full,20,0.0,adaptive,500,0.5,group,2026,18,0.8181685459972594,500
full,20,0.0,adaptive,500,0.5,group,2026,19,0.8175102495456492,500
full,20,0.0,adaptive,500,0.5,group,2026,20,0.8170187291726446,500
full,20,0.0,random,500,0.5,group,2026,1,0.9872436971467983,500
full,20,0.0,random,500,0.5,group,2026,2,0.9746296597216637,500
full,20,0.0,random,500,0.5,group,2026,3,0.9631032221341275,500
full,20,0.0,random,500,0.5,group,2026,4,0.9527280922686416,500
full,20,0.0,random,500,0.5,group,2026,5,0.9423166636948169,500
full,20,0.0,random,500,0.5,group,2026,6,0.9320100785705808,500
full,20,0.0,random,500,0.5,group,2026,7,0.9224731100765833,500
full,20,0.0,random,500,0.5,group,2026,8,0.9135004565477851,500
full,20,0.0,random,500,0.5,group,2026,9,0.9036658140706352,500
full,20,0.0,random,500,0.5,group,2026,10,0.8953338288911457,500
full,20,0.0,random,500,0.5,group,2026,11,0.8870022805755987,500
full,20,0.0,random,500,0.5,group,2026,12,0.8785199374477778,500
full,20,0.0,random,500,0.5,group,2026,13,0.8699512953048067,500
full,20,0.0,random,500,0.5,group,2026,14,0.8620071438172688,500
full,20,0.0,random,500,0.5,group,2026,15,0.8539409946217554,500
full,20,0.0,random,500,0.5,group,2026,16,0.8462256546737447,500
full,20,0.0,random,500,0.5,group,2026,17,0.8389599606480803,500
full,20,0.0,random,500,0.5,group,2026,18,0.8321528735060484,500
full,20,0.0,random,500,0.5,group,2026,19,0.8254425299347007,500
full,20,0.0,random,500,0.5,group,2026,20,0.8184643213391787,500
full,20,0.5,adaptive,500,0.5,group,2026,1,0.9722710282383707,500
full,20,0.5,adaptive,500,0.5,group,2026,2,0.9486459753654427,500
full,20,0.5,adaptive,500,0.5,group,2026,3,0.9284382114566881,500
full,20,0.5,adaptive,500,0.5,group,2026,4,0.9108211494729426,500
full,20,0.5,adaptive,500,0.5,group,2026,5,0.8957905310720878,500
full,20,0.5,adaptive,500,0.5,group,2026,6,0.8828137222016609,500
full,20,0.5,adaptive,500,0.5,group,2026,7,0.8718414707753472,500
full,20,0.5,adaptive,500,0.5,group,2026,8,0.8628059988226358,500
full,20,0.5,adaptive,500,0.5,group,2026,9,0.8557151867988645,500
full,20,0.5,adaptive,500,0.5,group,2026,10,0.8500821247830515,500
full,20,0.5,adaptive,500,0.5,group,2026,11,0.8460078732095855,500
full,20,0.5,adaptive,500,0.5,group,2026,12,0.8429831615075278,500
full,20,0.5,adaptive,500,0.5,group,2026,13,0.8407395461726241,500
full,20,0.5,adaptive,500,0.5,group,2026,14,0.8391125933316015,500
full,20,0.5,adaptive,500,0.5,group,2026,15,0.8378717516396824,500
full,20,0.5,adaptive,500,0.5,group,2026,16,0.8368533271319365,500
full,20,0.5,adaptive,500,0.5,group,2026,17,0.8360629708708296,500
full,20,0.5,adaptive,500,0.5,group,2026,18,0.835328152592957,500
full,20,0.5,adaptive,500,0.5,group,2026,19,0.834766802295858,500
full,20,0.5,adaptive,500,0.5,group,2026,20,0.8343675358256578,500
full,20,0.5,random,500,0.5,group,2026,1,0.9887130710713611,500
full,20,0.5,random,500,0.5,group,2026,2,0.9786033461746348,500
full,20,0.5,random,500,0.5,group,2026,3,0.9680438596636325,500
full,20,0.5,random,500,0.5,group,2026,4,0.9586630456617546,500
full,20,0.5,random,500,0.5,group,2026,5,0.9491142284781049,500
full,20,0.5,random,500,0.5,group,2026,6,0.9398634921997184,500
full,20,0.5,random,500,0.5,group,2026,7,0.9317522334509515,500
full,20,0.5,random,500,0.5,group,2026,8,0.9230894774841466,500
full,20,0.5,random,500,0.5,group,2026,9,0.9150065440834892,500
full,20,0.5,random,500,0.5,group,2026,10,0.9069714576036381,500
full,20,0.5,random,500,0.5,group,2026,11,0.8987333195359806,500
full,20,0.5,random,500,0.5,group,2026,12,0.8904982343738861,500
full,20,0.5,random,500,0.5,group,2026,13,0.8831365945662689,500
full,20,0.5,random,500,0.5,group,2026,14,0.8754271111894354,500
full,20,0.5,random,500,0.5,group,2026,15,0.8688878763826932,500
full,20,0.5,random,500,0.5,group,2026,16,0.8618517742241999,500
full,20,0.5,random,500,0.5,group,2026,17,0.8542964752502605,500
full,20,0.5,random,500,0.5,group,2026,18,0.8472510438301936,500
full,20,0.5,random,500,0.5,group,2026,19,0.8407103240572161,500
full,20,0.5,random,500,0.5,group,2026,20,0.8343769040163388,500
filtered,102,-1.0,adaptive,500,0.5,group,2026,1,0.9526162489883491,500
filtered,102,-1.0,adaptive,500,0.5,group,2026,2,0.9115912877057715,500
filtered,102,-1.0,adaptive,500,0.5,group,2026,3,0.8755480121168614,500
filtered,102,-1.0,adaptive,500,0.5,group,2026,4,0.843687431904752,500
filtered,102,-1.0,adaptive,500,0.5,group,2026,5,0.8151793407991859,500
filtered,102,-1.0,adaptive,500,0.5,group,2026,6,0.7894007273678608,500
filtered,102,-1.0,adaptive,500,0.5,group,2026,7,0.765983577797981,500
filtered,102,-1.0,adaptive,500,0.5,group,2026,8,0.7446054817894399,500
filtered,102,-1.0,adaptive,500,0.5,group,2026,9,0.7248632020730955,500
filtered,102,-1.0,adaptive,500,0.5,group,2026,10,0.7067723503937116,500
filtered,102,-1.0,adaptive,500,0.5,group,2026,11,0.6899357412100092,500
filtered,102,-1.0,adaptive,500,0.5,group,2026,12,0.6741143338080412,500
filtered,102,-1.0,adaptive,500,0.5,group,2026,13,0.6595617243828467,500
filtered,102,-1.0,adaptive,500,0.5,group,2026,14,0.6460566988636486,500
filtered,102,-1.0,adaptive,500,0.5,group,2026,15,0.6332625166285252,500
filtered,102,-1.0,adaptive,500,0.5,group,2026,16,0.6213109605706392,500
filtered,102,-1.0,adaptive,500,0.5,group,2026,17,0.6098595620274243,500
filtered,102,-1.0,adaptive,500,0.5,group,2026,18,0.5991117252766469,500
filtered,102,-1.0,adaptive,500,0.5,group,2026,19,0.5890470601917526,500
filtered,102,-1.0,adaptive,500,0.5,group,2026,20,0.5794060201801396,500
filtered,102,-1.0,adaptive,500,0.5,group,2026,21,0.5701244431436161,500
filtered,102,-1.0,adaptive,500,0.5,group,2026,22,0.5612812507853608,500
filtered,102,-1.0,adaptive,500,0.5,group,2026,23,0.5529735169275899,500
filtered,102,-1.0,adaptive,500,0.5,group,2026,24,0.5450229439762988,500
filtered,102,-1.0,adaptive,500,0.5,group,2026,25,0.5373037996449741,500
filtered,102,-1.0,adaptive,500,0.5,group,2026,26,0.5299273594877753,500
filtered,102,-1.0,adaptive,500,0.5,group,2026,27,0.5229205143201228,500
filtered,102,-1.0,adaptive,500,0.5,group,2026,28,0.5162470502302601,500
filtered,102,-1.0,adaptive,500,0.5,group,2026,29,0.5098989600740653,500
filtered,102,-1.0,adaptive,500,0.5,group,2026,30,0.5036422206458476,500
filtered,102,-1.0,adaptive,500,0.5,group,2026,31,0.49772430369348686,500
filtered,102,-1.0,adaptive,500,0.5,group,2026,32,0.49214008641562235,500
filtered,102,-1.0,adaptive,500,0.5,group,2026,33,0.4866101556554173,500
filtered,102,-1.0,adaptive,500,0.5,group,2026,34,0.48124661765378696,500
filtered,102,-1.0,adaptive,500,0.5,group,2026,35,0.4761424414267958,500
filtered,102,-1.0,adaptive,500,0.5,group,2026,36,0.47118918689142975,500
filtered,102,-1.0,adaptive,500,0.5,group,2026,37,0.4664051655967689,500
filtered,102,-1.0,adaptive,500,0.5,group,2026,38,0.4644747316528997,360
filtered,102,-1.0,adaptive,500,0.5,group,2026,39,0.46455222084205083,215
filtered,102,-1.0,adaptive,500,0.5,group,2026,40,0.4664585794266924,122
filtered,102,-1.0,adaptive,500,0.5,group,2026,41,0.46661132701153707,90
filtered,102,-1.0,adaptive,500,0.5,group,2026,42,0.4684655040422062,57
filtered,102,-1.0,adaptive,500,0.5,group,2026,43,0.46787868181174536,48
filtered,102,-1.0,adaptive,500,0.5,group,2026,44,0.4683784397109964,36
filtered,102,-1.0,adaptive,500,0.5,group,2026,45,0.46835824223085254,30
filtered,102,-1.0,adaptive,500,0.5,group,2026,46,0.4676281974679652,25
filtered,102,-1.0,adaptive,500,0.5,group,2026,47,0.4697773253788796,17
filtered,102,-1.0,adaptive,500,0.5,group,2026,48,0.4680496217539446,16
filtered,102,-1.0,adaptive,500,0.5,group,2026,49,0.4687023894205141,14
filtered,102,-1.0,adaptive,500,0.5,group,2026,50,0.46633694246910823,14
filtered,102,-1.0,adaptive,500,0.5,group,2026,51,0.46560145097726435,12
filtered,102,-1.0,adaptive,500,0.5,group,2026,52,0.4668282467671158,10
filtered,102,-1.0,adaptive,500,0.5,group,2026,53,0.46498772186907356,9
filtered,102,-1.0,adaptive,500,0.5,group,2026,54,0.4670329632875165,7
filtered,102,-1.0,adaptive,500,0.5,group,2026,55,0.4678692661172525,6
filtered,102,-1.0,adaptive,500,0.5,group,2026,56,0.4643441136765401,6
filtered,102,-1.0,adaptive,500,0.5,group,2026,57,0.4683962389001596,4
filtered,102,-1.0,adaptive,500,0.5,group,2026,58,0.46662791802136006,4
filtered,102,-1.0,adaptive,500,0.5,group,2026,59,0.4648993051812199,4
filtered,102,-1.0,adaptive,500,0.5,group,2026,60,0.4622032343945789,4
filtered,102,-1.0,adaptive,500,0.5,group,2026,61,0.46217039447151714,3
filtered,102,-1.0,adaptive,500,0.5,group,2026,62,0.4631124969414909,2
filtered,102,-1.0,adaptive,500,0.5,group,2026,63,0.46326639149619286,2
filtered,102,-1.0,adaptive,500,0.5,group,2026,64,0.45779716907592627,2
filtered,102,-1.0,adaptive,500,0.5,group,2026,65,0.462900547569287,1
filtered,102,-1.0,adaptive,500,0.5,group,2026,66,0.4630277586786682,1
filtered,102,-1.0,adaptive,500,0.5,group,2026,67,0.4575519720097437,1
filtered,102,-1.0,random,500,0.5,group,2026,1,0.9651548564378045,500
filtered,102,-1.0,random,500,0.5,group,2026,2,0.9345149689314076,500
filtered,102,-1.0,random,500,0.5,group,2026,3,0.9067870511602424,500
filtered,102,-1.0,random,500,0.5,group,2026,4,0.8813885126086936,500
filtered,102,-1.0,random,500,0.5,group,2026,5,0.8581640083153227,500
filtered,102,-1.0,random,500,0.5,group,2026,6,0.8370098444396937,500
filtered,102,-1.0,random,500,0.5,group,2026,7,0.8168252880947113,500
filtered,102,-1.0,random,500,0.5,group,2026,8,0.7983764506094357,500
filtered,102,-1.0,random,500,0.5,group,2026,9,0.7817493643962894,500
filtered,102,-1.0,random,500,0.5,group,2026,10,0.765427302438472,500
filtered,102,-1.0,random,500,0.5,group,2026,11,0.7501190447200973,500
filtered,102,-1.0,random,500,0.5,group,2026,12,0.7361786791129749,500
filtered,102,-1.0,random,500,0.5,group,2026,13,0.7226703977242016,500
filtered,102,-1.0,random,500,0.5,group,2026,14,0.7102402435641065,500
filtered,102,-1.0,random,500,0.5,group,2026,15,0.6984259181947862,500
filtered,102,-1.0,random,500,0.5,group,2026,16,0.6871641016984041,500
filtered,102,-1.0,random,500,0.5,group,2026,17,0.6757816190356581,500
filtered,102,-1.0,random,500,0.5,group,2026,18,0.6650072673256425,500
filtered,102,-1.0,random,500,0.5,group,2026,19,0.6549575153047547,500
filtered,102,-1.0,random,500,0.5,group,2026,20,0.6455990810629407,500
filtered,102,-1.0,random,500,0.5,group,2026,21,0.636757087211697,500
filtered,102,-1.0,random,500,0.5,group,2026,22,0.6283174420872515,500
filtered,102,-1.0,random,500,0.5,group,2026,23,0.6199593346659998,500
filtered,102,-1.0,random,500,0.5,group,2026,24,0.6122350120845242,500
filtered,102,-1.0,random,500,0.5,group,2026,25,0.6043553141738413,500
filtered,102,-1.0,random,500,0.5,group,2026,26,0.5967340711755523,500
filtered,102,-1.0,random,500,0.5,group,2026,27,0.5895626195012679,500
filtered,102,-1.0,random,500,0.5,group,2026,28,0.5826126294541744,500
filtered,102,-1.0,random,500,0.5,group,2026,29,0.5759987413845067,500
filtered,102,-1.0,random,500,0.5,group,2026,30,0.5694006407770508,500
filtered,102,-1.0,random,500,0.5,group,2026,31,0.5628691371025524,500
filtered,102,-1.0,random,500,0.5,group,2026,32,0.5567094722707215,500
filtered,102,-1.0,random,500,0.5,group,2026,33,0.5510517763121122,500
filtered,102,-1.0,random,500,0.5,group,2026,34,0.5454155558100665,500
filtered,102,-1.0,random,500,0.5,group,2026,35,0.5398951199819196,500
filtered,102,-1.0,random,500,0.5,group,2026,36,0.5345390797389393,500
filtered,102,-1.0,random,500,0.5,group,2026,37,0.5294342692784952,500
filtered,102,-1.0,random,500,0.5,group,2026,38,0.5242699941390954,500
filtered,102,-1.0,random,500,0.5,group,2026,39,0.5194034442650355,500
filtered,102,-1.0,random,500,0.5,group,2026,40,0.5146190956111175,500
filtered,102,-1.0,random,500,0.5,group,2026,41,0.5099421828849671,500
filtered,102,-1.0,random,500,0.5,group,2026,42,0.5052612634660684,500
filtered,102,-1.0,random,500,0.5,group,2026,43,0.5007109541364757,500
filtered,102,-1.0,random,500,0.5,group,2026,44,0.4965259660485169,500
filtered,102,-1.0,random,500,0.5,group,2026,45,0.4925532556565552,499
filtered,102,-1.0,random,500,0.5,group,2026,46,0.488663472125259,496
filtered,102,-1.0,random,500,0.5,group,2026,47,0.48537325574770024,488
filtered,102,-1.0,random,500,0.5,group,2026,48,0.4819752480359656,477
filtered,102,-1.0,random,500,0.5,group,2026,49,0.4790901626997546,462
filtered,102,-1.0,random,500,0.5,group,2026,50,0.47660450241765495,435
filtered,102,-1.0,random,500,0.5,group,2026,51,0.47425599663238804,412
filtered,102,-1.0,random,500,0.5,group,2026,52,0.4727300443855054,368
filtered,102,-1.0,random,500,0.5,group,2026,53,0.472041044236175,311
filtered,102,-1.0,random,500,0.5,group,2026,54,0.4716103441895865,262
filtered,102,-1.0,random,500,0.5,group,2026,55,0.4707268049443166,224
filtered,102,-1.0,random,500,0.5,group,2026,56,0.4707929722412605,182
filtered,102,-1.0,random,500,0.5,group,2026,57,0.4707828970540336,148
filtered,102,-1.0,random,500,0.5,group,2026,58,0.47072908635796146,122
filtered,102,-1.0,random,500,0.5,group,2026,59,0.47100484525472824,99
filtered,102,-1.0,random,500,0.5,group,2026,60,0.47047260022583587,83
filtered,102,-1.0,random,500,0.5,group,2026,61,0.4704322370612287,68
filtered,102,-1.0,random,500,0.5,group,2026,62,0.47038695521266755,55
filtered,102,-1.0,random,500,0.5,group,2026,63,0.4690300752641904,49
filtered,102,-1.0,random,500,0.5,group,2026,64,0.4677208383577673,44
filtered,102,-1.0,random,500,0.5,group,2026,65,0.4656571637759684,39
filtered,102,-1.0,random,500,0.5,group,2026,66,0.4659283077354583,30
filtered,102,-1.0,random,500,0.5,group,2026,67,0.46637567148867604,22
filtered,102,-1.0,random,500,0.5,group,2026,68,0.46615049431699657,18
filtered,102,-1.0,random,500,0.5,group,2026,69,0.4643977482254196,16
filtered,102,-1.0,random,500,0.5,group,2026,70,0.4632489438560023,14
filtered,102,-1.0,random,500,0.5,group,2026,71,0.463406778897936,11
filtered,102,-1.0,random,500,0.5,group,2026,72,0.46281551520714664,7
filtered,102,-1.0,random,500,0.5,group,2026,73,0.46348689668503285,5
filtered,102,-1.0,random,500,0.5,group,2026,74,0.46653343303257716,3
filtered,102,-1.0,random,500,0.5,group,2026,75,0.46580140049681756,3
filtered,102,-1.0,random,500,0.5,group,2026,76,0.4651511148584265,3
filtered,102,-1.0,random,500,0.5,group,2026,77,0.46310461283881654,3
filtered,102,-1.0,random,500,0.5,group,2026,78,0.46078719776857424,3
filtered,102,-1.0,random,500,0.5,group,2026,79,0.4619364091383008,1
filtered,102,-1.0,random,500,0.5,group,2026,80,0.46077246935878463,1
filtered,102,-1.0,random,500,0.5,group,2026,81,0.4590278128743596,1
filtered,102,-1.0,random,500,0.5,group,2026,82,0.45739883897353484,1
filtered,102,0.0,adaptive,500,0.5,group,2026,1,0.9525190093524617,500
filtered,102,0.0,adaptive,500,0.5,group,2026,2,0.9114938170446224,500
filtered,102,0.0,adaptive,500,0.5,group,2026,3,0.8756112017164246,500
filtered,102,0.0,adaptive,500,0.5,group,2026,4,0.8438714621668655,500
filtered,102,0.0,adaptive,500,0.5,group,2026,5,0.8154784013223767,500
filtered,102,0.0,adaptive,500,0.5,group,2026,6,0.790036269316858,500
filtered,102,0.0,adaptive,500,0.5,group,2026,7,0.7669601931529768,500
filtered,102,0.0,adaptive,500,0.5,group,2026,8,0.7459067272944773,500
filtered,102,0.0,adaptive,500,0.5,group,2026,9,0.7266630456871439,500
filtered,102,0.0,adaptive,500,0.5,group,2026,10,0.708729884542319,500
filtered,102,0.0,adaptive,500,0.5,group,2026,11,0.692279931687754,500
filtered,102,0.0,adaptive,500,0.5,group,2026,12,0.6770313574469228,500
filtered,102,0.0,adaptive,500,0.5,group,2026,13,0.662830759169728,500
filtered,102,0.0,adaptive,500,0.5,group,2026,14,0.6494201574195139,500
filtered,102,0.0,adaptive,500,0.5,group,2026,15,0.6368557569060074,500
filtered,102,0.0,adaptive,500,0.5,group,2026,16,0.6251272161158861,500
filtered,102,0.0,adaptive,500,0.5,group,2026,17,0.6139388802309543,500
filtered,102,0.0,adaptive,500,0.5,group,2026,18,0.6033610960414124,500
filtered,102,0.0,adaptive,500,0.5,group,2026,19,0.5931088915161516,500
filtered,102,0.0,adaptive,500,0.5,group,2026,20,0.5840266324158294,500
filtered,102,0.0,adaptive,500,0.5,group,2026,21,0.5752832206843427,500
filtered,102,0.0,adaptive,500,0.5,group,2026,22,0.5669910562842088,500
filtered,102,0.0,adaptive,500,0.5,group,2026,23,0.5590533229720639,500
filtered,102,0.0,adaptive,500,0.5,group,2026,24,0.5516261062644291,500
filtered,102,0.0,adaptive,500,0.5,group,2026,25,0.5446723261239657,500
filtered,102,0.0,adaptive,500,0.5,group,2026,26,0.5381437619322728,500
filtered,102,0.0,adaptive,500,0.5,group,2026,27,0.531882609089371,500
filtered,102,0.0,adaptive,500,0.5,group,2026,28,0.5258998289116411,500
filtered,102,0.0,adaptive,500,0.5,group,2026,29,0.5201482277868967,500
filtered,102,0.0,adaptive,500,0.5,group,2026,30,0.514537386141751,500
filtered,102,0.0,adaptive,500,0.5,group,2026,31,0.5091204087001134,500
filtered,102,0.0,adaptive,500,0.5,group,2026,32,0.5039121193048252,500
filtered,102,0.0,adaptive,500,0.5,group,2026,33,0.49882739804720827,500
filtered,102,0.0,adaptive,500,0.5,group,2026,34,0.49389481942032465,500
filtered,102,0.0,adaptive,500,0.5,group,2026,35,0.48921622166886236,500
filtered,102,0.0,adaptive,500,0.5,group,2026,36,0.4845981496823465,500
filtered,102,0.0,adaptive,500,0.5,group,2026,37,0.4800572885050469,500
filtered,102,0.0,adaptive,500,0.5,group,2026,38,0.47591976708928924,498
filtered,102,0.0,adaptive,500,0.5,group,2026,39,0.47390984108781187,448
filtered,102,0.0,adaptive,500,0.5,group,2026,40,0.4767143891100721,327
filtered,102,0.0,adaptive,500,0.5,group,2026,41,0.47706605144891767,275
filtered,102,0.0,adaptive,500,0.5,group,2026,42,0.4766080501573521,239
filtered,102,0.0,adaptive,500,0.5,group,2026,43,0.47804338670537405,197
filtered,102,0.0,adaptive,500,0.5,group,2026,44,0.4774058315142005,175
filtered,102,0.0,adaptive,500,0.5,group,2026,45,0.47624676376385655,158
filtered,102,0.0,adaptive,500,0.5,group,2026,46,0.47566154874763444,143
filtered,102,0.0,adaptive,500,0.5,group,2026,47,0.4758396891374515,124
filtered,102,0.0,adaptive,500,0.5,group,2026,48,0.4744451972662052,115
filtered,102,0.0,adaptive,500,0.5,group,2026,49,0.4733171743660925,107
filtered,102,0.0,adaptive,500,0.5,group,2026,50,0.47326519597591776,91
filtered,102,0.0,adaptive,500,0.5,group,2026,51,0.47233379563583344,82
filtered,102,0.0,adaptive,500,0.5,group,2026,52,0.47383476709488964,66
filtered,102,0.0,adaptive,500,0.5,group,2026,53,0.4722472826987745,62
filtered,102,0.0,adaptive,500,0.5,group,2026,54,0.4709385804011419,58
filtered,102,0.0,adaptive,500,0.5,group,2026,55,0.47240185492092307,47
filtered,102,0.0,adaptive,500,0.5,group,2026,56,0.4756844301608112,35
filtered,102,0.0,adaptive,500,0.5,group,2026,57,0.4726964261162376,34
filtered,102,0.0,adaptive,500,0.5,group,2026,58,0.4730277354864073,30
filtered,102,0.0,adaptive,500,0.5,group,2026,59,0.4712745483474769,29
filtered,102,0.0,adaptive,500,0.5,group,2026,60,0.46966090515244197,27
filtered,102,0.0,adaptive,500,0.5,group,2026,61,0.4727294136684369,20
filtered,102,0.0,adaptive,500,0.5,group,2026,62,0.47193733809391986,18
filtered,102,0.0,adaptive,500,0.5,group,2026,63,0.4737574031887443,14
filtered,102,0.0,adaptive,500,0.5,group,2026,64,0.47633333938902944,12
filtered,102,0.0,adaptive,500,0.5,group,2026,65,0.4735440815687097,12
filtered,102,0.0,adaptive,500,0.5,group,2026,66,0.47211272168519486,12
filtered,102,0.0,adaptive,500,0.5,group,2026,67,0.47234740217770294,10
filtered,102,0.0,adaptive,500,0.5,group,2026,68,0.47227781290722093,9
filtered,102,0.0,adaptive,500,0.5,group,2026,69,0.47396348986857684,7
filtered,102,0.0,adaptive,500,0.5,group,2026,70,0.47209606928936976,7
filtered,102,0.0,adaptive,500,0.5,group,2026,71,0.4682518078653142,7
filtered,102,0.0,adaptive,500,0.5,group,2026,72,0.46906074982550905,6
filtered,102,0.0,adaptive,500,0.5,group,2026,73,0.46801501296843745,6
filtered,102,0.0,adaptive,500,0.5,group,2026,74,0.4658079052446079,5
filtered,102,0.0,adaptive,500,0.5,group,2026,75,0.4649212150831885,4
filtered,102,0.0,adaptive,500,0.5,group,2026,76,0.4679583663181705,3
filtered,102,0.0,adaptive,500,0.5,group,2026,77,0.4678198187554581,3
filtered,102,0.0,adaptive,500,0.5,group,2026,78,0.46589840154144957,3
filtered,102,0.0,adaptive,500,0.5,group,2026,79,0.46737697433560366,2
filtered,102,0.0,adaptive,500,0.5,group,2026,80,0.4672367905776381,2
filtered,102,0.0,adaptive,500,0.5,group,2026,81,0.4670980331079261,2
filtered,102,0.0,adaptive,500,0.5,group,2026,82,0.46696065730240327,2
filtered,102,0.0,adaptive,500,0.5,group,2026,83,0.4668246200406667,2
filtered,102,0.0,adaptive,500,0.5,group,2026,84,0.466689879653684,2
filtered,102,0.0,adaptive,500,0.5,group,2026,85,0.46383352723964466,2
filtered,102,0.0,adaptive,500,0.5,group,2026,86,0.47393329950864393,1
filtered,102,0.0,adaptive,500,0.5,group,2026,87,0.4738050562154827,1
filtered,102,0.0,adaptive,500,0.5,group,2026,88,0.4736778813819735,1
filtered,102,0.0,adaptive,500,0.5,group,2026,89,0.47355174688731644,1
filtered,102,0.0,adaptive,500,0.5,group,2026,90,0.46718749593889175,1
filtered,102,0.0,adaptive,500,0.5,group,2026,91,0.4670606694344541,1
filtered,102,0.0,adaptive,500,0.5,group,2026,92,0.4669349369484301,1
filtered,102,0.0,adaptive,500,0.5,group,2026,93,0.46086389712280024,1
filtered,102,0.0,adaptive,500,0.5,group,2026,94,0.45507109153152775,1
filtered,102,0.0,random,500,0.5,group,2026,1,0.967424774783942,500
filtered,102,0.0,random,500,0.5,group,2026,2,0.9386966739470336,500
filtered,102,0.0,random,500,0.5,group,2026,3,0.9122496032073486,500
filtered,102,0.0,random,500,0.5,group,2026,4,0.8877612059487476,500
filtered,102,0.0,random,500,0.5,group,2026,5,0.8653014730422972,500
filtered,102,0.0,random,500,0.5,group,2026,6,0.8449452093230141,500
filtered,102,0.0,random,500,0.5,group,2026,7,0.8256103383299149,500
filtered,102,0.0,random,500,0.5,group,2026,8,0.8074740169195878,500
filtered,102,0.0,random,500,0.5,group,2026,9,0.790961537584855,500
filtered,102,0.0,random,500,0.5,group,2026,10,0.7758109573013953,500
filtered,102,0.0,random,500,0.5,group,2026,11,0.7609417663251343,500
filtered,102,0.0,random,500,0.5,group,2026,12,0.7464553089590932,500
filtered,102,0.0,random,500,0.5,group,2026,13,0.7329949105670026,500
filtered,102,0.0,random,500,0.5,group,2026,14,0.7200838008412658,500
filtered,102,0.0,random,500,0.5,group,2026,15,0.7082815447390626,500
filtered,102,0.0,random,500,0.5,group,2026,16,0.6970893066303125,500
filtered,102,0.0,random,500,0.5,group,2026,17,0.6866504779409245,500
filtered,102,0.0,random,500,0.5,group,2026,18,0.6765344046867972,500
filtered,102,0.0,random,500,0.5,group,2026,19,0.6664341958315704,500
filtered,102,0.0,random,500,0.5,group,2026,20,0.6573001601963309,500
filtered,102,0.0,random,500,0.5,group,2026,21,0.6481022861061322,500
filtered,102,0.0,random,500,0.5,group,2026,22,0.6396704761820088,500
filtered,102,0.0,random,500,0.5,group,2026,23,0.6313232424843084,500
filtered,102,0.0,random,500,0.5,group,2026,24,0.6230191056228364,500
filtered,102,0.0,random,500,0.5,group,2026,25,0.6150368115954046,500
filtered,102,0.0,random,500,0.5,group,2026,26,0.607606737012087,500
filtered,102,0.0,random,500,0.5,group,2026,27,0.6004296387938702,500
filtered,102,0.0,random,500,0.5,group,2026,28,0.5940147629171233,500
filtered,102,0.0,random,500,0.5,group,2026,29,0.5874507493367682,500
filtered,102,0.0,random,500,0.5,group,2026,30,0.5809884507094353,500
filtered,102,0.0,random,500,0.5,group,2026,31,0.5747218247769752,500
filtered,102,0.0,random,500,0.5,group,2026,32,0.5687371475582104,500
filtered,102,0.0,random,500,0.5,group,2026,33,0.5632502430897168,500
filtered,102,0.0,random,500,0.5,group,2026,34,0.55746394448251,500
filtered,102,0.0,random,500,0.5,group,2026,35,0.551926766628366,500
filtered,102,0.0,random,500,0.5,group,2026,36,0.5467031600999162,500
filtered,102,0.0,random,500,0.5,group,2026,37,0.5414248398078985,500
filtered,102,0.0,random,500,0.5,group,2026,38,0.5364838628340574,500
filtered,102,0.0,random,500,0.5,group,2026,39,0.5315030899541395,500
filtered,102,0.0,random,500,0.5,group,2026,40,0.5268531617418694,500
filtered,102,0.0,random,500,0.5,group,2026,41,0.5221326345956834,500
filtered,102,0.0,random,500,0.5,group,2026,42,0.5174951312350734,500
filtered,102,0.0,random,500,0.5,group,2026,43,0.5129270698649694,500
filtered,102,0.0,random,500,0.5,group,2026,44,0.5085148485624567,500
filtered,102,0.0,random,500,0.5,group,2026,45,0.5042769154325165,500
filtered,102,0.0,random,500,0.5,group,2026,46,0.5007393864901766,497
filtered,102,0.0,random,500,0.5,group,2026,47,0.4969259462283427,497
filtered,102,0.0,random,500,0.5,group,2026,48,0.4932120344868621,494
filtered,102,0.0,random,500,0.5,group,2026,49,0.48981317930993046,486
filtered,102,0.0,random,500,0.5,group,2026,50,0.4872334525156118,469
filtered,102,0.0,random,500,0.5,group,2026,51,0.48522264878024973,445
filtered,102,0.0,random,500,0.5,group,2026,52,0.48328342357573073,423
filtered,102,0.0,random,500,0.5,group,2026,53,0.4816511495818708,397
filtered,102,0.0,random,500,0.5,group,2026,54,0.48120245673738093,360
filtered,102,0.0,random,500,0.5,group,2026,55,0.48117703600581196,320
filtered,102,0.0,random,500,0.5,group,2026,56,0.48062980297124214,287
filtered,102,0.0,random,500,0.5,group,2026,57,0.47993883440055685,260
filtered,102,0.0,random,500,0.5,group,2026,58,0.47968500630747096,230
filtered,102,0.0,random,500,0.5,group,2026,59,0.48056680931640805,199
filtered,102,0.0,random,500,0.5,group,2026,60,0.47888835593948625,189
filtered,102,0.0,random,500,0.5,group,2026,61,0.47906321266906693,164
filtered,102,0.0,random,500,0.5,group,2026,62,0.4780157341486146,151
filtered,102,0.0,random,500,0.5,group,2026,63,0.4775367378253225,135
filtered,102,0.0,random,500,0.5,group,2026,64,0.4769382159971758,121
filtered,102,0.0,random,500,0.5,group,2026,65,0.4761549339884871,109
filtered,102,0.0,random,500,0.5,group,2026,66,0.47579704434453424,98
filtered,102,0.0,random,500,0.5,group,2026,67,0.4758075369772287,87
filtered,102,0.0,random,500,0.5,group,2026,68,0.4745377956824067,79
filtered,102,0.0,random,500,0.5,group,2026,69,0.47432119825186686,69
filtered,102,0.0,random,500,0.5,group,2026,70,0.47400873936506416,59
filtered,102,0.0,random,500,0.5,group,2026,71,0.47382982944739915,52
filtered,102,0.0,random,500,0.5,group,2026,72,0.4740679894753333,45
filtered,102,0.0,random,500,0.5,group,2026,73,0.471218171944329,44
filtered,102,0.0,random,500,0.5,group,2026,74,0.4716010493210987,38
filtered,102,0.0,random,500,0.5,group,2026,75,0.4724638232720055,32
filtered,102,0.0,random,500,0.5,group,2026,76,0.47295699918548767,28
filtered,102,0.0,random,500,0.5,group,2026,77,0.47076148624739117,26
filtered,102,0.0,random,500,0.5,group,2026,78,0.46887203746552064,24
filtered,102,0.0,random,500,0.5,group,2026,79,0.4678275887777887,21
filtered,102,0.0,random,500,0.5,group,2026,80,0.467397357279497,18
filtered,102,0.0,random,500,0.5,group,2026,81,0.46925173939557946,14
filtered,102,0.0,random,500,0.5,group,2026,82,0.4672546348666878,13
filtered,102,0.0,random,500,0.5,group,2026,83,0.46870203793990356,11
filtered,102,0.0,random,500,0.5,group,2026,84,0.4671910765163588,11
filtered,102,0.0,random,500,0.5,group,2026,85,0.46912757361819385,7
filtered,102,0.0,random,500,0.5,group,2026,86,0.47478361974812333,5
filtered,102,0.0,random,500,0.5,group,2026,87,0.4740558102927996,5
filtered,102,0.0,random,500,0.5,group,2026,88,0.4712544393371809,5
filtered,102,0.0,random,500,0.5,group,2026,89,0.4739802807243853,4
filtered,102,0.0,random,500,0.5,group,2026,90,0.47558826319843694,3
filtered,102,0.0,random,500,0.5,group,2026,91,0.4679079182887506,3
filtered,102,0.0,random,500,0.5,group,2026,92,0.46370773451040526,3
filtered,102,0.0,random,500,0.5,group,2026,93,0.46690282539732936,2
filtered,102,0.0,random,500,0.5,group,2026,94,0.46306055434061477,2
filtered,102,0.0,random,500,0.5,group,2026,95,0.4626312126509141,2
filtered,102,0.0,random,500,0.5,group,2026,96,0.4616021712279824,2
filtered,102,0.0,random,500,0.5,group,2026,97,0.46084811585168095,2
filtered,102,0.0,random,500,0.5,group,2026,98,0.4597159242711696,2
filtered,102,0.0,random,500,0.5,group,2026,99,0.4615983621414918,1
filtered,102,0.0,random,500,0.5,group,2026,100,0.4602430276576995,1
filtered,102,0.0,random,500,0.5,group,2026,101,0.45444472173367206,1
filtered,102,0.5,adaptive,500,0.5,group,2026,1,0.9531943221299912,500
filtered,102,0.5,adaptive,500,0.5,group,2026,2,0.913346309806508,500
filtered,102,0.5,adaptive,500,0.5,group,2026,3,0.8788099785462198,500
filtered,102,0.5,adaptive,500,0.5,group,2026,4,0.8482596992017861,500
filtered,102,0.5,adaptive,500,0.5,group,2026,5,0.8211847693603715,500
filtered,102,0.5,adaptive,500,0.5,group,2026,6,0.7965304469515011,500
filtered,102,0.5,adaptive,500,0.5,group,2026,7,0.7739223732313293,500
filtered,102,0.5,adaptive,500,0.5,group,2026,8,0.753560538454079,500
filtered,102,0.5,adaptive,500,0.5,group,2026,9,0.7343912372573925,500
filtered,102,0.5,adaptive,500,0.5,group,2026,10,0.7175985573851047,500
filtered,102,0.5,adaptive,500,0.5,group,2026,11,0.7019370149839362,500
filtered,102,0.5,adaptive,500,0.5,group,2026,12,0.6869600149113717,500
filtered,102,0.5,adaptive,500,0.5,group,2026,13,0.6735382243581094,500
filtered,102,0.5,adaptive,500,0.5,group,2026,14,0.6608396831673711,500
filtered,102,0.5,adaptive,500,0.5,group,2026,15,0.6490315081041248,500
filtered,102,0.5,adaptive,500,0.5,group,2026,16,0.6376116606849664,500
filtered,102,0.5,adaptive,500,0.5,group,2026,17,0.6268811627056532,500
filtered,102,0.5,adaptive,500,0.5,group,2026,18,0.6167241272256753,500
filtered,102,0.5,adaptive,500,0.5,group,2026,19,0.6072029802211684,500
filtered,102,0.5,adaptive,500,0.5,group,2026,20,0.5983775726248709,500
filtered,102,0.5,adaptive,500,0.5,group,2026,21,0.5897469816754185,500
filtered,102,0.5,adaptive,500,0.5,group,2026,22,0.5819988095484226,500
filtered,102,0.5,adaptive,500,0.5,group,2026,23,0.5746212531333424,500
filtered,102,0.5,adaptive,500,0.5,group,2026,24,0.5678351137689868,500
filtered,102,0.5,adaptive,500,0.5,group,2026,25,0.5616111061128468,500
filtered,102,0.5,adaptive,500,0.5,group,2026,26,0.5556733771541595,500
filtered,102,0.5,adaptive,500,0.5,group,2026,27,0.5502434045755948,500
filtered,102,0.5,adaptive,500,0.5,group,2026,28,0.5448478026419898,500
filtered,102,0.5,adaptive,500,0.5,group,2026,29,0.5396124487260229,500
filtered,102,0.5,adaptive,500,0.5,group,2026,30,0.5347596260865173,500
filtered,102,0.5,adaptive,500,0.5,group,2026,31,0.5296535983814579,500
filtered,102,0.5,adaptive,500,0.5,group,2026,32,0.5248288058222293,500
filtered,102,0.5,adaptive,500,0.5,group,2026,33,0.5204789944192316,500
filtered,102,0.5,adaptive,500,0.5,group,2026,34,0.5160309999582574,500
filtered,102,0.5,adaptive,500,0.5,group,2026,35,0.5117311452693317,500
filtered,102,0.5,adaptive,500,0.5,group,2026,36,0.5075579853896773,500
filtered,102,0.5,adaptive,500,0.5,group,2026,37,0.5033742174069091,500
filtered,102,0.5,adaptive,500,0.5,group,2026,38,0.4994935744523039,500
filtered,102,0.5,adaptive,500,0.5,group,2026,39,0.49644405029387156,492
filtered,102,0.5,adaptive,500,0.5,group,2026,40,0.4970933976214894,446
filtered,102,0.5,adaptive,500,0.5,group,2026,41,0.49611973159424955,422
filtered,102,0.5,adaptive,500,0.5,group,2026,42,0.4954940243010335,397
filtered,102,0.5,adaptive,500,0.5,group,2026,43,0.4949046302867643,374
filtered,102,0.5,adaptive,500,0.5,group,2026,44,0.4939886517555249,354
filtered,102,0.5,adaptive,500,0.5,group,2026,45,0.4936397122610303,331
filtered,102,0.5,adaptive,500,0.5,group,2026,46,0.4919576656648707,319
filtered,102,0.5,adaptive,500,0.5,group,2026,47,0.49176076672277275,298
filtered,102,0.5,adaptive,500,0.5,group,2026,48,0.4909831707286729,282
filtered,102,0.5,adaptive,500,0.5,group,2026,49,0.48991925005256903,269
filtered,102,0.5,adaptive,500,0.5,group,2026,50,0.4886850970868717,256
filtered,102,0.5,adaptive,500,0.5,group,2026,51,0.49056240100734916,227
filtered,102,0.5,adaptive,500,0.5,group,2026,52,0.48932795053393907,217
filtered,102,0.5,adaptive,500,0.5,group,2026,53,0.4882245588656797,208
filtered,102,0.5,adaptive,500,0.5,group,2026,54,0.4867548831864582,200
filtered,102,0.5,adaptive,500,0.5,group,2026,55,0.48610386624414925,191
filtered,102,0.5,adaptive,500,0.5,group,2026,56,0.4852501176190976,178
filtered,102,0.5,adaptive,500,0.5,group,2026,57,0.4867471559718885,159
filtered,102,0.5,adaptive,500,0.5,group,2026,58,0.48701298004142324,147
filtered,102,0.5,adaptive,500,0.5,group,2026,59,0.4855129517837155,144
filtered,102,0.5,adaptive,500,0.5,group,2026,60,0.4845667988582303,139
filtered,102,0.5,adaptive,500,0.5,group,2026,61,0.4841942050006007,132
filtered,102,0.5,adaptive,500,0.5,group,2026,62,0.4839258974466036,125
filtered,102,0.5,adaptive,500,0.5,group,2026,63,0.4847270587018313,112
filtered,102,0.5,adaptive,500,0.5,group,2026,64,0.4843655122829697,105
filtered,102,0.5,adaptive,500,0.5,group,2026,65,0.4837916168400724,102
filtered,102,0.5,adaptive,500,0.5,group,2026,66,0.48311809349594725,99
filtered,102,0.5,adaptive,500,0.5,group,2026,67,0.48094397144572676,98
filtered,102,0.5,adaptive,500,0.5,group,2026,68,0.4827791656880229,86
filtered,102,0.5,adaptive,500,0.5,group,2026,69,0.48227050489212303,82
filtered,102,0.5,adaptive,500,0.5,group,2026,70,0.4820389737122029,77
filtered,102,0.5,adaptive,500,0.5,group,2026,71,0.4820496970630527,73
filtered,102,0.5,adaptive,500,0.5,group,2026,72,0.4814838427155523,71
filtered,102,0.5,adaptive,500,0.5,group,2026,73,0.4799362267318337,71
filtered,102,0.5,adaptive,500,0.5,group,2026,74,0.4800789032454126,66
filtered,102,0.5,adaptive,500,0.5,group,2026,75,0.4798812729211707,63
filtered,102,0.5,adaptive,500,0.5,group,2026,76,0.4792907565849346,61
filtered,102,0.5,adaptive,500,0.5,group,2026,77,0.4785123207131461,60
filtered,102,0.5,adaptive,500,0.5,group,2026,78,0.4774411443083861,59
filtered,102,0.5,adaptive,500,0.5,group,2026,79,0.47660306956383,57
filtered,102,0.5,adaptive,500,0.5,group,2026,80,0.4766279624488057,54
filtered,102,0.5,adaptive,500,0.5,group,2026,81,0.4757246713007047,53
filtered,102,0.5,adaptive,500,0.5,group,2026,82,0.47547981972484615,51
filtered,102,0.5,adaptive,500,0.5,group,2026,83,0.47532868961355784,48
filtered,102,0.5,adaptive,500,0.5,group,2026,84,0.4760296438112043,44
filtered,102,0.5,adaptive,500,0.5,group,2026,85,0.47581852856758,43
filtered,102,0.5,adaptive,500,0.5,group,2026,86,0.47488335060099746,43
filtered,102,0.5,adaptive,500,0.5,group,2026,87,0.47452711788159946,41
filtered,102,0.5,adaptive,500,0.5,group,2026,88,0.47406457031959337,39
filtered,102,0.5,adaptive,500,0.5,group,2026,89,0.47380171930557774,37
filtered,102,0.5,adaptive,500,0.5,group,2026,90,0.47332185290422707,36
filtered,102,0.5,adaptive,500,0.5,group,2026,91,0.4736466360821437,33
filtered,102,0.5,adaptive,500,0.5,group,2026,92,0.474268569557753,31
filtered,102,0.5,adaptive,500,0.5,group,2026,93,0.47488918371134436,29
filtered,102,0.5,adaptive,500,0.5,group,2026,94,0.4736773689700481,29
filtered,102,0.5,adaptive,500,0.5,group,2026,95,0.473642721969009,28
filtered,102,0.5,adaptive,500,0.5,group,2026,96,0.4725814544567241,28
filtered,102,0.5,adaptive,500,0.5,group,2026,97,0.4718281420034712,28
filtered,102,0.5,adaptive,500,0.5,group,2026,98,0.4723881354264704,26
filtered,102,0.5,adaptive,500,0.5,group,2026,99,0.4721523603426521,25
filtered,102,0.5,adaptive,500,0.5,group,2026,100,0.4722772330961535,22
filtered,102,0.5,adaptive,500,0.5,group,2026,101,0.47263537913370407,20
filtered,102,0.5,adaptive,500,0.5,group,2026,102,0.4715859870494275,20
filtered,102,0.5,random,500,0.5,group,2026,1,0.9731480454055388,500
filtered,102,0.5,random,500,0.5,group,2026,2,0.9474197953778046,500
filtered,102,0.5,random,500,0.5,group,2026,3,0.9240744195744329,500
filtered,102,0.5,random,500,0.5,group,2026,4,0.9028248923638306,500
filtered,102,0.5,random,500,0.5,group,2026,5,0.8833763013193815,500
filtered,102,0.5,random,500,0.5,group,2026,6,0.864296407892449,500
filtered,102,0.5,random,500,0.5,group,2026,7,0.8468773510386466,500
filtered,102,0.5,random,500,0.5,group,2026,8,0.8299942415767342,500
filtered,102,0.5,random,500,0.5,group,2026,9,0.8145331422707711,500
filtered,102,0.5,random,500,0.5,group,2026,10,0.8008493565181241,500
filtered,102,0.5,random,500,0.5,group,2026,11,0.7872506693664668,500
filtered,102,0.5,random,500,0.5,group,2026,12,0.7745473771811748,500
filtered,102,0.5,random,500,0.5,group,2026,13,0.7616249563404617,500
filtered,102,0.5,random,500,0.5,group,2026,14,0.7498699759277311,500
filtered,102,0.5,random,500,0.5,group,2026,15,0.7383822110618936,500
filtered,102,0.5,random,500,0.5,group,2026,16,0.7277436005098862,500
filtered,102,0.5,random,500,0.5,group,2026,17,0.7175399911172865,500
filtered,102,0.5,random,500,0.5,group,2026,18,0.7073053856520884,500
filtered,102,0.5,random,500,0.5,group,2026,19,0.6977882275794864,500
filtered,102,0.5,random,500,0.5,group,2026,20,0.688273812528089,500
filtered,102,0.5,random,500,0.5,group,2026,21,0.6794799773554123,500
filtered,102,0.5,random,500,0.5,group,2026,22,0.670727192683052,500
filtered,102,0.5,random,500,0.5,group,2026,23,0.6625034782935404,500
filtered,102,0.5,random,500,0.5,group,2026,24,0.6548646524977845,500
filtered,102,0.5,random,500,0.5,group,2026,25,0.6469774447354355,500
filtered,102,0.5,random,500,0.5,group,2026,26,0.6399506028747892,500
filtered,102,0.5,random,500,0.5,group,2026,27,0.6329584956055297,500
filtered,102,0.5,random,500,0.5,group,2026,28,0.626022562942476,500
filtered,102,0.5,random,500,0.5,group,2026,29,0.619094683881533,500
filtered,102,0.5,random,500,0.5,group,2026,30,0.6125707189446528,500
filtered,102,0.5,random,500,0.5,group,2026,31,0.6063573828035346,500
filtered,102,0.5,random,500,0.5,group,2026,32,0.6006631424413007,500
filtered,102,0.5,random,500,0.5,group,2026,33,0.59476868518801,500
filtered,102,0.5,random,500,0.5,group,2026,34,0.5887493272902096,500
filtered,102,0.5,random,500,0.5,group,2026,35,0.5831905079009057,500
filtered,102,0.5,random,500,0.5,group,2026,36,0.5780083564368603,500
filtered,102,0.5,random,500,0.5,group,2026,37,0.5729420900534176,500
filtered,102,0.5,random,500,0.5,group,2026,38,0.5682669184557315,500
filtered,102,0.5,random,500,0.5,group,2026,39,0.5632903499490323,500
filtered,102,0.5,random,500,0.5,group,2026,40,0.5586884565392438,500
filtered,102,0.5,random,500,0.5,group,2026,41,0.553914080023982,500
filtered,102,0.5,random,500,0.5,group,2026,42,0.5496528769123106,500
filtered,102,0.5,random,500,0.5,group,2026,43,0.5451464803849343,500
filtered,102,0.5,random,500,0.5,group,2026,44,0.540640447321589,500
filtered,102,0.5,random,500,0.5,group,2026,45,0.5365269561550033,499
filtered,102,0.5,random,500,0.5,group,2026,46,0.5325482728351565,499
filtered,102,0.5,random,500,0.5,group,2026,47,0.5287465586015074,498
filtered,102,0.5,random,500,0.5,group,2026,48,0.5247132288418813,497
filtered,102,0.5,random,500,0.5,group,2026,49,0.5210501876385493,493
filtered,102,0.5,random,500,0.5,group,2026,50,0.5179388236318987,487
filtered,102,0.5,random,500,0.5,group,2026,51,0.5148114338837656,483
filtered,102,0.5,random,500,0.5,group,2026,52,0.5130120597025078,469
filtered,102,0.5,random,500,0.5,group,2026,53,0.5112632710586618,456
filtered,102,0.5,random,500,0.5,group,2026,54,0.5095499723414071,441
filtered,102,0.5,random,500,0.5,group,2026,55,0.5083320639063434,425
filtered,102,0.5,random,500,0.5,group,2026,56,0.5072176909085758,407
filtered,102,0.5,random,500,0.5,group,2026,57,0.5056451672998908,395
filtered,102,0.5,random,500,0.5,group,2026,58,0.5036781575429445,386
filtered,102,0.5,random,500,0.5,group,2026,59,0.5022359978478,373
filtered,102,0.5,random,500,0.5,group,2026,60,0.5010524304791003,360
filtered,102,0.5,random,500,0.5,group,2026,61,0.5004193905721893,342
filtered,102,0.5,random,500,0.5,group,2026,62,0.49934713679915105,329
filtered,102,0.5,random,500,0.5,group,2026,63,0.49863745742595783,314
filtered,102,0.5,random,500,0.5,group,2026,64,0.4978117664029219,299
filtered,102,0.5,random,500,0.5,group,2026,65,0.49708749126055796,286
filtered,102,0.5,random,500,0.5,group,2026,66,0.49657511537162985,272
filtered,102,0.5,random,500,0.5,group,2026,67,0.494846053631545,264
filtered,102,0.5,random,500,0.5,group,2026,68,0.49434487305251773,251
filtered,102,0.5,random,500,0.5,group,2026,69,0.4931829352058913,241
filtered,102,0.5,random,500,0.5,group,2026,70,0.4921947244106585,232
filtered,102,0.5,random,500,0.5,group,2026,71,0.4916875928472268,215
filtered,102,0.5,random,500,0.5,group,2026,72,0.49104638481135465,202
filtered,102,0.5,random,500,0.5,group,2026,73,0.49056421877998163,190
filtered,102,0.5,random,500,0.5,group,2026,74,0.4896799167523902,181
filtered,102,0.5,random,500,0.5,group,2026,75,0.48816922058722656,176
filtered,102,0.5,random,500,0.5,group,2026,76,0.486958425840422,171
filtered,102,0.5,random,500,0.5,group,2026,77,0.48714673874516834,160
filtered,102,0.5,random,500,0.5,group,2026,78,0.4853392181956441,157
filtered,102,0.5,random,500,0.5,group,2026,79,0.48512871612786984,146
filtered,102,0.5,random,500,0.5,group,2026,80,0.48548951387580824,136
filtered,102,0.5,random,500,0.5,group,2026,81,0.4840682291395938,130
filtered,102,0.5,random,500,0.5,group,2026,82,0.4821505391577533,127
filtered,102,0.5,random,500,0.5,group,2026,83,0.48288039222923257,116
filtered,102,0.5,random,500,0.5,group,2026,84,0.4817255392963964,111
filtered,102,0.5,random,500,0.5,group,2026,85,0.48108325408274294,106
filtered,102,0.5,random,500,0.5,group,2026,86,0.4796850833794791,104
filtered,102,0.5,random,500,0.5,group,2026,87,0.47992953273112837,96
filtered,102,0.5,random,500,0.5,group,2026,88,0.4797091303168429,89
filtered,102,0.5,random,500,0.5,group,2026,89,0.478969191300019,84
filtered,102,0.5,random,500,0.5,group,2026,90,0.4785897123632823,77
filtered,102,0.5,random,500,0.5,group,2026,91,0.478260114354348,72
filtered,102,0.5,random,500,0.5,group,2026,92,0.4779743023091074,67
filtered,102,0.5,random,500,0.5,group,2026,93,0.4769335952689276,63
filtered,102,0.5,random,500,0.5,group,2026,94,0.47732160848815125,58
filtered,102,0.5,random,500,0.5,group,2026,95,0.47855337270972864,52
filtered,102,0.5,random,500,0.5,group,2026,96,0.4775800861999582,49
filtered,102,0.5,random,500,0.5,group,2026,97,0.4778431471542693,44
filtered,102,0.5,random,500,0.5,group,2026,98,0.47646927602489353,42
filtered,102,0.5,random,500,0.5,group,2026,99,0.4753189331288223,39
filtered,102,0.5,random,500,0.5,group,2026,100,0.4749151772158884,37
filtered,102,0.5,random,500,0.5,group,2026,101,0.47302966528770946,36
filtered,102,0.5,random,500,0.5,group,2026,102,0.4759145809685775,30
filtered,40,-1.0,adaptive,500,0.5,group,2026,1,0.9526329050347693,500
filtered,40,-1.0,adaptive,500,0.5,group,2026,2,0.9116319066072665,500
filtered,40,-1.0,adaptive,500,0.5,group,2026,3,0.8758099237387743,500
filtered,40,-1.0,adaptive,500,0.5,group,2026,4,0.8442795307705501,500
filtered,40,-1.0,adaptive,500,0.5,group,2026,5,0.8159562120679481,500
filtered,40,-1.0,adaptive,500,0.5,group,2026,6,0.7905675076483035,500
filtered,40,-1.0,adaptive,500,0.5,group,2026,7,0.7674385122010824,500
filtered,40,-1.0,adaptive,500,0.5,group,2026,8,0.7463847322277658,500
filtered,40,-1.0,adaptive,500,0.5,group,2026,9,0.727032944434972,500
filtered,40,-1.0,adaptive,500,0.5,group,2026,10,0.7091578440981755,500
filtered,40,-1.0,adaptive,500,0.5,group,2026,11,0.6928449461345965,500
filtered,40,-1.0,adaptive,500,0.5,group,2026,12,0.6777270169623136,500
filtered,40,-1.0,adaptive,500,0.5,group,2026,13,0.6639299060875316,500
filtered,40,-1.0,adaptive,500,0.5,group,2026,14,0.6509367347734107,500
filtered,40,-1.0,adaptive,500,0.5,group,2026,15,0.6389601704090997,500
filtered,40,-1.0,adaptive,500,0.5,group,2026,16,0.6278609076755067,500
filtered,40,-1.0,adaptive,500,0.5,group,2026,17,0.617625067324742,500
filtered,40,-1.0,adaptive,500,0.5,group,2026,18,0.6081147932197903,500
filtered,40,-1.0,adaptive,500,0.5,group,2026,19,0.5995173420934439,500
filtered,40,-1.0,adaptive,500,0.5,group,2026,20,0.591551376126194,500
filtered,40,-1.0,adaptive,500,0.5,group,2026,21,0.5842262121967156,500
filtered,40,-1.0,adaptive,500,0.5,group,2026,22,0.5775709344600503,500
filtered,40,-1.0,adaptive,500,0.5,group,2026,23,0.5713298907921159,500
filtered,40,-1.0,adaptive,500,0.5,group,2026,24,0.5658372795163377,500
filtered,40,-1.0,adaptive,500,0.5,group,2026,25,0.5608220600788165,500
filtered,40,-1.0,adaptive,500,0.5,group,2026,26,0.5562580838416543,500
filtered,40,-1.0,adaptive,500,0.5,group,2026,27,0.5521814583666387,500
filtered,40,-1.0,adaptive,500,0.5,group,2026,28,0.5485462358425952,500
filtered,40,-1.0,adaptive,500,0.5,group,2026,29,0.5450567313860365,500
filtered,40,-1.0,adaptive,500,0.5,group,2026,30,0.5418841455222598,500
filtered,40,-1.0,adaptive,500,0.5,group,2026,31,0.5389040414486936,500
filtered,40,-1.0,adaptive,500,0.5,group,2026,32,0.536086130876064,500
filtered,40,-1.0,adaptive,500,0.5,group,2026,33,0.5332689244151678,500
filtered,40,-1.0,adaptive,500,0.5,group,2026,34,0.530497552189048,500
filtered,40,-1.0,adaptive,500,0.5,group,2026,35,0.5279392362537915,500
filtered,40,-1.0,adaptive,500,0.5,group,2026,36,0.5254947423036419,500
filtered,40,-1.0,adaptive,500,0.5,group,2026,37,0.5231404974658994,500
filtered,40,-1.0,adaptive,500,0.5,group,2026,38,0.5209110208291599,500
filtered,40,-1.0,adaptive,500,0.5,group,2026,39,0.5186920605430937,500
filtered,40,-1.0,adaptive,500,0.5,group,2026,40,0.5167516011780118,500
filtered,40,-1.0,random,500,0.5,group,2026,1,0.966202584521699,500
filtered,40,-1.0,random,500,0.5,group,2026,2,0.9357126156338539,500
filtered,40,-1.0,random,500,0.5,group,2026,3,0.909018594359943,500
filtered,40,-1.0,random,500,0.5,group,2026,4,0.8839602921527726,500
filtered,40,-1.0,random,500,0.5,group,2026,5,0.8608693172368428,500
filtered,40,-1.0,random,500,0.5,group,2026,6,0.839407418104414,500
filtered,40,-1.0,random,500,0.5,group,2026,7,0.8189428487829066,500
filtered,40,-1.0,random,500,0.5,group,2026,8,0.8005360825167984,500
filtered,40,-1.0,random,500,0.5,group,2026,9,0.7836993029202612,500
filtered,40,-1.0,random,500,0.5,group,2026,10,0.7678912810524275,500
filtered,40,-1.0,random,500,0.5,group,2026,11,0.7524797959051138,500
filtered,40,-1.0,random,500,0.5,group,2026,12,0.7379377787121091,500
filtered,40,-1.0,random,500,0.5,group,2026,13,0.724486501086236,500
filtered,40,-1.0,random,500,0.5,group,2026,14,0.7116291743505778,500
filtered,40,-1.0,random,500,0.5,group,2026,15,0.6991655250462668,500
filtered,40,-1.0,random,500,0.5,group,2026,16,0.6877430468997288,500
filtered,40,-1.0,random,500,0.5,group,2026,17,0.676811896178632,500
filtered,40,-1.0,random,500,0.5,group,2026,18,0.6664960187846596,500
filtered,40,-1.0,random,500,0.5,group,2026,19,0.656436392510938,500
filtered,40,-1.0,random,500,0.5,group,2026,20,0.6469614118198944,500
filtered,40,-1.0,random,500,0.5,group,2026,21,0.6378958210520702,500
filtered,40,-1.0,random,500,0.5,group,2026,22,0.6289992908289176,500
filtered,40,-1.0,random,500,0.5,group,2026,23,0.6207279347739549,500
filtered,40,-1.0,random,500,0.5,group,2026,24,0.6127778463892714,500
filtered,40,-1.0,random,500,0.5,group,2026,25,0.6050679418874287,500
filtered,40,-1.0,random,500,0.5,group,2026,26,0.5977404148810086,500
filtered,40,-1.0,random,500,0.5,group,2026,27,0.590603763468076,500
filtered,40,-1.0,random,500,0.5,group,2026,28,0.5835090257410637,500
filtered,40,-1.0,random,500,0.5,group,2026,29,0.5768503189587666,500
filtered,40,-1.0,random,500,0.5,group,2026,30,0.5704514264826627,500
filtered,40,-1.0,random,500,0.5,group,2026,31,0.563881772345698,500
filtered,40,-1.0,random,500,0.5,group,2026,32,0.5576303723270873,500
filtered,40,-1.0,random,500,0.5,group,2026,33,0.5518671629853972,500
filtered,40,-1.0,random,500,0.5,group,2026,34,0.5462957456256812,500
filtered,40,-1.0,random,500,0.5,group,2026,35,0.5409921014997613,500
filtered,40,-1.0,random,500,0.5,group,2026,36,0.535687170317877,500
filtered,40,-1.0,random,500,0.5,group,2026,37,0.5304333005432322,500
filtered,40,-1.0,random,500,0.5,group,2026,38,0.5255711627738442,500
filtered,40,-1.0,random,500,0.5,group,2026,39,0.5209722548261831,500
filtered,40,-1.0,random,500,0.5,group,2026,40,0.5161088610581133,500
filtered,40,0.0,adaptive,500,0.5,group,2026,1,0.9525841912482151,500
filtered,40,0.0,adaptive,500,0.5,group,2026,2,0.9116265384963423,500
filtered,40,0.0,adaptive,500,0.5,group,2026,3,0.8759980612394312,500
filtered,40,0.0,adaptive,500,0.5,group,2026,4,0.8445437045752444,500
filtered,40,0.0,adaptive,500,0.5,group,2026,5,0.8166359116230845,500
filtered,40,0.0,adaptive,500,0.5,group,2026,6,0.7914970337405856,500
filtered,40,0.0,adaptive,500,0.5,group,2026,7,0.7688685965231927,500
filtered,40,0.0,adaptive,500,0.5,group,2026,8,0.7481696903765804,500
filtered,40,0.0,adaptive,500,0.5,group,2026,9,0.729525201422371,500
filtered,40,0.0,adaptive,500,0.5,group,2026,10,0.7125821695223606,500
filtered,40,0.0,adaptive,500,0.5,group,2026,11,0.6971881558340101,500
filtered,40,0.0,adaptive,500,0.5,group,2026,12,0.6831771524472776,500
filtered,40,0.0,adaptive,500,0.5,group,2026,13,0.6703134637708824,500
filtered,40,0.0,adaptive,500,0.5,group,2026,14,0.6581915020197795,500
filtered,40,0.0,adaptive,500,0.5,group,2026,15,0.6470379461521182,500
filtered,40,0.0,adaptive,500,0.5,group,2026,16,0.6363730564698824,500
filtered,40,0.0,adaptive,500,0.5,group,2026,17,0.626659189777378,500
filtered,40,0.0,adaptive,500,0.5,group,2026,18,0.6175184290769234,500
filtered,40,0.0,adaptive,500,0.5,group,2026,19,0.6089773496228431,500
filtered,40,0.0,adaptive,500,0.5,group,2026,20,0.6008618339785646,500
filtered,40,0.0,adaptive,500,0.5,group,2026,21,0.5933174012991199,500
filtered,40,0.0,adaptive,500,0.5,group,2026,22,0.586074498975113,500
filtered,40,0.0,adaptive,500,0.5,group,2026,23,0.5794501546337238,500
filtered,40,0.0,adaptive,500,0.5,group,2026,24,0.5734668257554351,500
filtered,40,0.0,adaptive,500,0.5,group,2026,25,0.5682337248752456,500
filtered,40,0.0,adaptive,500,0.5,group,2026,26,0.5635270993591901,500
filtered,40,0.0,adaptive,500,0.5,group,2026,27,0.559208547546285,500
filtered,40,0.0,adaptive,500,0.5,group,2026,28,0.5555352435444469,500
filtered,40,0.0,adaptive,500,0.5,group,2026,29,0.5520649589190583,500
filtered,40,0.0,adaptive,500,0.5,group,2026,30,0.548791330071166,500
filtered,40,0.0,adaptive,500,0.5,group,2026,31,0.545899032390119,500
filtered,40,0.0,adaptive,500,0.5,group,2026,32,0.543057579722872,500
filtered,40,0.0,adaptive,500,0.5,group,2026,33,0.54032026494667,500
filtered,40,0.0,adaptive,500,0.5,group,2026,34,0.5378465944947959,500
filtered,40,0.0,adaptive,500,0.5,group,2026,35,0.5353858432926193,500
filtered,40,0.0,adaptive,500,0.5,group,2026,36,0.533093671476677,500
filtered,40,0.0,adaptive,500,0.5,group,2026,37,0.53081476337229,500
filtered,40,0.0,adaptive,500,0.5,group,2026,38,0.52853678234722,500
filtered,40,0.0,adaptive,500,0.5,group,2026,39,0.5263138099456307,500
filtered,40,0.0,adaptive,500,0.5,group,2026,40,0.5242190696673181,500
filtered,40,0.0,random,500,0.5,group,2026,1,0.9679966730124328,500
filtered,40,0.0,random,500,0.5,group,2026,2,0.9390164652211663,500
filtered,40,0.0,random,500,0.5,group,2026,3,0.9126229213996627,500
filtered,40,0.0,random,500,0.5,group,2026,4,0.8883889306400748,500
filtered,40,0.0,random,500,0.5,group,2026,5,0.8651142131525167,500
filtered,40,0.0,random,500,0.5,group,2026,6,0.8438247521189278,500
filtered,40,0.0,random,500,0.5,group,2026,7,0.8251856179514703,500
filtered,40,0.0,random,500,0.5,group,2026,8,0.807234349778031,500
filtered,40,0.0,random,500,0.5,group,2026,9,0.790122996585539,500
filtered,40,0.0,random,500,0.5,group,2026,10,0.7747624318471517,500
filtered,40,0.0,random,500,0.5,group,2026,11,0.7590647209150473,500
filtered,40,0.0,random,500,0.5,group,2026,12,0.7448489257453019,500
filtered,40,0.0,random,500,0.5,group,2026,13,0.7314295071120599,500
filtered,40,0.0,random,500,0.5,group,2026,14,0.7190819824608943,500
filtered,40,0.0,random,500,0.5,group,2026,15,0.7072654415663936,500
filtered,40,0.0,random,500,0.5,group,2026,16,0.696067371447061,500
filtered,40,0.0,random,500,0.5,group,2026,17,0.6854902214927381,500
filtered,40,0.0,random,500,0.5,group,2026,18,0.6749713208216749,500
filtered,40,0.0,random,500,0.5,group,2026,19,0.66522164506803,500
filtered,40,0.0,random,500,0.5,group,2026,20,0.6556859480972335,500
filtered,40,0.0,random,500,0.5,group,2026,21,0.6467392509412884,500
filtered,40,0.0,random,500,0.5,group,2026,22,0.6380805376804661,500
filtered,40,0.0,random,500,0.5,group,2026,23,0.6298642571825731,500
filtered,40,0.0,random,500,0.5,group,2026,24,0.6220651671042242,500
filtered,40,0.0,random,500,0.5,group,2026,25,0.6141406150952768,500
filtered,40,0.0,random,500,0.5,group,2026,26,0.6064988437440677,500
filtered,40,0.0,random,500,0.5,group,2026,27,0.5995209663554146,500
filtered,40,0.0,random,500,0.5,group,2026,28,0.5928458783897245,500
filtered,40,0.0,random,500,0.5,group,2026,29,0.5862308447987187,500
filtered,40,0.0,random,500,0.5,group,2026,30,0.5795410970675134,500
filtered,40,0.0,random,500,0.5,group,2026,31,0.5732889604102366,500
filtered,40,0.0,random,500,0.5,group,2026,32,0.5672462169750838,500
filtered,40,0.0,random,500,0.5,group,2026,33,0.5614201500099147,500
filtered,40,0.0,random,500,0.5,group,2026,34,0.555872819487191,500
filtered,40,0.0,random,500,0.5,group,2026,35,0.5503158081980841,500
filtered,40,0.0,random,500,0.5,group,2026,36,0.5451801711016369,500
filtered,40,0.0,random,500,0.5,group,2026,37,0.5401206574361683,500
filtered,40,0.0,random,500,0.5,group,2026,38,0.5350873146929266,500
filtered,40,0.0,random,500,0.5,group,2026,39,0.5301013733131013,500
filtered,40,0.0,random,500,0.5,group,2026,40,0.5254166797357525,500
filtered,40,0.5,adaptive,500,0.5,group,2026,1,0.9533597068883967,500
filtered,40,0.5,adaptive,500,0.5,group,2026,2,0.9137355185369511,500
filtered,40,0.5,adaptive,500,0.5,group,2026,3,0.8796917342383886,500
filtered,40,0.5,adaptive,500,0.5,group,2026,4,0.849621536774039,500
filtered,40,0.5,adaptive,500,0.5,group,2026,5,0.8230968959797201,500
filtered,40,0.5,adaptive,500,0.5,group,2026,6,0.7993922456831392,500
filtered,40,0.5,adaptive,500,0.5,group,2026,7,0.7781600720753377,500
filtered,40,0.5,adaptive,500,0.5,group,2026,8,0.7590064021995125,500
filtered,40,0.5,adaptive,500,0.5,group,2026,9,0.7420509823795606,500
filtered,40,0.5,adaptive,500,0.5,group,2026,10,0.7271198715847961,500
filtered,40,0.5,adaptive,500,0.5,group,2026,11,0.7134070819080021,500
filtered,40,0.5,adaptive,500,0.5,group,2026,12,0.7011202992747209,500
filtered,40,0.5,adaptive,500,0.5,group,2026,13,0.6900568378552014,500
filtered,40,0.5,adaptive,500,0.5,group,2026,14,0.6798935307153079,500
filtered,40,0.5,adaptive,500,0.5,group,2026,15,0.6703791625784004,500
filtered,40,0.5,adaptive,500,0.5,group,2026,16,0.6616151814889395,500
filtered,40,0.5,adaptive,500,0.5,group,2026,17,0.6529427348285287,500
filtered,40,0.5,adaptive,500,0.5,group,2026,18,0.6448441279449051,500
filtered,40,0.5,adaptive,500,0.5,group,2026,19,0.6371156996719031,500
filtered,40,0.5,adaptive,500,0.5,group,2026,20,0.6302421816452093,500
filtered,40,0.5,adaptive,500,0.5,group,2026,21,0.623780260740491,500
filtered,40,0.5,adaptive,500,0.5,group,2026,22,0.6179353877675386,500
filtered,40,0.5,adaptive,500,0.5,group,2026,23,0.6120998146938369,500
filtered,40,0.5,adaptive,500,0.5,group,2026,24,0.6065156110861833,500
filtered,40,0.5,adaptive,500,0.5,group,2026,25,0.601396519204165,500
filtered,40,0.5,adaptive,500,0.5,group,2026,26,0.596507389410509,500
filtered,40,0.5,adaptive,500,0.5,group,2026,27,0.5921554680448967,500
filtered,40,0.5,adaptive,500,0.5,group,2026,28,0.5880476019054535,500
filtered,40,0.5,adaptive,500,0.5,group,2026,29,0.5841998108642735,500
filtered,40,0.5,adaptive,500,0.5,group,2026,30,0.580712526655525,500
filtered,40,0.5,adaptive,500,0.5,group,2026,31,0.5776776745739486,500
filtered,40,0.5,adaptive,500,0.5,group,2026,32,0.5749931918365091,500
filtered,40,0.5,adaptive,500,0.5,group,2026,33,0.5723248473462623,500
filtered,40,0.5,adaptive,500,0.5,group,2026,34,0.5696769724066159,500
filtered,40,0.5,adaptive,500,0.5,group,2026,35,0.5673473688480519,500
filtered,40,0.5,adaptive,500,0.5,group,2026,36,0.565248443113042,500
filtered,40,0.5,adaptive,500,0.5,group,2026,37,0.5632850089312451,500
filtered,40,0.5,adaptive,500,0.5,group,2026,38,0.5611919792951013,500
filtered,40,0.5,adaptive,500,0.5,group,2026,39,0.5592413337135176,500
filtered,40,0.5,adaptive,500,0.5,group,2026,40,0.5573357773930131,500
filtered,40,0.5,random,500,0.5,group,2026,1,0.9728448735275551,500
filtered,40,0.5,random,500,0.5,group,2026,2,0.9479343148757903,500
filtered,40,0.5,random,500,0.5,group,2026,3,0.9246845348510312,500
filtered,40,0.5,random,500,0.5,group,2026,4,0.9033792363172828,500
filtered,40,0.5,random,500,0.5,group,2026,5,0.8841612943610455,500
filtered,40,0.5,random,500,0.5,group,2026,6,0.8652933928483186,500
filtered,40,0.5,random,500,0.5,group,2026,7,0.8478385582141578,500
filtered,40,0.5,random,500,0.5,group,2026,8,0.831780828237677,500
filtered,40,0.5,random,500,0.5,group,2026,9,0.8163251486505071,500
filtered,40,0.5,random,500,0.5,group,2026,10,0.8018281239756817,500
filtered,40,0.5,random,500,0.5,group,2026,11,0.7874313988388025,500
filtered,40,0.5,random,500,0.5,group,2026,12,0.7742500596400282,500
filtered,40,0.5,random,500,0.5,group,2026,13,0.7607152811860145,500
filtered,40,0.5,random,500,0.5,group,2026,14,0.7488166122245639,500
filtered,40,0.5,random,500,0.5,group,2026,15,0.7375692267795998,500
filtered,40,0.5,random,500,0.5,group,2026,16,0.7269192670715896,500
filtered,40,0.5,random,500,0.5,group,2026,17,0.716519216159692,500
filtered,40,0.5,random,500,0.5,group,2026,18,0.7068149606619117,500
filtered,40,0.5,random,500,0.5,group,2026,19,0.6964727169900059,500
filtered,40,0.5,random,500,0.5,group,2026,20,0.6866219091870587,500
filtered,40,0.5,random,500,0.5,group,2026,21,0.6778173520430069,500
filtered,40,0.5,random,500,0.5,group,2026,22,0.6692144727930447,500
filtered,40,0.5,random,500,0.5,group,2026,23,0.6609837990817303,500
filtered,40,0.5,random,500,0.5,group,2026,24,0.6533125421696873,500
filtered,40,0.5,random,500,0.5,group,2026,25,0.6457755914185848,500
filtered,40,0.5,random,500,0.5,group,2026,26,0.6385788439843108,500
filtered,40,0.5,random,500,0.5,group,2026,27,0.6314631846009189,500
filtered,40,0.5,random,500,0.5,group,2026,28,0.624216969047011,500
filtered,40,0.5,random,500,0.5,group,2026,29,0.617503813740831,500
filtered,40,0.5,random,500,0.5,group,2026,30,0.6113954262967575,500
filtered,40,0.5,random,500,0.5,group,2026,31,0.6051912871643467,500
filtered,40,0.5,random,500,0.5,group,2026,32,0.5987941129686283,500
filtered,40,0.5,random,500,0.5,group,2026,33,0.5931553622798628,500
filtered,40,0.5,random,500,0.5,group,2026,34,0.587368480162088,500
filtered,40,0.5,random,500,0.5,group,2026,35,0.5817308368047046,500
filtered,40,0.5,random,500,0.5,group,2026,36,0.5761359905510933,500
filtered,40,0.5,random,500,0.5,group,2026,37,0.5704162041145505,500
filtered,40,0.5,random,500,0.5,group,2026,38,0.5653389132065495,500
filtered,40,0.5,random,500,0.5,group,2026,39,0.560086334712799,500
filtered,40,0.5,random,500,0.5,group,2026,40,0.5550785341488383,500
filtered,20,-1.0,adaptive,500,0.5,group,2026,1,0.9526501916967447,500
filtered,20,-1.0,adaptive,500,0.5,group,2026,2,0.9118951812597592,500
filtered,20,-1.0,adaptive,500,0.5,group,2026,3,0.876528244101576,500
filtered,20,-1.0,adaptive,500,0.5,group,2026,4,0.8453840907573368,500
filtered,20,-1.0,adaptive,500,0.5,group,2026,5,0.8179272893685178,500
filtered,20,-1.0,adaptive,500,0.5,group,2026,6,0.7935594769464003,500
filtered,20,-1.0,adaptive,500,0.5,group,2026,7,0.7717146770801019,500
filtered,20,-1.0,adaptive,500,0.5,group,2026,8,0.7525761996142563,500
filtered,20,-1.0,adaptive,500,0.5,group,2026,9,0.7354949643028781,500
filtered,20,-1.0,adaptive,500,0.5,group,2026,10,0.7205628908474838,500
filtered,20,-1.0,adaptive,500,0.5,group,2026,11,0.7072058563717658,500
filtered,20,-1.0,adaptive,500,0.5,group,2026,12,0.6957835160562941,500
filtered,20,-1.0,adaptive,500,0.5,group,2026,13,0.6861039441754196,500
filtered,20,-1.0,adaptive,500,0.5,group,2026,14,0.6779252629283214,500
filtered,20,-1.0,adaptive,500,0.5,group,2026,15,0.6709950902968124,500
filtered,20,-1.0,adaptive,500,0.5,group,2026,16,0.6648911892339622,500
filtered,20,-1.0,adaptive,500,0.5,group,2026,17,0.6594805953858913,500
filtered,20,-1.0,adaptive,500,0.5,group,2026,18,0.6544971568151493,500
filtered,20,-1.0,adaptive,500,0.5,group,2026,19,0.6499128290753626,500
filtered,20,-1.0,adaptive,500,0.5,group,2026,20,0.645753837695224,500
filtered,20,-1.0,random,500,0.5,group,2026,1,0.9667449879651372,500
filtered,20,-1.0,random,500,0.5,group,2026,2,0.9363940897704224,500
filtered,20,-1.0,random,500,0.5,group,2026,3,0.9090882899064916,500
filtered,20,-1.0,random,500,0.5,group,2026,4,0.8832039338280313,500
filtered,20,-1.0,random,500,0.5,group,2026,5,0.860410265329885,500
filtered,20,-1.0,random,500,0.5,group,2026,6,0.8388977941279373,500
filtered,20,-1.0,random,500,0.5,group,2026,7,0.819777151626136,500
filtered,20,-1.0,random,500,0.5,group,2026,8,0.8010486053349185,500
filtered,20,-1.0,random,500,0.5,group,2026,9,0.7837678872982754,500
filtered,20,-1.0,random,500,0.5,group,2026,10,0.7674301919125889,500
filtered,20,-1.0,random,500,0.5,group,2026,11,0.7521986143674992,500
filtered,20,-1.0,random,500,0.5,group,2026,12,0.7383016233171873,500
filtered,20,-1.0,random,500,0.5,group,2026,13,0.7249366631126131,500
filtered,20,-1.0,random,500,0.5,group,2026,14,0.7119335699931044,500
filtered,20,-1.0,random,500,0.5,group,2026,15,0.6994434441925507,500
filtered,20,-1.0,random,500,0.5,group,2026,16,0.6884240594818021,500
filtered,20,-1.0,random,500,0.5,group,2026,17,0.6773472360367633,500
filtered,20,-1.0,random,500,0.5,group,2026,18,0.6670642128781745,500
filtered,20,-1.0,random,500,0.5,group,2026,19,0.6573966002749712,500
filtered,20,-1.0,random,500,0.5,group,2026,20,0.6478206227714471,500
filtered,20,0.0,adaptive,500,0.5,group,2026,1,0.9527526705394808,500
filtered,20,0.0,adaptive,500,0.5,group,2026,2,0.9122117820808738,500
filtered,20,0.0,adaptive,500,0.5,group,2026,3,0.87712892638256,500
filtered,20,0.0,adaptive,500,0.5,group,2026,4,0.8464137333263155,500
filtered,20,0.0,adaptive,500,0.5,group,2026,5,0.8193437287823012,500
filtered,20,0.0,adaptive,500,0.5,group,2026,6,0.795760865694705,500
filtered,20,0.0,adaptive,500,0.5,group,2026,7,0.7749649466417896,500
filtered,20,0.0,adaptive,500,0.5,group,2026,8,0.7565711374716985,500
filtered,20,0.0,adaptive,500,0.5,group,2026,9,0.74026427309805,500
filtered,20,0.0,adaptive,500,0.5,group,2026,10,0.7257968817456737,500
filtered,20,0.0,adaptive,500,0.5,group,2026,11,0.7134573167136979,500
filtered,20,0.0,adaptive,500,0.5,group,2026,12,0.7026715202951802,500
filtered,20,0.0,adaptive,500,0.5,group,2026,13,0.6934516218361721,500
filtered,20,0.0,adaptive,500,0.5,group,2026,14,0.6857245540115077,500
filtered,20,0.0,adaptive,500,0.5,group,2026,15,0.6790223834218676,500
filtered,20,0.0,adaptive,500,0.5,group,2026,16,0.6731216346805412,500
filtered,20,0.0,adaptive,500,0.5,group,2026,17,0.6678666391836773,500
filtered,20,0.0,adaptive,500,0.5,group,2026,18,0.6629715297738297,500
filtered,20,0.0,adaptive,500,0.5,group,2026,19,0.6585829551787727,500
filtered,20,0.0,adaptive,500,0.5,group,2026,20,0.654411352102624,500
filtered,20,0.0,random,500,0.5,group,2026,1,0.9684992244013626,500
filtered,20,0.0,random,500,0.5,group,2026,2,0.9387686316626587,500
filtered,20,0.0,random,500,0.5,group,2026,3,0.9120003224208219,500
filtered,20,0.0,random,500,0.5,group,2026,4,0.8873171651565019,500
filtered,20,0.0,random,500,0.5,group,2026,5,0.8650227341205889,500
filtered,20,0.0,random,500,0.5,group,2026,6,0.8435152644487018,500
filtered,20,0.0,random,500,0.5,group,2026,7,0.8243272242095832,500
filtered,20,0.0,random,500,0.5,group,2026,8,0.8060108823329899,500
filtered,20,0.0,random,500,0.5,group,2026,9,0.7896311870969361,500
filtered,20,0.0,random,500,0.5,group,2026,10,0.7738742434494716,500
filtered,20,0.0,random,500,0.5,group,2026,11,0.7591559351578431,500
filtered,20,0.0,random,500,0.5,group,2026,12,0.7452134370655344,500
filtered,20,0.0,random,500,0.5,group,2026,13,0.7313979532062459,500
filtered,20,0.0,random,500,0.5,group,2026,14,0.7183062412655359,500
filtered,20,0.0,random,500,0.5,group,2026,15,0.7065121508303723,500
filtered,20,0.0,random,500,0.5,group,2026,16,0.6952049670337221,500
filtered,20,0.0,random,500,0.5,group,2026,17,0.6839396976435703,500
filtered,20,0.0,random,500,0.5,group,2026,18,0.6734277092566326,500
filtered,20,0.0,random,500,0.5,group,2026,19,0.6639861120504134,500
filtered,20,0.0,random,500,0.5,group,2026,20,0.6545774290766102,500
filtered,20,0.5,adaptive,500,0.5,group,2026,1,0.9544908510901408,500
filtered,20,0.5,adaptive,500,0.5,group,2026,2,0.9166174342881593,500
filtered,20,0.5,adaptive,500,0.5,group,2026,3,0.8837677077460091,500
filtered,20,0.5,adaptive,500,0.5,group,2026,4,0.8554806727453389,500
filtered,20,0.5,adaptive,500,0.5,group,2026,5,0.8306443150106977,500
filtered,20,0.5,adaptive,500,0.5,group,2026,6,0.8089426462564271,500
filtered,20,0.5,adaptive,500,0.5,group,2026,7,0.7906015830955403,500
filtered,20,0.5,adaptive,500,0.5,group,2026,8,0.7752335607342656,500
filtered,20,0.5,adaptive,500,0.5,group,2026,9,0.7611359304346457,500
filtered,20,0.5,adaptive,500,0.5,group,2026,10,0.7490812191877667,500
filtered,20,0.5,adaptive,500,0.5,group,2026,11,0.7381737606102511,500
filtered,20,0.5,adaptive,500,0.5,group,2026,12,0.7276925825900369,500
filtered,20,0.5,adaptive,500,0.5,group,2026,13,0.7185600598083772,500
filtered,20,0.5,adaptive,500,0.5,group,2026,14,0.7109049550175615,500
filtered,20,0.5,adaptive,500,0.5,group,2026,15,0.7042784693642526,500
filtered,20,0.5,adaptive,500,0.5,group,2026,16,0.6986740105353131,500
filtered,20,0.5,adaptive,500,0.5,group,2026,17,0.693528163646831,500
filtered,20,0.5,adaptive,500,0.5,group,2026,18,0.689192113085835,500
filtered,20,0.5,adaptive,500,0.5,group,2026,19,0.6851684458904272,500
filtered,20,0.5,adaptive,500,0.5,group,2026,20,0.6813469825137137,500
filtered,20,0.5,random,500,0.5,group,2026,1,0.9727456873811493,500
filtered,20,0.5,random,500,0.5,group,2026,2,0.9467241704238164,500
filtered,20,0.5,random,500,0.5,group,2026,3,0.9231978822379627,500
filtered,20,0.5,random,500,0.5,group,2026,4,0.9011785403218443,500
filtered,20,0.5,random,500,0.5,group,2026,5,0.8810707488260942,500
filtered,20,0.5,random,500,0.5,group,2026,6,0.8616889058648358,500
filtered,20,0.5,random,500,0.5,group,2026,7,0.8441210016405309,500
filtered,20,0.5,random,500,0.5,group,2026,8,0.8273947188351289,500
filtered,20,0.5,random,500,0.5,group,2026,9,0.810702190913723,500
filtered,20,0.5,random,500,0.5,group,2026,10,0.7949975945144719,500
filtered,20,0.5,random,500,0.5,group,2026,11,0.7808766827152319,500
filtered,20,0.5,random,500,0.5,group,2026,12,0.767311736686896,500
filtered,20,0.5,random,500,0.5,group,2026,13,0.7552648033702996,500
filtered,20,0.5,random,500,0.5,group,2026,14,0.7431396019514634,500
filtered,20,0.5,random,500,0.5,group,2026,15,0.7319052501980352,500
filtered,20,0.5,random,500,0.5,group,2026,16,0.7213030793035378,500
filtered,20,0.5,random,500,0.5,group,2026,17,0.7108035239939764,500
filtered,20,0.5,random,500,0.5,group,2026,18,0.7008210138171814,500
filtered,20,0.5,random,500,0.5,group,2026,19,0.6913247523723773,500
filtered,20,0.5,random,500,0.5,group,2026,20,0.682048820909325,500
