item_key,id,defect,base_defect,family,model,theta,q_type,chapter,n_obs,n_levels,dose_spread,y_var,s_i,se_s_i,s_per_dose,c_i,converged,q_var_ok
luke4:item7:open,uw-174380-open,addition:adversarial,addition,adversarial,1.5b,0.6571,open,4,6,6,0.3,0.25,1.19469,0.74038,12.11636,0.13476,1,1
luke4:item9:open,uw-174381-open,addition:bad,addition,bad,1.5b,0.6571,open,4,6,6,0.3,0.25,1.15931,0.73505,11.75755,0.16024,1,1
luke5:item15:open,uw-174407-open,addition:bad,addition,bad,1.5b,0.6571,open,5,6,6,0.3,0.25,1.15931,0.73505,11.75755,0.16024,1,1
luke8:item6:mcq,uw-174446-mcq,addition:bad,addition,bad,1.5b,0.6571,mcq,8,6,6,0.3,0.25,1.15931,0.73505,11.75755,0.16024,1,1
luke4:item40:mcq,uw-174399-mcq,addition:adversarial,addition,adversarial,1.5b,0.6571,mcq,4,6,6,0.3,0.22222,1.15674,0.7368,11.73147,0.87912,1,1
luke1:item41:open,uw-174343-open,addition:adversarial,addition,adversarial,1.5b,0.6571,open,1,6,6,0.3,0.22222,1.07095,0.73938,10.8614,-0.56082,1,1
luke4:item11:open,uw-174382-open,addition:adversarial,addition,adversarial,1.5b,0.6571,open,4,6,6,0.3,0.22222,1.07095,0.73938,10.8614,-0.56082,1,1
luke7:item15:open,uw-174441-open,addition:adversarial,addition,adversarial,1.5b,0.6571,open,7,6,6,0.3,0.22222,1.07095,0.73938,10.8614,-0.56082,1,1
luke7:item7:open,uw-174432-open,addition:adversarial,addition,adversarial,1.5b,0.6571,open,7,6,6,0.3,0.22222,1.07095,0.73938,10.8614,-0.56082,1,1
luke8:item6:mcq,uw-174446-mcq,addition:adversarial,addition,adversarial,1.5b,0.6571,mcq,8,6,6,0.3,0.22222,1.07095,0.73938,10.8614,-0.56082,1,1
luke4:item11:open,uw-174382-open,addition:bad,addition,bad,1.5b,0.6571,open,4,6,6,0.3,0.22222,1.03215,0.73335,10.46787,-0.52867,1,1
luke1:item1:open,uw-174316-open,addition:adversarial,addition,adversarial,1.5b,0.6571,open,1,6,6,0.3,0.20139,1.02728,0.71561,10.41854,0.48601,1,1
luke1:item23:open,uw-174331-open,addition:bad,addition,bad,1.5b,0.6571,open,1,6,6,0.3,0.14583,1.01691,0.73186,10.31334,1.27288,1,1
luke8:item15:open,uw-174454-open,addition:neutral,addition,neutral,1.5b,0.6571,open,8,6,6,0.3,0.22222,0.99527,0.72789,10.09386,-0.50634,1,1
luke4:item16:mcq,uw-174387-mcq,addition:adversarial,addition,adversarial,1.5b,0.6571,mcq,4,6,6,0.3,0.13889,0.95814,0.74695,9.71736,1.66103,1,1
luke4:item8:mcq,uw-174380-mcq,addition:adversarial,addition,adversarial,1.5b,0.6571,mcq,4,6,6,0.3,0.13889,0.95814,0.74695,9.71736,1.66103,1,1
luke6:item14:mcq,uw-174427-mcq,addition:adversarial,addition,adversarial,1.5b,0.6571,mcq,6,6,6,0.3,0.13889,0.95814,0.74695,9.71736,1.66103,1,1
luke7:item2:mcq,uw-174429-mcq,addition:adversarial,addition,adversarial,1.5b,0.6571,mcq,7,6,6,0.3,0.13889,0.95814,0.74695,9.71736,1.66103,1,1
luke4:item14:mcq,uw-174384-mcq,addition:adversarial,addition,adversarial,1.5b,0.6571,mcq,4,6,6,0.3,0.25,0.93079,0.70332,9.43996,0.13674,1,1
luke1:item29:open,uw-174335-open,addition:bad,addition,bad,1.5b,0.6571,open,1,6,6,0.3,0.13889,0.92966,0.74687,9.42847,1.68264,1,1
luke8:item15:open,uw-174454-open,addition:adversarial,addition,adversarial,1.5b,0.6571,open,8,6,6,0.3,0.14583,0.90416,0.73539,9.16983,-0.8774,1,1
luke4:item7:open,uw-174380-open,addition:neutral,addition,neutral,1.5b,0.6571,open,4,6,6,0.3,0.13889,0.89828,0.74604,9.11023,1.69148,1,1
luke7:item11:open,uw-174436-open,addition:neutral,addition,neutral,1.5b,0.6571,open,7,6,6,0.3,0.13889,0.89828,0.74604,9.11023,1.69148,1,1
luke5:item5:open,uw-174402-open,addition:bad,addition,bad,1.5b,0.6571,open,5,6,6,0.3,0.11806,0.87066,0.69551,8.83007,0.49497,1,1
luke8:item15:open,uw-174454-open,addition:bad,addition,bad,1.5b,0.6571,open,8,6,6,0.3,0.14583,0.86481,0.72922,8.77074,-0.84274,1,1
luke6:item3:open,uw-174415-open,addition:adversarial,addition,adversarial,1.5b,0.6571,open,6,6,6,0.3,0.13889,0.74708,0.7433,7.57678,-1.20554,1,1
luke7:item10:mcq,uw-174434-mcq,addition:adversarial,addition,adversarial,1.5b,0.6571,mcq,7,6,6,0.3,0.13889,0.74708,0.7433,7.57678,-1.20554,1,1
luke7:item16:mcq,uw-174441-mcq,addition:adversarial,addition,adversarial,1.5b,0.6571,mcq,7,6,6,0.3,0.13889,0.74708,0.7433,7.57678,-1.20554,1,1
luke7:item9:open,uw-174434-open,addition:adversarial,addition,adversarial,1.5b,0.6571,open,7,6,6,0.3,0.13889,0.74708,0.7433,7.57678,-1.20554,1,1
luke7:item1:open,uw-174429-open,addition:neutral,addition,neutral,1.5b,0.6571,open,7,6,6,0.3,0.13889,0.73882,0.69524,7.49303,-0.46492,1,1
luke1:item1:open,uw-174316-open,addition:neutral,addition,neutral,1.5b,0.6571,open,1,6,6,0.3,0.13889,0.71364,0.68701,7.23763,0.83366,1,1
luke4:item21:open,uw-174392-open,addition:neutral,addition,neutral,1.5b,0.6571,open,4,6,6,0.3,0.14583,0.69771,0.70867,7.07609,-0.79039,1,1
luke5:item15:open,uw-174407-open,addition:adversarial,addition,adversarial,1.5b,0.6571,open,5,6,6,0.3,0.13889,0.68321,0.6904,6.92899,-0.49424,1,1
luke5:item21:open,uw-174410-open,addition:adversarial,addition,adversarial,1.5b,0.6571,open,5,6,6,0.3,0.05556,0.68238,0.72901,6.92064,1.56426,1,1
luke8:item3:open,uw-174445-open,addition:adversarial,addition,adversarial,1.5b,0.6571,open,8,6,6,0.3,0.05556,0.68238,0.72901,6.92064,1.56426,1,1
luke1:item41:open,uw-174343-open,addition:neutral,addition,neutral,1.5b,0.6571,open,1,6,6,0.3,0.13889,0.66837,0.73161,6.77856,-1.14124,1,1
luke8:item6:mcq,uw-174446-mcq,addition:neutral,addition,neutral,1.5b,0.6571,mcq,8,6,6,0.3,0.13889,0.66837,0.73161,6.77856,-1.14124,1,1
luke5:item21:open,uw-174410-open,addition:bad,addition,bad,1.5b,0.6571,open,5,6,6,0.3,0.05556,0.65355,0.73005,6.62817,1.58694,1,1
luke7:item9:open,uw-174434-open,addition:bad,addition,bad,1.5b,0.6571,open,7,6,6,0.3,0.13889,0.65037,0.68556,6.596,-0.46743,1,1
luke5:item21:open,uw-174410-open,addition:neutral,addition,neutral,1.5b,0.6571,open,5,6,6,0.3,0.05556,0.62241,0.73028,6.31236,1.59796,1,1
luke4:item9:open,uw-174381-open,addition:neutral,addition,neutral,1.5b,0.6571,open,4,6,6,0.3,0.22222,0.59578,0.67691,6.04233,0.8142,1,1
luke7:item17:open,uw-174442-open,addition:bad,addition,bad,1.5b,0.6571,open,7,6,6,0.3,0.20139,0.59123,0.66748,5.99618,-0.14956,1,1
luke4:item27:open,uw-174395-open,addition:adversarial,addition,adversarial,1.5b,0.6571,open,4,6,6,0.3,0.03472,0.58004,0.76977,5.88271,2.0279,1,1
luke5:item23:open,uw-174412-open,addition:adversarial,addition,adversarial,1.5b,0.6571,open,5,6,6,0.3,0.03472,0.58004,0.76977,5.88271,2.0279,1,1
luke5:item5:open,uw-174402-open,addition:adversarial,addition,adversarial,1.5b,0.6571,open,5,6,6,0.3,0.03472,0.58004,0.76977,5.88271,2.0279,1,1
luke6:item7:open,uw-174422-open,addition:adversarial,addition,adversarial,1.5b,0.6571,open,6,6,6,0.3,0.03472,0.58004,0.76977,5.88271,2.0279,1,1
luke6:item7:open,uw-174422-open,addition:bad,addition,bad,1.5b,0.6571,open,6,6,6,0.3,0.03472,0.54774,0.77317,5.5551,2.05739,1,1
luke1:item35:open,uw-174340-open,addition:adversarial,addition,adversarial,1.5b,0.6571,open,1,6,6,0.3,0.13889,0.5358,0.67073,5.434,0.76671,1,1
luke1:item39:open,uw-174342-open,addition:adversarial,addition,adversarial,1.5b,0.6571,open,1,6,6,0.3,0.05556,0.5358,0.67073,5.434,0.76671,1,1
luke1:item39:open,uw-174342-open,addition:bad,addition,bad,1.5b,0.6571,open,1,6,6,0.3,0.05556,0.51951,0.72447,5.26875,1.55047,1,1
luke6:item1:open,uw-174414-open,addition:neutral,addition,neutral,1.5b,0.6571,open,6,6,6,0.3,0.03472,0.5126,0.77536,5.19868,2.07277,1,1
luke7:item3:open,uw-174430-open,addition:neutral,addition,neutral,1.5b,0.6571,open,7,6,6,0.3,0.03472,0.5126,0.77536,5.19868,2.07277,1,1
luke1:item15:open,uw-174326-open,addition:bad,addition,bad,1.5b,0.6571,open,1,6,6,0.3,0.05556,0.50882,0.66996,5.16039,0.78655,1,1
luke2:item9:open,uw-174351-open,addition:bad,addition,bad,1.5b,0.6571,open,2,6,6,0.3,0.14583,0.50726,0.69092,5.14458,1.14056,1,1
luke1:item37:open,uw-174341-open,addition:bad,addition,bad,1.5b,0.6571,open,1,6,6,0.3,0.0625,0.48446,0.68719,4.91337,-0.76857,1,1
luke3:item3:open,uw-174366-open,addition:bad,addition,bad,1.5b,0.6571,open,3,6,6,0.3,0.0625,0.48446,0.68719,4.91337,-0.76857,1,1
luke7:item9:open,uw-174434-open,addition:neutral,addition,neutral,1.5b,0.6571,open,7,6,6,0.3,0.13889,0.48103,0.66893,4.87854,0.79786,1,1
luke4:item43:open,uw-174398-open,addition:bad,addition,bad,1.5b,0.6571,open,4,6,6,0.3,0.11806,0.48014,0.65669,4.86952,-0.14431,1,1
luke4:item43:open,uw-174398-open,addition:neutral,addition,neutral,1.5b,0.6571,open,4,6,6,0.3,0.0625,0.47825,0.69072,4.85033,1.15192,1,1
luke7:item5:open,uw-174431-open,addition:adversarial,addition,adversarial,1.5b,0.6571,open,7,6,6,0.3,0.08333,0.46862,0.65192,4.75266,0.13441,1,1
luke5:item1:open,uw-174400-open,addition:adversarial,addition,adversarial,1.5b,0.6571,open,5,6,6,0.3,0.13889,0.45033,0.66618,4.56715,-0.46737,1,1
luke4:item18:mcq,uw-174388-mcq,addition:bad,addition,bad,1.5b,0.6571,mcq,4,6,6,0.3,0.13889,0.44104,0.71094,4.47297,-1.10974,1,1
luke2:item9:open,uw-174351-open,addition:adversarial,addition,adversarial,1.5b,0.6571,open,2,6,6,0.3,0.11806,0.4406,0.6531,4.46855,0.43663,1,1
luke1:item15:open,uw-174326-open,addition:adversarial,addition,adversarial,1.5b,0.6571,open,1,6,6,0.3,0.0625,0.41507,0.68491,4.20961,1.09862,1,1
luke4:item24:mcq,uw-174393-mcq,addition:neutral,addition,neutral,1.5b,0.6571,mcq,4,6,6,0.3,0.25,0.41419,0.64777,4.20064,0.16786,1,1
luke5:item3:open,uw-174401-open,addition:neutral,addition,neutral,1.5b,0.6571,open,5,6,6,0.3,0.13889,0.40656,0.70648,4.12331,-1.08769,1,1
luke4:item13:open,uw-174384-open,addition:adversarial,addition,adversarial,1.5b,0.6571,open,4,6,6,0.3,0.0625,0.39831,0.68101,4.03958,-0.78014,1,1
luke4:item19:open,uw-174389-open,addition:bad,addition,bad,1.5b,0.6571,open,4,6,6,0.3,0.05556,0.39616,0.66355,4.01784,0.77289,1,1
luke4:item23:open,uw-174393-open,addition:bad,addition,bad,1.5b,0.6571,open,4,6,6,0.3,0.0625,0.38718,0.68586,3.92668,1.12013,1,1
luke6:item13:open,uw-174427-open,addition:bad,addition,bad,1.5b,0.6571,open,6,6,6,0.3,0.0625,0.38718,0.68586,3.92668,1.12013,1,1
luke2:item21:open,uw-174361-open,addition:bad,addition,bad,1.5b,0.6571,open,2,6,6,0.3,0.03472,0.3723,0.64795,3.77586,-0.14046,1,1
luke5:item5:open,uw-174402-open,addition:neutral,addition,neutral,1.5b,0.6571,open,5,6,6,0.3,0.05556,0.36863,0.66309,3.73854,0.78469,1,1
luke4:item25:open,uw-174394-open,addition:neutral,addition,neutral,1.5b,0.6571,open,4,6,6,0.3,0.03472,0.34487,0.64574,3.4976,-0.12657,1,1
luke2:item3:open,uw-174347-open,addition:adversarial,addition,adversarial,1.5b,0.6571,open,2,6,6,0.3,0.05556,0.33939,0.65706,3.44209,-0.45848,1,1
luke3:item3:open,uw-174366-open,addition:adversarial,addition,adversarial,1.5b,0.6571,open,3,6,6,0.3,0.05556,0.33939,0.65706,3.44209,-0.45848,1,1
luke1:item7:open,uw-174322-open,addition:adversarial,addition,adversarial,1.5b,0.6571,open,1,6,6,0.3,0.03472,0.33354,0.64687,3.38274,0.43053,1,1
luke6:item13:open,uw-174427-open,addition:adversarial,addition,adversarial,1.5b,0.6571,open,6,6,6,0.3,0.03472,0.33354,0.64687,3.38274,0.43053,1,1
luke2:item13:open,uw-174354-open,addition:bad,addition,bad,1.5b,0.6571,open,2,6,6,0.3,0.05556,0.31482,0.70053,3.19281,-1.09089,1,1
luke1:item1:open,uw-174316-open,addition:bad,addition,bad,1.5b,0.6571,open,1,6,6,0.3,0.03472,0.30722,0.64627,3.11576,0.4504,1,1
luke1:item41:open,uw-174343-open,addition:bad,addition,bad,1.5b,0.6571,open,1,6,6,0.3,0.03472,0.30722,0.64627,3.11576,0.4504,1,1
luke2:item11:open,uw-174352-open,addition:adversarial,addition,adversarial,1.5b,0.6571,open,2,6,6,0.3,0.05556,0.2866,0.71698,2.90667,1.47515,1,1
luke2:item17:open,uw-174357-open,addition:adversarial,addition,adversarial,1.5b,0.6571,open,2,6,6,0.3,0.0625,0.28233,0.67197,2.86337,-0.76797,1,1
luke1:item7:open,uw-174322-open,addition:neutral,addition,neutral,1.5b,0.6571,open,1,6,6,0.3,0.03472,0.28057,0.64561,2.84553,0.46262,1,1
luke4:item23:open,uw-174393-open,addition:adversarial,addition,adversarial,1.5b,0.6571,open,4,6,6,0.3,0.03472,0.28051,0.76881,2.84484,1.95867,1,1
luke5:item13:open,uw-174406-open,addition:adversarial,addition,adversarial,1.5b,0.6571,open,5,6,6,0.3,0.03472,0.28051,0.76881,2.84484,1.95867,1,1
luke1:item19:open,uw-174329-open,addition:bad,addition,bad,1.5b,0.6571,open,1,6,6,0.3,0.03472,0.26042,0.736,2.64114,-1.47841,1,1
luke1:item35:open,uw-174340-open,addition:neutral,addition,neutral,1.5b,0.6571,open,1,6,6,0.3,0.05556,0.25782,0.65941,2.61479,0.77478,1,1
luke4:item7:open,uw-174380-open,addition:bad,addition,bad,1.5b,0.6571,open,4,6,6,0.3,0.03472,0.24499,0.77365,2.48466,1.9924,1,1
luke2:item9:open,uw-174351-open,addition:neutral,addition,neutral,1.5b,0.6571,open,2,6,6,0.3,0.0625,0.23917,0.68407,2.42561,1.11832,1,1
luke4:item19:open,uw-174389-open,addition:neutral,addition,neutral,1.5b,0.6571,open,4,6,6,0.3,0.0625,0.23917,0.68407,2.42561,1.11832,1,1
luke7:item17:open,uw-174442-open,addition:adversarial,addition,adversarial,1.5b,0.6571,open,7,6,6,0.3,0.20139,0.22818,0.64271,2.31421,0.42591,1,1
luke4:item23:open,uw-174393-open,addition:neutral,addition,neutral,1.5b,0.6571,open,4,6,6,0.3,0.03472,0.2076,0.77717,2.10547,2.01296,1,1
luke1:item35:open,uw-174340-open,addition:bad,addition,bad,1.5b,0.6571,open,1,6,6,0.3,0.03472,0.20196,0.6427,2.04827,0.44593,1,1
luke4:item15:open,uw-174387-open,addition:bad,addition,bad,1.5b,0.6571,open,4,6,6,0.3,0.03472,0.20196,0.6427,2.04827,0.44593,1,1
luke5:item3:open,uw-174401-open,addition:bad,addition,bad,1.5b,0.6571,open,5,6,6,0.3,0.13889,0.19193,0.6922,1.9465,-1.07844,1,1
luke1:item18:mcq,uw-174328-mcq,addition:bad,addition,bad,1.5b,0.6571,mcq,1,6,6,0.3,0.22222,0.17551,0.65719,1.77998,0.75513,1,1
luke7:item1:open,uw-174429-open,addition:adversarial,addition,adversarial,1.5b,0.6571,open,7,6,6,0.3,0.0625,0.16908,0.66506,1.71476,-0.76008,1,1
luke2:item13:open,uw-174354-open,addition:neutral,addition,neutral,1.5b,0.6571,open,2,6,6,0.3,0.05556,0.16021,0.68892,1.62478,-1.06016,1,1
luke7:item11:open,uw-174436-open,addition:adversarial,addition,adversarial,1.5b,0.6571,open,7,6,6,0.3,0.13889,0.15622,0.71763,1.58437,1.46114,1,1
luke1:item7:open,uw-174322-open,addition:bad,addition,bad,1.5b,0.6571,open,1,6,6,0.3,0.0625,0.15033,0.68254,1.52459,1.09507,1,1
luke6:item13:open,uw-174427-open,addition:neutral,addition,neutral,1.5b,0.6571,open,6,6,6,0.3,0.05556,0.14788,0.65791,1.49983,0.76822,1,1
luke4:item43:open,uw-174398-open,addition:adversarial,addition,adversarial,1.5b,0.6571,open,4,6,6,0.3,0.03472,0.13015,0.77172,1.31996,1.94182,1,1
luke5:item11:open,uw-174404-open,addition:adversarial,addition,adversarial,1.5b,0.6571,open,5,6,6,0.3,0.03472,0.13015,0.77172,1.31996,1.94182,1,1
luke6:item1:open,uw-174414-open,addition:adversarial,addition,adversarial,1.5b,0.6571,open,6,6,6,0.3,0.03472,0.13015,0.77172,1.31996,1.94182,1,1
luke2:item7:open,uw-174350-open,addition:adversarial,addition,adversarial,1.5b,0.6571,open,2,6,6,0.3,0.05556,0.1249,0.64505,1.26675,-0.44858,1,1
luke7:item15:open,uw-174441-open,addition:bad,addition,bad,1.5b,0.6571,open,7,6,6,0.3,0.13889,0.12396,0.72135,1.25715,1.48904,1,1
luke2:item23:open,uw-174362-open,addition:neutral,addition,neutral,1.5b,0.6571,open,2,6,6,0.3,0.0625,0.12057,0.6842,1.22276,1.10969,1,1
luke1:item10:mcq,uw-174323-mcq,addition:adversarial,addition,adversarial,1.5b,0.6571,mcq,1,6,6,0.3,0.0,0.09526,0.8451,0.96614,2.59204,1,0
luke1:item12:mcq,uw-174324-mcq,addition:adversarial,addition,adversarial,1.5b,0.6571,mcq,1,6,6,0.3,0.0,0.09526,0.8451,0.96614,2.59204,1,0
luke1:item13:open,uw-174325-open,addition:adversarial,addition,adversarial,1.5b,0.6571,open,1,6,6,0.3,0.0,0.09526,0.8451,0.96614,2.59204,1,0
luke1:item14:mcq,uw-174325-mcq,addition:adversarial,addition,adversarial,1.5b,0.6571,mcq,1,6,6,0.3,0.0,0.09526,0.8451,0.96614,2.59204,1,0
luke1:item16:mcq,uw-174326-mcq,addition:adversarial,addition,adversarial,1.5b,0.6571,mcq,1,6,6,0.3,0.0,0.09526,0.8451,0.96614,2.59204,1,0
luke1:item17:open,uw-174328-open,addition:adversarial,addition,adversarial,1.5b,0.6571,open,1,6,6,0.3,0.0,0.09526,0.8451,0.96614,2.59204,1,0
luke1:item20:mcq,uw-174329-mcq,addition:adversarial,addition,adversarial,1.5b,0.6571,mcq,1,6,6,0.3,0.0,0.09526,0.8451,0.96614,2.59204,1,0
luke1:item21:open,uw-174330-open,addition:adversarial,addition,adversarial,1.5b,0.6571,open,1,6,6,0.3,0.0,0.09526,0.8451,0.96614,2.59204,1,0
luke1:item22:mcq,uw-174330-mcq,addition:adversarial,addition,adversarial,1.5b,0.6571,mcq,1,6,6,0.3,0.0,0.09526,0.8451,0.96614,2.59204,1,0
luke1:item23:open,uw-174331-open,addition:adversarial,addition,adversarial,1.5b,0.6571,open,1,6,6,0.3,0.0,0.09526,0.8451,0.96614,2.59204,1,0
luke1:item24:mcq,uw-174331-mcq,addition:adversarial,addition,adversarial,1.5b,0.6571,mcq,1,6,6,0.3,0.0,0.09526,0.8451,0.96614,2.59204,1,0
luke1:item25:open,uw-174332-open,addition:adversarial,addition,adversarial,1.5b,0.6571,open,1,6,6,0.3,0.0,0.09526,0.8451,0.96614,2.59204,1,0
luke1:item26:mcq,uw-174332-mcq,addition:adversarial,addition,adversarial,1.5b,0.6571,mcq,1,6,6,0.3,0.0,0.09526,0.8451,0.96614,2.59204,1,0
luke1:item27:open,uw-174333-open,addition:adversarial,addition,adversarial,1.5b,0.6571,open,1,6,6,0.3,0.0,0.09526,0.8451,0.96614,2.59204,1,0
luke1:item29:open,uw-174335-open,addition:adversarial,addition,adversarial,1.5b,0.6571,open,1,6,6,0.3,0.0,0.09526,0.8451,0.96614,2.59204,1,0
luke1:item2:mcq,uw-174316-mcq,addition:adversarial,addition,adversarial,1.5b,0.6571,mcq,1,6,6,0.3,0.0,0.09526,0.8451,0.96614,2.59204,1,0
luke1:item30:mcq,uw-174335-mcq,addition:adversarial,addition,adversarial,1.5b,0.6571,mcq,1,6,6,0.3,0.0,0.09526,0.8451,0.96614,2.59204,1,0
luke1:item36:mcq,uw-174340-mcq,addition:adversarial,addition,adversarial,1.5b,0.6571,mcq,1,6,6,0.3,0.0,0.09526,0.8451,0.96614,2.59204,1,0
luke1:item38:mcq,uw-174341-mcq,addition:adversarial,addition,adversarial,1.5b,0.6571,mcq,1,6,6,0.3,0.0,0.09526,0.8451,0.96614,2.59204,1,0
luke1:item3:open,uw-174317-open,addition:adversarial,addition,adversarial,1.5b,0.6571,open,1,6,6,0.3,0.0,0.09526,0.8451,0.96614,2.59204,1,0
luke1:item40:mcq,uw-174342-mcq,addition:adversarial,addition,adversarial,1.5b,0.6571,mcq,1,6,6,0.3,0.0,0.09526,0.8451,0.96614,2.59204,1,0
luke1:item42:mcq,uw-174343-mcq,addition:adversarial,addition,adversarial,1.5b,0.6571,mcq,1,6,6,0.3,0.0,0.09526,0.8451,0.96614,2.59204,1,0
luke1:item44:mcq,uw-174344-mcq,addition:adversarial,addition,adversarial,1.5b,0.6571,mcq,1,6,6,0.3,0.0,0.09526,0.8451,0.96614,2.59204,1,0
luke1:item4:mcq,uw-174317-mcq,addition:adversarial,addition,adversarial,1.5b,0.6571,mcq,1,6,6,0.3,0.0,0.09526,0.8451,0.96614,2.59204,1,0
luke1:item5:open,uw-174318-open,addition:adversarial,addition,adversarial,1.5b,0.6571,open,1,6,6,0.3,0.0,0.09526,0.8451,0.96614,2.59204,1,0
luke1:item6:mcq,uw-174318-mcq,addition:adversarial,addition,adversarial,1.5b,0.6571,mcq,1,6,6,0.3,0.0,0.09526,0.8451,0.96614,2.59204,1,0
luke1:item8:mcq,uw-174322-mcq,addition:adversarial,addition,adversarial,1.5b,0.6571,mcq,1,6,6,0.3,0.0,0.09526,0.8451,0.96614,2.59204,1,0
luke1:item9:open,uw-174323-open,addition:adversarial,addition,adversarial,1.5b,0.6571,open,1,6,6,0.3,0.0,0.09526,0.8451,0.96614,2.59204,1,0
luke2:item10:mcq,uw-174351-mcq,addition:adversarial,addition,adversarial,1.5b,0.6571,mcq,2,6,6,0.3,0.0,0.09526,0.8451,0.96614,2.59204,1,0
luke2:item12:mcq,uw-174352-mcq,addition:adversarial,addition,adversarial,1.5b,0.6571,mcq,2,6,6,0.3,0.0,0.09526,0.8451,0.96614,2.59204,1,0
luke2:item14:mcq,uw-174354-mcq,addition:adversarial,addition,adversarial,1.5b,0.6571,mcq,2,6,6,0.3,0.0,0.09526,0.8451,0.96614,2.59204,1,0
luke2:item16:mcq,uw-174355-mcq,addition:adversarial,addition,adversarial,1.5b,0.6571,mcq,2,6,6,0.3,0.0,0.09526,0.8451,0.96614,2.59204,1,0
luke2:item18:mcq,uw-174357-mcq,addition:adversarial,addition,adversarial,1.5b,0.6571,mcq,2,6,6,0.3,0.0,0.09526,0.8451,0.96614,2.59204,1,0
luke2:item19:open,uw-174359-open,addition:adversarial,addition,adversarial,1.5b,0.6571,open,2,6,6,0.3,0.0,0.09526,0.8451,0.96614,2.59204,1,0
luke2:item20:mcq,uw-174359-mcq,addition:adversarial,addition,adversarial,1.5b,0.6571,mcq,2,6,6,0.3,0.0,0.09526,0.8451,0.96614,2.59204,1,0
luke2:item24:mcq,uw-174362-mcq,addition:adversarial,addition,adversarial,1.5b,0.6571,mcq,2,6,6,0.3,0.0,0.09526,0.8451,0.96614,2.59204,1,0
luke2:item2:mcq,uw-174346-mcq,addition:adversarial,addition,adversarial,1.5b,0.6571,mcq,2,6,6,0.3,0.0,0.09526,0.8451,0.96614,2.59204,1,0
luke2:item4:mcq,uw-174347-mcq,addition:adversarial,addition,adversarial,1.5b,0.6571,mcq,2,6,6,0.3,0.0,0.09526,0.8451,0.96614,2.59204,1,0
luke2:item5:open,uw-174349-open,addition:adversarial,addition,adversarial,1.5b,0.6571,open,2,6,6,0.3,0.0,0.09526,0.8451,0.96614,2.59204,1,0
luke2:item8:mcq,uw-174350-mcq,addition:adversarial,addition,adversarial,1.5b,0.6571,mcq,2,6,6,0.3,0.0,0.09526,0.8451,0.96614,2.59204,1,0
luke3:item10:mcq,uw-174370-mcq,addition:adversarial,addition,adversarial,1.5b,0.6571,mcq,3,6,6,0.3,0.0,0.09526,0.8451,0.96614,2.59204,1,0
luke3:item12:mcq,uw-174374-mcq,addition:adversarial,addition,adversarial,1.5b,0.6571,mcq,3,6,6,0.3,0.0,0.09526,0.8451,0.96614,2.59204,1,0
luke3:item13:open,uw-174375-open,addition:adversarial,addition,adversarial,1.5b,0.6571,open,3,6,6,0.3,0.0,0.09526,0.8451,0.96614,2.59204,1,0
luke3:item14:mcq,uw-174375-mcq,addition:adversarial,addition,adversarial,1.5b,0.6571,mcq,3,6,6,0.3,0.0,0.09526,0.8451,0.96614,2.59204,1,0
luke3:item1:open,uw-174365-open,addition:adversarial,addition,adversarial,1.5b,0.6571,open,3,6,6,0.3,0.0,0.09526,0.8451,0.96614,2.59204,1,0
luke3:item2:mcq,uw-174365-mcq,addition:adversarial,addition,adversarial,1.5b,0.6571,mcq,3,6,6,0.3,0.0,0.09526,0.8451,0.96614,2.59204,1,0
luke3:item4:mcq,uw-174366-mcq,addition:adversarial,addition,adversarial,1.5b,0.6571,mcq,3,6,6,0.3,0.0,0.09526,0.8451,0.96614,2.59204,1,0
luke3:item6:mcq,uw-174367-mcq,addition:adversarial,addition,adversarial,1.5b,0.6571,mcq,3,6,6,0.3,0.0,0.09526,0.8451,0.96614,2.59204,1,0
luke3:item7:open,uw-174368-open,addition:adversarial,addition,adversarial,1.5b,0.6571,open,3,6,6,0.3,0.0,0.09526,0.8451,0.96614,2.59204,1,0
luke3:item8:mcq,uw-174368-mcq,addition:adversarial,addition,adversarial,1.5b,0.6571,mcq,3,6,6,0.3,0.0,0.09526,0.8451,0.96614,2.59204,1,0
luke3:item9:open,uw-174370-open,addition:adversarial,addition,adversarial,1.5b,0.6571,open,3,6,6,0.3,0.0,0.09526,0.8451,0.96614,2.59204,1,0
luke4:item12:mcq,uw-174382-mcq,addition:adversarial,addition,adversarial,1.5b,0.6571,mcq,4,6,6,0.3,0.0,0.09526,0.8451,0.96614,2.59204,1,0
luke4:item1:open,uw-174377-open,addition:adversarial,addition,adversarial,1.5b,0.6571,open,4,6,6,0.3,0.0,0.09526,0.8451,0.96614,2.59204,1,0
luke4:item22:mcq,uw-174392-mcq,addition:adversarial,addition,adversarial,1.5b,0.6571,mcq,4,6,6,0.3,0.0,0.09526,0.8451,0.96614,2.59204,1,0
luke4:item26:mcq,uw-174394-mcq,addition:adversarial,addition,adversarial,1.5b,0.6571,mcq,4,6,6,0.3,0.0,0.09526,0.8451,0.96614,2.59204,1,0
luke4:item33:open,uw-174397-open,addition:adversarial,addition,adversarial,1.5b,0.6571,open,4,6,6,0.3,0.0,0.09526,0.8451,0.96614,2.59204,1,0
luke4:item34:mcq,uw-174397-mcq,addition:adversarial,addition,adversarial,1.5b,0.6571,mcq,4,6,6,0.3,0.0,0.09526,0.8451,0.96614,2.59204,1,0
luke4:item3:open,uw-174378-open,addition:adversarial,addition,adversarial,1.5b,0.6571,open,4,6,6,0.3,0.0,0.09526,0.8451,0.96614,2.59204,1,0
luke4:item41:open,uw-174396-open,addition:adversarial,addition,adversarial,1.5b,0.6571,open,4,6,6,0.3,0.0,0.09526,0.8451,0.96614,2.59204,1,0
luke4:item42:mcq,uw-174396-mcq,addition:adversarial,addition,adversarial,1.5b,0.6571,mcq,4,6,6,0.3,0.0,0.09526,0.8451,0.96614,2.59204,1,0
luke4:item44:mcq,uw-174398-mcq,addition:adversarial,addition,adversarial,1.5b,0.6571,mcq,4,6,6,0.3,0.0,0.09526,0.8451,0.96614,2.59204,1,0
luke4:item4:mcq,uw-174378-mcq,addition:adversarial,addition,adversarial,1.5b,0.6571,mcq,4,6,6,0.3,0.0,0.09526,0.8451,0.96614,2.59204,1,0
luke4:item6:mcq,uw-174379-mcq,addition:adversarial,addition,adversarial,1.5b,0.6571,mcq,4,6,6,0.3,0.0,0.09526,0.8451,0.96614,2.59204,1,0
luke4:item9:open,uw-174381-open,addition:adversarial,addition,adversarial,1.5b,0.6571,open,4,6,6,0.3,0.0,0.09526,0.8451,0.96614,2.59204,1,0
luke5:item12:mcq,uw-174404-mcq,addition:adversarial,addition,adversarial,1.5b,0.6571,mcq,5,6,6,0.3,0.0,0.09526,0.8451,0.96614,2.59204,1,0
luke5:item14:mcq,uw-174406-mcq,addition:adversarial,addition,adversarial,1.5b,0.6571,mcq,5,6,6,0.3,0.0,0.09526,0.8451,0.96614,2.59204,1,0
luke5:item16:mcq,uw-174407-mcq,addition:adversarial,addition,adversarial,1.5b,0.6571,mcq,5,6,6,0.3,0.0,0.09526,0.8451,0.96614,2.59204,1,0
luke5:item17:open,uw-174408-open,addition:adversarial,addition,adversarial,1.5b,0.6571,open,5,6,6,0.3,0.0,0.09526,0.8451,0.96614,2.59204,1,0
luke5:item18:mcq,uw-174408-mcq,addition:adversarial,addition,adversarial,1.5b,0.6571,mcq,5,6,6,0.3,0.0,0.09526,0.8451,0.96614,2.59204,1,0
luke5:item19:open,uw-174409-open,addition:adversarial,addition,adversarial,1.5b,0.6571,open,5,6,6,0.3,0.0,0.09526,0.8451,0.96614,2.59204,1,0
luke5:item20:mcq,uw-174409-mcq,addition:adversarial,addition,adversarial,1.5b,0.6571,mcq,5,6,6,0.3,0.0,0.09526,0.8451,0.96614,2.59204,1,0
luke5:item24:mcq,uw-174412-mcq,addition:adversarial,addition,adversarial,1.5b,0.6571,mcq,5,6,6,0.3,0.0,0.09526,0.8451,0.96614,2.59204,1,0
luke5:item25:open,uw-174403-open,addition:adversarial,addition,adversarial,1.5b,0.6571,open,5,6,6,0.3,0.0,0.09526,0.8451,0.96614,2.59204,1,0
luke5:item26:mcq,uw-174403-mcq,addition:adversarial,addition,adversarial,1.5b,0.6571,mcq,5,6,6,0.3,0.0,0.09526,0.8451,0.96614,2.59204,1,0
luke5:item2:mcq,uw-174400-mcq,addition:adversarial,addition,adversarial,1.5b,0.6571,mcq,5,6,6,0.3,0.0,0.09526,0.8451,0.96614,2.59204,1,0
luke5:item4:mcq,uw-174401-mcq,addition:adversarial,addition,adversarial,1.5b,0.6571,mcq,5,6,6,0.3,0.0,0.09526,0.8451,0.96614,2.59204,1,0
luke5:item6:mcq,uw-174402-mcq,addition:adversarial,addition,adversarial,1.5b,0.6571,mcq,5,6,6,0.3,0.0,0.09526,0.8451,0.96614,2.59204,1,0
luke6:item10:mcq,uw-174423-mcq,addition:adversarial,addition,adversarial,1.5b,0.6571,mcq,6,6,6,0.3,0.0,0.09526,0.8451,0.96614,2.59204,1,0
luke6:item11:open,uw-174424-open,addition:adversarial,addition,adversarial,1.5b,0.6571,open,6,6,6,0.3,0.0,0.09526,0.8451,0.96614,2.59204,1,0
luke6:item15:open,uw-174428-open,addition:adversarial,addition,adversarial,1.5b,0.6571,open,6,6,6,0.3,0.0,0.09526,0.8451,0.96614,2.59204,1,0
luke6:item16:mcq,uw-174428-mcq,addition:adversarial,addition,adversarial,1.5b,0.6571,mcq,6,6,6,0.3,0.0,0.09526,0.8451,0.96614,2.59204,1,0
luke6:item2:mcq,uw-174414-mcq,addition:adversarial,addition,adversarial,1.5b,0.6571,mcq,6,6,6,0.3,0.0,0.09526,0.8451,0.96614,2.59204,1,0
luke6:item4:mcq,uw-174415-mcq,addition:adversarial,addition,adversarial,1.5b,0.6571,mcq,6,6,6,0.3,0.0,0.09526,0.8451,0.96614,2.59204,1,0
luke6:item6:mcq,uw-174421-mcq,addition:adversarial,addition,adversarial,1.5b,0.6571,mcq,6,6,6,0.3,0.0,0.09526,0.8451,0.96614,2.59204,1,0
luke6:item8:mcq,uw-174422-mcq,addition:adversarial,addition,adversarial,1.5b,0.6571,mcq,6,6,6,0.3,0.0,0.09526,0.8451,0.96614,2.59204,1,0
luke7:item3:open,uw-174430-open,addition:adversarial,addition,adversarial,1.5b,0.6571,open,7,6,6,0.3,0.0,0.09526,0.8451,0.96614,2.59204,1,0
luke8:item10:mcq,uw-174448-mcq,addition:adversarial,addition,adversarial,1.5b,0.6571,mcq,8,6,6,0.3,0.0,0.09526,0.8451,0.96614,2.59204,1,0
luke8:item11:open,uw-174449-open,addition:adversarial,addition,adversarial,1.5b,0.6571,open,8,6,6,0.3,0.0,0.09526,0.8451,0.96614,2.59204,1,0
luke8:item12:mcq,uw-174449-mcq,addition:adversarial,addition,adversarial,1.5b,0.6571,mcq,8,6,6,0.3,0.0,0.09526,0.8451,0.96614,2.59204,1,0
luke8:item14:mcq,uw-174452-mcq,addition:adversarial,addition,adversarial,1.5b,0.6571,mcq,8,6,6,0.3,0.0,0.09526,0.8451,0.96614,2.59204,1,0
luke8:item1:open,uw-174444-open,addition:adversarial,addition,adversarial,1.5b,0.6571,open,8,6,6,0.3,0.0,0.09526,0.8451,0.96614,2.59204,1,0
luke8:item2:mcq,uw-174444-mcq,addition:adversarial,addition,adversarial,1.5b,0.6571,mcq,8,6,6,0.3,0.0,0.09526,0.8451,0.96614,2.59204,1,0
luke8:item5:open,uw-174446-open,addition:adversarial,addition,adversarial,1.5b,0.6571,open,8,6,6,0.3,0.0,0.09526,0.8451,0.96614,2.59204,1,0
luke8:item7:open,uw-174447-open,addition:adversarial,addition,adversarial,1.5b,0.6571,open,8,6,6,0.3,0.0,0.09526,0.8451,0.96614,2.59204,1,0
luke8:item8:mcq,uw-174447-mcq,addition:adversarial,addition,adversarial,1.5b,0.6571,mcq,8,6,6,0.3,0.0,0.09526,0.8451,0.96614,2.59204,1,0
luke8:item3:open,uw-174445-open,addition:bad,addition,bad,1.5b,0.6571,open,8,6,6,0.3,0.03472,0.0926,0.77725,0.93915,1.9783,1,1
luke4:item39:open,uw-174399-open,addition:neutral,addition,neutral,1.5b,0.6571,open,4,6,6,0.3,0.05556,0.09065,0.72417,0.91933,1.5067,1,1
luke1:item18:mcq,uw-174328-mcq,addition:adversarial,addition,adversarial,1.5b,0.6571,mcq,1,6,6,0.3,0.0,0.08151,0.78497,0.82669,-1.9867,1,0
luke1:item28:mcq,uw-174333-mcq,addition:adversarial,addition,adversarial,1.5b,0.6571,mcq,1,6,6,0.3,0.0,0.08151,0.78497,0.82669,-1.9867,1,0
luke1:item32:mcq,uw-174336-mcq,addition:adversarial,addition,adversarial,1.5b,0.6571,mcq,1,6,6,0.3,0.0,0.08151,0.78497,0.82669,-1.9867,1,0
luke1:item43:open,uw-174344-open,addition:adversarial,addition,adversarial,1.5b,0.6571,open,1,6,6,0.3,0.0,0.08151,0.78497,0.82669,-1.9867,1,0
luke2:item22:mcq,uw-174361-mcq,addition:adversarial,addition,adversarial,1.5b,0.6571,mcq,2,6,6,0.3,0.0,0.08151,0.78497,0.82669,-1.9867,1,0
luke3:item5:open,uw-174367-open,addition:adversarial,addition,adversarial,1.5b,0.6571,open,3,6,6,0.3,0.0,0.08151,0.78497,0.82669,-1.9867,1,0
luke4:item17:open,uw-174388-open,addition:adversarial,addition,adversarial,1.5b,0.6571,open,4,6,6,0.3,0.0,0.08151,0.78497,0.82669,-1.9867,1,0
luke4:item20:mcq,uw-174389-mcq,addition:adversarial,addition,adversarial,1.5b,0.6571,mcq,4,6,6,0.3,0.0,0.08151,0.78497,0.82669,-1.9867,1,0
luke4:item24:mcq,uw-174393-mcq,addition:adversarial,addition,adversarial,1.5b,0.6571,mcq,4,6,6,0.3,0.0,0.08151,0.78497,0.82669,-1.9867,1,0
luke4:item28:mcq,uw-174395-mcq,addition:adversarial,addition,adversarial,1.5b,0.6571,mcq,4,6,6,0.3,0.0,0.08151,0.78497,0.82669,-1.9867,1,0
luke4:item5:open,uw-174379-open,addition:adversarial,addition,adversarial,1.5b,0.6571,open,4,6,6,0.3,0.0,0.08151,0.78497,0.82669,-1.9867,1,0
luke5:item22:mcq,uw-174410-mcq,addition:adversarial,addition,adversarial,1.5b,0.6571,mcq,5,6,6,0.3,0.0,0.08151,0.78497,0.82669,-1.9867,1,0
luke6:item12:mcq,uw-174424-mcq,addition:adversarial,addition,adversarial,1.5b,0.6571,mcq,6,6,6,0.3,0.0,0.08151,0.78497,0.82669,-1.9867,1,0
luke6:item5:open,uw-174421-open,addition:adversarial,addition,adversarial,1.5b,0.6571,open,6,6,6,0.3,0.0,0.08151,0.78497,0.82669,-1.9867,1,0
luke6:item9:open,uw-174423-open,addition:adversarial,addition,adversarial,1.5b,0.6571,open,6,6,6,0.3,0.0,0.08151,0.78497,0.82669,-1.9867,1,0
luke7:item12:mcq,uw-174436-mcq,addition:adversarial,addition,adversarial,1.5b,0.6571,mcq,7,6,6,0.3,0.0,0.08151,0.78497,0.82669,-1.9867,1,0
luke7:item4:mcq,uw-174430-mcq,addition:adversarial,addition,adversarial,1.5b,0.6571,mcq,7,6,6,0.3,0.0,0.08151,0.78497,0.82669,-1.9867,1,0
luke7:item6:mcq,uw-174431-mcq,addition:adversarial,addition,adversarial,1.5b,0.6571,mcq,7,6,6,0.3,0.0,0.08151,0.78497,0.82669,-1.9867,1,0
luke7:item8:mcq,uw-174432-mcq,addition:adversarial,addition,adversarial,1.5b,0.6571,mcq,7,6,6,0.3,0.0,0.08151,0.78497,0.82669,-1.9867,1,0
luke8:item13:open,uw-174452-open,addition:adversarial,addition,adversarial,1.5b,0.6571,open,8,6,6,0.3,0.0,0.08151,0.78497,0.82669,-1.9867,1,0
luke8:item16:mcq,uw-174454-mcq,addition:adversarial,addition,adversarial,1.5b,0.6571,mcq,8,6,6,0.3,0.0,0.08151,0.78497,0.82669,-1.9867,1,0
luke8:item17:open,uw-174455-open,addition:adversarial,addition,adversarial,1.5b,0.6571,open,8,6,6,0.3,0.0,0.08151,0.78497,0.82669,-1.9867,1,0
luke8:item18:mcq,uw-174455-mcq,addition:adversarial,addition,adversarial,1.5b,0.6571,mcq,8,6,6,0.3,0.0,0.08151,0.78497,0.82669,-1.9867,1,0
luke8:item4:mcq,uw-174445-mcq,addition:adversarial,addition,adversarial,1.5b,0.6571,mcq,8,6,6,0.3,0.0,0.08151,0.78497,0.82669,-1.9867,1,0
luke2:item17:open,uw-174357-open,addition:bad,addition,bad,1.5b,0.6571,open,2,6,6,0.3,0.05556,0.07158,0.68608,0.72595,-1.07206,1,1
luke7:item5:open,uw-174431-open,addition:neutral,addition,neutral,1.5b,0.6571,open,7,6,6,0.3,0.03472,0.05369,0.78143,0.54456,2.00191,1,1
luke1:item11:open,uw-174324-open,addition:adversarial,addition,adversarial,1.5b,0.6571,open,1,6,6,0.3,0.0,0.05329,0.63332,0.54043,0.13084,1,0
luke1:item31:open,uw-174336-open,addition:adversarial,addition,adversarial,1.5b,0.6571,open,1,6,6,0.3,0.0,0.05329,0.63332,0.54043,0.13084,1,0
luke1:item37:open,uw-174341-open,addition:adversarial,addition,adversarial,1.5b,0.6571,open,1,6,6,0.3,0.0,0.05329,0.63332,0.54043,0.13084,1,0
luke4:item25:open,uw-174394-open,addition:adversarial,addition,adversarial,1.5b,0.6571,open,4,6,6,0.3,0.0,0.05329,0.63332,0.54043,0.13084,1,0
luke8:item9:open,uw-174448-open,addition:adversarial,addition,adversarial,1.5b,0.6571,open,8,6,6,0.3,0.0,0.05329,0.63332,0.54043,0.13084,1,0
luke1:item10:mcq,uw-174323-mcq,addition:bad,addition,bad,1.5b,0.6571,mcq,1,6,6,0.3,0.0,0.0496,0.85226,0.50303,2.64568,1,0
luke1:item12:mcq,uw-174324-mcq,addition:bad,addition,bad,1.5b,0.6571,mcq,1,6,6,0.3,0.0,0.0496,0.85226,0.50303,2.64568,1,0
luke1:item13:open,uw-174325-open,addition:bad,addition,bad,1.5b,0.6571,open,1,6,6,0.3,0.0,0.0496,0.85226,0.50303,2.64568,1,0
luke1:item14:mcq,uw-174325-mcq,addition:bad,addition,bad,1.5b,0.6571,mcq,1,6,6,0.3,0.0,0.0496,0.85226,0.50303,2.64568,1,0
luke1:item16:mcq,uw-174326-mcq,addition:bad,addition,bad,1.5b,0.6571,mcq,1,6,6,0.3,0.0,0.0496,0.85226,0.50303,2.64568,1,0
luke1:item17:open,uw-174328-open,addition:bad,addition,bad,1.5b,0.6571,open,1,6,6,0.3,0.0,0.0496,0.85226,0.50303,2.64568,1,0
luke1:item20:mcq,uw-174329-mcq,addition:bad,addition,bad,1.5b,0.6571,mcq,1,6,6,0.3,0.0,0.0496,0.85226,0.50303,2.64568,1,0
luke1:item21:open,uw-174330-open,addition:bad,addition,bad,1.5b,0.6571,open,1,6,6,0.3,0.0,0.0496,0.85226,0.50303,2.64568,1,0
luke1:item22:mcq,uw-174330-mcq,addition:bad,addition,bad,1.5b,0.6571,mcq,1,6,6,0.3,0.0,0.0496,0.85226,0.50303,2.64568,1,0
luke1:item24:mcq,uw-174331-mcq,addition:bad,addition,bad,1.5b,0.6571,mcq,1,6,6,0.3,0.0,0.0496,0.85226,0.50303,2.64568,1,0
luke1:item25:open,uw-174332-open,addition:bad,addition,bad,1.5b,0.6571,open,1,6,6,0.3,0.0,0.0496,0.85226,0.50303,2.64568,1,0
luke1:item26:mcq,uw-174332-mcq,addition:bad,addition,bad,1.5b,0.6571,mcq,1,6,6,0.3,0.0,0.0496,0.85226,0.50303,2.64568,1,0
luke1:item27:open,uw-174333-open,addition:bad,addition,bad,1.5b,0.6571,open,1,6,6,0.3,0.0,0.0496,0.85226,0.50303,2.64568,1,0
luke1:item2:mcq,uw-174316-mcq,addition:bad,addition,bad,1.5b,0.6571,mcq,1,6,6,0.3,0.0,0.0496,0.85226,0.50303,2.64568,1,0
luke1:item30:mcq,uw-174335-mcq,addition:bad,addition,bad,1.5b,0.6571,mcq,1,6,6,0.3,0.0,0.0496,0.85226,0.50303,2.64568,1,0
luke1:item36:mcq,uw-174340-mcq,addition:bad,addition,bad,1.5b,0.6571,mcq,1,6,6,0.3,0.0,0.0496,0.85226,0.50303,2.64568,1,0
luke1:item38:mcq,uw-174341-mcq,addition:bad,addition,bad,1.5b,0.6571,mcq,1,6,6,0.3,0.0,0.0496,0.85226,0.50303,2.64568,1,0
luke1:item3:open,uw-174317-open,addition:bad,addition,bad,1.5b,0.6571,open,1,6,6,0.3,0.0,0.0496,0.85226,0.50303,2.64568,1,0
luke1:item40:mcq,uw-174342-mcq,addition:bad,addition,bad,1.5b,0.6571,mcq,1,6,6,0.3,0.0,0.0496,0.85226,0.50303,2.64568,1,0
luke1:item42:mcq,uw-174343-mcq,addition:bad,addition,bad,1.5b,0.6571,mcq,1,6,6,0.3,0.0,0.0496,0.85226,0.50303,2.64568,1,0
luke1:item44:mcq,uw-174344-mcq,addition:bad,addition,bad,1.5b,0.6571,mcq,1,6,6,0.3,0.0,0.0496,0.85226,0.50303,2.64568,1,0
luke1:item4:mcq,uw-174317-mcq,addition:bad,addition,bad,1.5b,0.6571,mcq,1,6,6,0.3,0.0,0.0496,0.85226,0.50303,2.64568,1,0
luke1:item5:open,uw-174318-open,addition:bad,addition,bad,1.5b,0.6571,open,1,6,6,0.3,0.0,0.0496,0.85226,0.50303,2.64568,1,0
luke1:item6:mcq,uw-174318-mcq,addition:bad,addition,bad,1.5b,0.6571,mcq,1,6,6,0.3,0.0,0.0496,0.85226,0.50303,2.64568,1,0
luke1:item8:mcq,uw-174322-mcq,addition:bad,addition,bad,1.5b,0.6571,mcq,1,6,6,0.3,0.0,0.0496,0.85226,0.50303,2.64568,1,0
luke1:item9:open,uw-174323-open,addition:bad,addition,bad,1.5b,0.6571,open,1,6,6,0.3,0.0,0.0496,0.85226,0.50303,2.64568,1,0
luke2:item10:mcq,uw-174351-mcq,addition:bad,addition,bad,1.5b,0.6571,mcq,2,6,6,0.3,0.0,0.0496,0.85226,0.50303,2.64568,1,0
luke2:item11:open,uw-174352-open,addition:bad,addition,bad,1.5b,0.6571,open,2,6,6,0.3,0.0,0.0496,0.85226,0.50303,2.64568,1,0
luke2:item12:mcq,uw-174352-mcq,addition:bad,addition,bad,1.5b,0.6571,mcq,2,6,6,0.3,0.0,0.0496,0.85226,0.50303,2.64568,1,0
luke2:item14:mcq,uw-174354-mcq,addition:bad,addition,bad,1.5b,0.6571,mcq,2,6,6,0.3,0.0,0.0496,0.85226,0.50303,2.64568,1,0
luke2:item16:mcq,uw-174355-mcq,addition:bad,addition,bad,1.5b,0.6571,mcq,2,6,6,0.3,0.0,0.0496,0.85226,0.50303,2.64568,1,0
luke2:item18:mcq,uw-174357-mcq,addition:bad,addition,bad,1.5b,0.6571,mcq,2,6,6,0.3,0.0,0.0496,0.85226,0.50303,2.64568,1,0
luke2:item19:open,uw-174359-open,addition:bad,addition,bad,1.5b,0.6571,open,2,6,6,0.3,0.0,0.0496,0.85226,0.50303,2.64568,1,0
luke2:item20:mcq,uw-174359-mcq,addition:bad,addition,bad,1.5b,0.6571,mcq,2,6,6,0.3,0.0,0.0496,0.85226,0.50303,2.64568,1,0
luke2:item23:open,uw-174362-open,addition:bad,addition,bad,1.5b,0.6571,open,2,6,6,0.3,0.0,0.0496,0.85226,0.50303,2.64568,1,0
luke2:item24:mcq,uw-174362-mcq,addition:bad,addition,bad,1.5b,0.6571,mcq,2,6,6,0.3,0.0,0.0496,0.85226,0.50303,2.64568,1,0
luke2:item2:mcq,uw-174346-mcq,addition:bad,addition,bad,1.5b,0.6571,mcq,2,6,6,0.3,0.0,0.0496,0.85226,0.50303,2.64568,1,0
luke2:item4:mcq,uw-174347-mcq,addition:bad,addition,bad,1.5b,0.6571,mcq,2,6,6,0.3,0.0,0.0496,0.85226,0.50303,2.64568,1,0
luke2:item5:open,uw-174349-open,addition:bad,addition,bad,1.5b,0.6571,open,2,6,6,0.3,0.0,0.0496,0.85226,0.50303,2.64568,1,0
luke2:item8:mcq,uw-174350-mcq,addition:bad,addition,bad,1.5b,0.6571,mcq,2,6,6,0.3,0.0,0.0496,0.85226,0.50303,2.64568,1,0
luke3:item10:mcq,uw-174370-mcq,addition:bad,addition,bad,1.5b,0.6571,mcq,3,6,6,0.3,0.0,0.0496,0.85226,0.50303,2.64568,1,0
luke3:item12:mcq,uw-174374-mcq,addition:bad,addition,bad,1.5b,0.6571,mcq,3,6,6,0.3,0.0,0.0496,0.85226,0.50303,2.64568,1,0
luke3:item13:open,uw-174375-open,addition:bad,addition,bad,1.5b,0.6571,open,3,6,6,0.3,0.0,0.0496,0.85226,0.50303,2.64568,1,0
luke3:item14:mcq,uw-174375-mcq,addition:bad,addition,bad,1.5b,0.6571,mcq,3,6,6,0.3,0.0,0.0496,0.85226,0.50303,2.64568,1,0
luke3:item1:open,uw-174365-open,addition:bad,addition,bad,1.5b,0.6571,open,3,6,6,0.3,0.0,0.0496,0.85226,0.50303,2.64568,1,0
luke3:item2:mcq,uw-174365-mcq,addition:bad,addition,bad,1.5b,0.6571,mcq,3,6,6,0.3,0.0,0.0496,0.85226,0.50303,2.64568,1,0
luke3:item4:mcq,uw-174366-mcq,addition:bad,addition,bad,1.5b,0.6571,mcq,3,6,6,0.3,0.0,0.0496,0.85226,0.50303,2.64568,1,0
luke3:item6:mcq,uw-174367-mcq,addition:bad,addition,bad,1.5b,0.6571,mcq,3,6,6,0.3,0.0,0.0496,0.85226,0.50303,2.64568,1,0
luke3:item7:open,uw-174368-open,addition:bad,addition,bad,1.5b,0.6571,open,3,6,6,0.3,0.0,0.0496,0.85226,0.50303,2.64568,1,0
luke3:item8:mcq,uw-174368-mcq,addition:bad,addition,bad,1.5b,0.6571,mcq,3,6,6,0.3,0.0,0.0496,0.85226,0.50303,2.64568,1,0
luke3:item9:open,uw-174370-open,addition:bad,addition,bad,1.5b,0.6571,open,3,6,6,0.3,0.0,0.0496,0.85226,0.50303,2.64568,1,0
luke4:item12:mcq,uw-174382-mcq,addition:bad,addition,bad,1.5b,0.6571,mcq,4,6,6,0.3,0.0,0.0496,0.85226,0.50303,2.64568,1,0
luke4:item16:mcq,uw-174387-mcq,addition:bad,addition,bad,1.5b,0.6571,mcq,4,6,6,0.3,0.0,0.0496,0.85226,0.50303,2.64568,1,0
luke4:item1:open,uw-174377-open,addition:bad,addition,bad,1.5b,0.6571,open,4,6,6,0.3,0.0,0.0496,0.85226,0.50303,2.64568,1,0
luke4:item22:mcq,uw-174392-mcq,addition:bad,addition,bad,1.5b,0.6571,mcq,4,6,6,0.3,0.0,0.0496,0.85226,0.50303,2.64568,1,0
luke4:item26:mcq,uw-174394-mcq,addition:bad,addition,bad,1.5b,0.6571,mcq,4,6,6,0.3,0.0,0.0496,0.85226,0.50303,2.64568,1,0
luke4:item27:open,uw-174395-open,addition:bad,addition,bad,1.5b,0.6571,open,4,6,6,0.3,0.0,0.0496,0.85226,0.50303,2.64568,1,0
luke4:item33:open,uw-174397-open,addition:bad,addition,bad,1.5b,0.6571,open,4,6,6,0.3,0.0,0.0496,0.85226,0.50303,2.64568,1,0
luke4:item34:mcq,uw-174397-mcq,addition:bad,addition,bad,1.5b,0.6571,mcq,4,6,6,0.3,0.0,0.0496,0.85226,0.50303,2.64568,1,0
luke4:item3:open,uw-174378-open,addition:bad,addition,bad,1.5b,0.6571,open,4,6,6,0.3,0.0,0.0496,0.85226,0.50303,2.64568,1,0
luke4:item40:mcq,uw-174399-mcq,addition:bad,addition,bad,1.5b,0.6571,mcq,4,6,6,0.3,0.0,0.0496,0.85226,0.50303,2.64568,1,0
luke4:item41:open,uw-174396-open,addition:bad,addition,bad,1.5b,0.6571,open,4,6,6,0.3,0.0,0.0496,0.85226,0.50303,2.64568,1,0
luke4:item42:mcq,uw-174396-mcq,addition:bad,addition,bad,1.5b,0.6571,mcq,4,6,6,0.3,0.0,0.0496,0.85226,0.50303,2.64568,1,0
luke4:item44:mcq,uw-174398-mcq,addition:bad,addition,bad,1.5b,0.6571,mcq,4,6,6,0.3,0.0,0.0496,0.85226,0.50303,2.64568,1,0
luke4:item4:mcq,uw-174378-mcq,addition:bad,addition,bad,1.5b,0.6571,mcq,4,6,6,0.3,0.0,0.0496,0.85226,0.50303,2.64568,1,0
luke4:item6:mcq,uw-174379-mcq,addition:bad,addition,bad,1.5b,0.6571,mcq,4,6,6,0.3,0.0,0.0496,0.85226,0.50303,2.64568,1,0
luke4:item8:mcq,uw-174380-mcq,addition:bad,addition,bad,1.5b,0.6571,mcq,4,6,6,0.3,0.0,0.0496,0.85226,0.50303,2.64568,1,0
luke5:item11:open,uw-174404-open,addition:bad,addition,bad,1.5b,0.6571,open,5,6,6,0.3,0.0,0.0496,0.85226,0.50303,2.64568,1,0
luke5:item12:mcq,uw-174404-mcq,addition:bad,addition,bad,1.5b,0.6571,mcq,5,6,6,0.3,0.0,0.0496,0.85226,0.50303,2.64568,1,0
luke5:item13:open,uw-174406-open,addition:bad,addition,bad,1.5b,0.6571,open,5,6,6,0.3,0.0,0.0496,0.85226,0.50303,2.64568,1,0
luke5:item14:mcq,uw-174406-mcq,addition:bad,addition,bad,1.5b,0.6571,mcq,5,6,6,0.3,0.0,0.0496,0.85226,0.50303,2.64568,1,0
luke5:item16:mcq,uw-174407-mcq,addition:bad,addition,bad,1.5b,0.6571,mcq,5,6,6,0.3,0.0,0.0496,0.85226,0.50303,2.64568,1,0
luke5:item17:open,uw-174408-open,addition:bad,addition,bad,1.5b,0.6571,open,5,6,6,0.3,0.0,0.0496,0.85226,0.50303,2.64568,1,0
luke5:item18:mcq,uw-174408-mcq,addition:bad,addition,bad,1.5b,0.6571,mcq,5,6,6,0.3,0.0,0.0496,0.85226,0.50303,2.64568,1,0
luke5:item19:open,uw-174409-open,addition:bad,addition,bad,1.5b,0.6571,open,5,6,6,0.3,0.0,0.0496,0.85226,0.50303,2.64568,1,0
luke5:item20:mcq,uw-174409-mcq,addition:bad,addition,bad,1.5b,0.6571,mcq,5,6,6,0.3,0.0,0.0496,0.85226,0.50303,2.64568,1,0
luke5:item23:open,uw-174412-open,addition:bad,addition,bad,1.5b,0.6571,open,5,6,6,0.3,0.0,0.0496,0.85226,0.50303,2.64568,1,0
luke5:item24:mcq,uw-174412-mcq,addition:bad,addition,bad,1.5b,0.6571,mcq,5,6,6,0.3,0.0,0.0496,0.85226,0.50303,2.64568,1,0
luke5:item25:open,uw-174403-open,addition:bad,addition,bad,1.5b,0.6571,open,5,6,6,0.3,0.0,0.0496,0.85226,0.50303,2.64568,1,0
luke5:item26:mcq,uw-174403-mcq,addition:bad,addition,bad,1.5b,0.6571,mcq,5,6,6,0.3,0.0,0.0496,0.85226,0.50303,2.64568,1,0
luke5:item2:mcq,uw-174400-mcq,addition:bad,addition,bad,1.5b,0.6571,mcq,5,6,6,0.3,0.0,0.0496,0.85226,0.50303,2.64568,1,0
luke5:item4:mcq,uw-174401-mcq,addition:bad,addition,bad,1.5b,0.6571,mcq,5,6,6,0.3,0.0,0.0496,0.85226,0.50303,2.64568,1,0
luke5:item6:mcq,uw-174402-mcq,addition:bad,addition,bad,1.5b,0.6571,mcq,5,6,6,0.3,0.0,0.0496,0.85226,0.50303,2.64568,1,0
luke6:item10:mcq,uw-174423-mcq,addition:bad,addition,bad,1.5b,0.6571,mcq,6,6,6,0.3,0.0,0.0496,0.85226,0.50303,2.64568,1,0
luke6:item11:open,uw-174424-open,addition:bad,addition,bad,1.5b,0.6571,open,6,6,6,0.3,0.0,0.0496,0.85226,0.50303,2.64568,1,0
luke6:item14:mcq,uw-174427-mcq,addition:bad,addition,bad,1.5b,0.6571,mcq,6,6,6,0.3,0.0,0.0496,0.85226,0.50303,2.64568,1,0
luke6:item15:open,uw-174428-open,addition:bad,addition,bad,1.5b,0.6571,open,6,6,6,0.3,0.0,0.0496,0.85226,0.50303,2.64568,1,0
luke6:item16:mcq,uw-174428-mcq,addition:bad,addition,bad,1.5b,0.6571,mcq,6,6,6,0.3,0.0,0.0496,0.85226,0.50303,2.64568,1,0
luke6:item1:open,uw-174414-open,addition:bad,addition,bad,1.5b,0.6571,open,6,6,6,0.3,0.0,0.0496,0.85226,0.50303,2.64568,1,0
luke6:item2:mcq,uw-174414-mcq,addition:bad,addition,bad,1.5b,0.6571,mcq,6,6,6,0.3,0.0,0.0496,0.85226,0.50303,2.64568,1,0
luke6:item3:open,uw-174415-open,addition:bad,addition,bad,1.5b,0.6571,open,6,6,6,0.3,0.0,0.0496,0.85226,0.50303,2.64568,1,0
luke6:item4:mcq,uw-174415-mcq,addition:bad,addition,bad,1.5b,0.6571,mcq,6,6,6,0.3,0.0,0.0496,0.85226,0.50303,2.64568,1,0
luke6:item6:mcq,uw-174421-mcq,addition:bad,addition,bad,1.5b,0.6571,mcq,6,6,6,0.3,0.0,0.0496,0.85226,0.50303,2.64568,1,0
luke6:item8:mcq,uw-174422-mcq,addition:bad,addition,bad,1.5b,0.6571,mcq,6,6,6,0.3,0.0,0.0496,0.85226,0.50303,2.64568,1,0
luke7:item10:mcq,uw-174434-mcq,addition:bad,addition,bad,1.5b,0.6571,mcq,7,6,6,0.3,0.0,0.0496,0.85226,0.50303,2.64568,1,0
luke7:item16:mcq,uw-174441-mcq,addition:bad,addition,bad,1.5b,0.6571,mcq,7,6,6,0.3,0.0,0.0496,0.85226,0.50303,2.64568,1,0
luke7:item2:mcq,uw-174429-mcq,addition:bad,addition,bad,1.5b,0.6571,mcq,7,6,6,0.3,0.0,0.0496,0.85226,0.50303,2.64568,1,0
luke7:item3:open,uw-174430-open,addition:bad,addition,bad,1.5b,0.6571,open,7,6,6,0.3,0.0,0.0496,0.85226,0.50303,2.64568,1,0
luke7:item7:open,uw-174432-open,addition:bad,addition,bad,1.5b,0.6571,open,7,6,6,0.3,0.0,0.0496,0.85226,0.50303,2.64568,1,0
luke8:item10:mcq,uw-174448-mcq,addition:bad,addition,bad,1.5b,0.6571,mcq,8,6,6,0.3,0.0,0.0496,0.85226,0.50303,2.64568,1,0
luke8:item11:open,uw-174449-open,addition:bad,addition,bad,1.5b,0.6571,open,8,6,6,0.3,0.0,0.0496,0.85226,0.50303,2.64568,1,0
luke8:item12:mcq,uw-174449-mcq,addition:bad,addition,bad,1.5b,0.6571,mcq,8,6,6,0.3,0.0,0.0496,0.85226,0.50303,2.64568,1,0
luke8:item14:mcq,uw-174452-mcq,addition:bad,addition,bad,1.5b,0.6571,mcq,8,6,6,0.3,0.0,0.0496,0.85226,0.50303,2.64568,1,0
luke8:item1:open,uw-174444-open,addition:bad,addition,bad,1.5b,0.6571,open,8,6,6,0.3,0.0,0.0496,0.85226,0.50303,2.64568,1,0
luke8:item2:mcq,uw-174444-mcq,addition:bad,addition,bad,1.5b,0.6571,mcq,8,6,6,0.3,0.0,0.0496,0.85226,0.50303,2.64568,1,0
luke8:item5:open,uw-174446-open,addition:bad,addition,bad,1.5b,0.6571,open,8,6,6,0.3,0.0,0.0496,0.85226,0.50303,2.64568,1,0
luke8:item7:open,uw-174447-open,addition:bad,addition,bad,1.5b,0.6571,open,8,6,6,0.3,0.0,0.0496,0.85226,0.50303,2.64568,1,0
luke8:item8:mcq,uw-174447-mcq,addition:bad,addition,bad,1.5b,0.6571,mcq,8,6,6,0.3,0.0,0.0496,0.85226,0.50303,2.64568,1,0
luke1:item28:mcq,uw-174333-mcq,addition:bad,addition,bad,1.5b,0.6571,mcq,1,6,6,0.3,0.0,0.04124,0.77871,0.41823,-1.94641,1,0
luke1:item32:mcq,uw-174336-mcq,addition:bad,addition,bad,1.5b,0.6571,mcq,1,6,6,0.3,0.0,0.04124,0.77871,0.41823,-1.94641,1,0
luke1:item43:open,uw-174344-open,addition:bad,addition,bad,1.5b,0.6571,open,1,6,6,0.3,0.0,0.04124,0.77871,0.41823,-1.94641,1,0
luke2:item22:mcq,uw-174361-mcq,addition:bad,addition,bad,1.5b,0.6571,mcq,2,6,6,0.3,0.0,0.04124,0.77871,0.41823,-1.94641,1,0
luke2:item6:mcq,uw-174349-mcq,addition:bad,addition,bad,1.5b,0.6571,mcq,2,6,6,0.3,0.0,0.04124,0.77871,0.41823,-1.94641,1,0
luke3:item5:open,uw-174367-open,addition:bad,addition,bad,1.5b,0.6571,open,3,6,6,0.3,0.0,0.04124,0.77871,0.41823,-1.94641,1,0
luke4:item10:mcq,uw-174381-mcq,addition:bad,addition,bad,1.5b,0.6571,mcq,4,6,6,0.3,0.0,0.04124,0.77871,0.41823,-1.94641,1,0
luke4:item17:open,uw-174388-open,addition:bad,addition,bad,1.5b,0.6571,open,4,6,6,0.3,0.0,0.04124,0.77871,0.41823,-1.94641,1,0
luke4:item20:mcq,uw-174389-mcq,addition:bad,addition,bad,1.5b,0.6571,mcq,4,6,6,0.3,0.0,0.04124,0.77871,0.41823,-1.94641,1,0
luke4:item24:mcq,uw-174393-mcq,addition:bad,addition,bad,1.5b,0.6571,mcq,4,6,6,0.3,0.0,0.04124,0.77871,0.41823,-1.94641,1,0
luke4:item2:mcq,uw-174377-mcq,addition:bad,addition,bad,1.5b,0.6571,mcq,4,6,6,0.3,0.0,0.04124,0.77871,0.41823,-1.94641,1,0
luke4:item5:open,uw-174379-open,addition:bad,addition,bad,1.5b,0.6571,open,4,6,6,0.3,0.0,0.04124,0.77871,0.41823,-1.94641,1,0
luke5:item22:mcq,uw-174410-mcq,addition:bad,addition,bad,1.5b,0.6571,mcq,5,6,6,0.3,0.0,0.04124,0.77871,0.41823,-1.94641,1,0
luke6:item9:open,uw-174423-open,addition:bad,addition,bad,1.5b,0.6571,open,6,6,6,0.3,0.0,0.04124,0.77871,0.41823,-1.94641,1,0
luke7:item12:mcq,uw-174436-mcq,addition:bad,addition,bad,1.5b,0.6571,mcq,7,6,6,0.3,0.0,0.04124,0.77871,0.41823,-1.94641,1,0
luke7:item4:mcq,uw-174430-mcq,addition:bad,addition,bad,1.5b,0.6571,mcq,7,6,6,0.3,0.0,0.04124,0.77871,0.41823,-1.94641,1,0
luke7:item6:mcq,uw-174431-mcq,addition:bad,addition,bad,1.5b,0.6571,mcq,7,6,6,0.3,0.0,0.04124,0.77871,0.41823,-1.94641,1,0
luke7:item8:mcq,uw-174432-mcq,addition:bad,addition,bad,1.5b,0.6571,mcq,7,6,6,0.3,0.0,0.04124,0.77871,0.41823,-1.94641,1,0
luke8:item13:open,uw-174452-open,addition:bad,addition,bad,1.5b,0.6571,open,8,6,6,0.3,0.0,0.04124,0.77871,0.41823,-1.94641,1,0
luke8:item16:mcq,uw-174454-mcq,addition:bad,addition,bad,1.5b,0.6571,mcq,8,6,6,0.3,0.0,0.04124,0.77871,0.41823,-1.94641,1,0
luke8:item17:open,uw-174455-open,addition:bad,addition,bad,1.5b,0.6571,open,8,6,6,0.3,0.0,0.04124,0.77871,0.41823,-1.94641,1,0
luke8:item18:mcq,uw-174455-mcq,addition:bad,addition,bad,1.5b,0.6571,mcq,8,6,6,0.3,0.0,0.04124,0.77871,0.41823,-1.94641,1,0
luke8:item4:mcq,uw-174445-mcq,addition:bad,addition,bad,1.5b,0.6571,mcq,8,6,6,0.3,0.0,0.04124,0.77871,0.41823,-1.94641,1,0
luke1:item11:open,uw-174324-open,addition:bad,addition,bad,1.5b,0.6571,open,1,6,6,0.3,0.0,0.02735,0.63347,0.27739,0.15083,1,0
luke1:item31:open,uw-174336-open,addition:bad,addition,bad,1.5b,0.6571,open,1,6,6,0.3,0.0,0.02735,0.63347,0.27739,0.15083,1,0
luke8:item9:open,uw-174448-open,addition:bad,addition,bad,1.5b,0.6571,open,8,6,6,0.3,0.0,0.02735,0.63347,0.27739,0.15083,1,0
luke1:item19:open,uw-174329-open,addition:adversarial,addition,adversarial,1.5b,0.6571,open,1,6,6,0.3,0.13889,0.01994,0.64215,0.20218,-0.44712,1,1
luke1:item10:mcq,uw-174323-mcq,addition:neutral,addition,neutral,1.5b,0.6571,mcq,1,6,6,0.3,0.0,0.00235,0.85745,0.02387,2.68124,1,0
luke1:item12:mcq,uw-174324-mcq,addition:neutral,addition,neutral,1.5b,0.6571,mcq,1,6,6,0.3,0.0,0.00235,0.85745,0.02387,2.68124,1,0
luke1:item13:open,uw-174325-open,addition:neutral,addition,neutral,1.5b,0.6571,open,1,6,6,0.3,0.0,0.00235,0.85745,0.02387,2.68124,1,0
luke1:item14:mcq,uw-174325-mcq,addition:neutral,addition,neutral,1.5b,0.6571,mcq,1,6,6,0.3,0.0,0.00235,0.85745,0.02387,2.68124,1,0
luke1:item16:mcq,uw-174326-mcq,addition:neutral,addition,neutral,1.5b,0.6571,mcq,1,6,6,0.3,0.0,0.00235,0.85745,0.02387,2.68124,1,0
luke1:item17:open,uw-174328-open,addition:neutral,addition,neutral,1.5b,0.6571,open,1,6,6,0.3,0.0,0.00235,0.85745,0.02387,2.68124,1,0
luke1:item20:mcq,uw-174329-mcq,addition:neutral,addition,neutral,1.5b,0.6571,mcq,1,6,6,0.3,0.0,0.00235,0.85745,0.02387,2.68124,1,0
luke1:item21:open,uw-174330-open,addition:neutral,addition,neutral,1.5b,0.6571,open,1,6,6,0.3,0.0,0.00235,0.85745,0.02387,2.68124,1,0
luke1:item22:mcq,uw-174330-mcq,addition:neutral,addition,neutral,1.5b,0.6571,mcq,1,6,6,0.3,0.0,0.00235,0.85745,0.02387,2.68124,1,0
luke1:item23:open,uw-174331-open,addition:neutral,addition,neutral,1.5b,0.6571,open,1,6,6,0.3,0.0,0.00235,0.85745,0.02387,2.68124,1,0
luke1:item24:mcq,uw-174331-mcq,addition:neutral,addition,neutral,1.5b,0.6571,mcq,1,6,6,0.3,0.0,0.00235,0.85745,0.02387,2.68124,1,0
luke1:item25:open,uw-174332-open,addition:neutral,addition,neutral,1.5b,0.6571,open,1,6,6,0.3,0.0,0.00235,0.85745,0.02387,2.68124,1,0
luke1:item26:mcq,uw-174332-mcq,addition:neutral,addition,neutral,1.5b,0.6571,mcq,1,6,6,0.3,0.0,0.00235,0.85745,0.02387,2.68124,1,0
luke1:item27:open,uw-174333-open,addition:neutral,addition,neutral,1.5b,0.6571,open,1,6,6,0.3,0.0,0.00235,0.85745,0.02387,2.68124,1,0
luke1:item29:open,uw-174335-open,addition:neutral,addition,neutral,1.5b,0.6571,open,1,6,6,0.3,0.0,0.00235,0.85745,0.02387,2.68124,1,0
luke1:item2:mcq,uw-174316-mcq,addition:neutral,addition,neutral,1.5b,0.6571,mcq,1,6,6,0.3,0.0,0.00235,0.85745,0.02387,2.68124,1,0
luke1:item30:mcq,uw-174335-mcq,addition:neutral,addition,neutral,1.5b,0.6571,mcq,1,6,6,0.3,0.0,0.00235,0.85745,0.02387,2.68124,1,0
luke1:item36:mcq,uw-174340-mcq,addition:neutral,addition,neutral,1.5b,0.6571,mcq,1,6,6,0.3,0.0,0.00235,0.85745,0.02387,2.68124,1,0
luke1:item38:mcq,uw-174341-mcq,addition:neutral,addition,neutral,1.5b,0.6571,mcq,1,6,6,0.3,0.0,0.00235,0.85745,0.02387,2.68124,1,0
luke1:item3:open,uw-174317-open,addition:neutral,addition,neutral,1.5b,0.6571,open,1,6,6,0.3,0.0,0.00235,0.85745,0.02387,2.68124,1,0
luke1:item40:mcq,uw-174342-mcq,addition:neutral,addition,neutral,1.5b,0.6571,mcq,1,6,6,0.3,0.0,0.00235,0.85745,0.02387,2.68124,1,0
luke1:item42:mcq,uw-174343-mcq,addition:neutral,addition,neutral,1.5b,0.6571,mcq,1,6,6,0.3,0.0,0.00235,0.85745,0.02387,2.68124,1,0
luke1:item44:mcq,uw-174344-mcq,addition:neutral,addition,neutral,1.5b,0.6571,mcq,1,6,6,0.3,0.0,0.00235,0.85745,0.02387,2.68124,1,0
luke1:item4:mcq,uw-174317-mcq,addition:neutral,addition,neutral,1.5b,0.6571,mcq,1,6,6,0.3,0.0,0.00235,0.85745,0.02387,2.68124,1,0
luke1:item5:open,uw-174318-open,addition:neutral,addition,neutral,1.5b,0.6571,open,1,6,6,0.3,0.0,0.00235,0.85745,0.02387,2.68124,1,0
luke1:item6:mcq,uw-174318-mcq,addition:neutral,addition,neutral,1.5b,0.6571,mcq,1,6,6,0.3,0.0,0.00235,0.85745,0.02387,2.68124,1,0
luke1:item8:mcq,uw-174322-mcq,addition:neutral,addition,neutral,1.5b,0.6571,mcq,1,6,6,0.3,0.0,0.00235,0.85745,0.02387,2.68124,1,0
luke1:item9:open,uw-174323-open,addition:neutral,addition,neutral,1.5b,0.6571,open,1,6,6,0.3,0.0,0.00235,0.85745,0.02387,2.68124,1,0
luke2:item10:mcq,uw-174351-mcq,addition:neutral,addition,neutral,1.5b,0.6571,mcq,2,6,6,0.3,0.0,0.00235,0.85745,0.02387,2.68124,1,0
luke2:item11:open,uw-174352-open,addition:neutral,addition,neutral,1.5b,0.6571,open,2,6,6,0.3,0.0,0.00235,0.85745,0.02387,2.68124,1,0
luke2:item12:mcq,uw-174352-mcq,addition:neutral,addition,neutral,1.5b,0.6571,mcq,2,6,6,0.3,0.0,0.00235,0.85745,0.02387,2.68124,1,0
luke2:item14:mcq,uw-174354-mcq,addition:neutral,addition,neutral,1.5b,0.6571,mcq,2,6,6,0.3,0.0,0.00235,0.85745,0.02387,2.68124,1,0
luke2:item16:mcq,uw-174355-mcq,addition:neutral,addition,neutral,1.5b,0.6571,mcq,2,6,6,0.3,0.0,0.00235,0.85745,0.02387,2.68124,1,0
luke2:item18:mcq,uw-174357-mcq,addition:neutral,addition,neutral,1.5b,0.6571,mcq,2,6,6,0.3,0.0,0.00235,0.85745,0.02387,2.68124,1,0
luke2:item19:open,uw-174359-open,addition:neutral,addition,neutral,1.5b,0.6571,open,2,6,6,0.3,0.0,0.00235,0.85745,0.02387,2.68124,1,0
luke2:item20:mcq,uw-174359-mcq,addition:neutral,addition,neutral,1.5b,0.6571,mcq,2,6,6,0.3,0.0,0.00235,0.85745,0.02387,2.68124,1,0
luke2:item24:mcq,uw-174362-mcq,addition:neutral,addition,neutral,1.5b,0.6571,mcq,2,6,6,0.3,0.0,0.00235,0.85745,0.02387,2.68124,1,0
luke2:item2:mcq,uw-174346-mcq,addition:neutral,addition,neutral,1.5b,0.6571,mcq,2,6,6,0.3,0.0,0.00235,0.85745,0.02387,2.68124,1,0
luke2:item4:mcq,uw-174347-mcq,addition:neutral,addition,neutral,1.5b,0.6571,mcq,2,6,6,0.3,0.0,0.00235,0.85745,0.02387,2.68124,1,0
luke2:item5:open,uw-174349-open,addition:neutral,addition,neutral,1.5b,0.6571,open,2,6,6,0.3,0.0,0.00235,0.85745,0.02387,2.68124,1,0
luke2:item8:mcq,uw-174350-mcq,addition:neutral,addition,neutral,1.5b,0.6571,mcq,2,6,6,0.3,0.0,0.00235,0.85745,0.02387,2.68124,1,0
luke3:item10:mcq,uw-174370-mcq,addition:neutral,addition,neutral,1.5b,0.6571,mcq,3,6,6,0.3,0.0,0.00235,0.85745,0.02387,2.68124,1,0
luke3:item12:mcq,uw-174374-mcq,addition:neutral,addition,neutral,1.5b,0.6571,mcq,3,6,6,0.3,0.0,0.00235,0.85745,0.02387,2.68124,1,0
luke3:item13:open,uw-174375-open,addition:neutral,addition,neutral,1.5b,0.6571,open,3,6,6,0.3,0.0,0.00235,0.85745,0.02387,2.68124,1,0
luke3:item14:mcq,uw-174375-mcq,addition:neutral,addition,neutral,1.5b,0.6571,mcq,3,6,6,0.3,0.0,0.00235,0.85745,0.02387,2.68124,1,0
luke3:item1:open,uw-174365-open,addition:neutral,addition,neutral,1.5b,0.6571,open,3,6,6,0.3,0.0,0.00235,0.85745,0.02387,2.68124,1,0
luke3:item2:mcq,uw-174365-mcq,addition:neutral,addition,neutral,1.5b,0.6571,mcq,3,6,6,0.3,0.0,0.00235,0.85745,0.02387,2.68124,1,0
luke3:item4:mcq,uw-174366-mcq,addition:neutral,addition,neutral,1.5b,0.6571,mcq,3,6,6,0.3,0.0,0.00235,0.85745,0.02387,2.68124,1,0
luke3:item6:mcq,uw-174367-mcq,addition:neutral,addition,neutral,1.5b,0.6571,mcq,3,6,6,0.3,0.0,0.00235,0.85745,0.02387,2.68124,1,0
luke3:item7:open,uw-174368-open,addition:neutral,addition,neutral,1.5b,0.6571,open,3,6,6,0.3,0.0,0.00235,0.85745,0.02387,2.68124,1,0
luke3:item8:mcq,uw-174368-mcq,addition:neutral,addition,neutral,1.5b,0.6571,mcq,3,6,6,0.3,0.0,0.00235,0.85745,0.02387,2.68124,1,0
luke3:item9:open,uw-174370-open,addition:neutral,addition,neutral,1.5b,0.6571,open,3,6,6,0.3,0.0,0.00235,0.85745,0.02387,2.68124,1,0
luke4:item11:open,uw-174382-open,addition:neutral,addition,neutral,1.5b,0.6571,open,4,6,6,0.3,0.0,0.00235,0.85745,0.02387,2.68124,1,0
luke4:item12:mcq,uw-174382-mcq,addition:neutral,addition,neutral,1.5b,0.6571,mcq,4,6,6,0.3,0.0,0.00235,0.85745,0.02387,2.68124,1,0
luke4:item16:mcq,uw-174387-mcq,addition:neutral,addition,neutral,1.5b,0.6571,mcq,4,6,6,0.3,0.0,0.00235,0.85745,0.02387,2.68124,1,0
luke4:item1:open,uw-174377-open,addition:neutral,addition,neutral,1.5b,0.6571,open,4,6,6,0.3,0.0,0.00235,0.85745,0.02387,2.68124,1,0
luke4:item22:mcq,uw-174392-mcq,addition:neutral,addition,neutral,1.5b,0.6571,mcq,4,6,6,0.3,0.0,0.00235,0.85745,0.02387,2.68124,1,0
luke4:item26:mcq,uw-174394-mcq,addition:neutral,addition,neutral,1.5b,0.6571,mcq,4,6,6,0.3,0.0,0.00235,0.85745,0.02387,2.68124,1,0
luke4:item27:open,uw-174395-open,addition:neutral,addition,neutral,1.5b,0.6571,open,4,6,6,0.3,0.0,0.00235,0.85745,0.02387,2.68124,1,0
luke4:item33:open,uw-174397-open,addition:neutral,addition,neutral,1.5b,0.6571,open,4,6,6,0.3,0.0,0.00235,0.85745,0.02387,2.68124,1,0
luke4:item34:mcq,uw-174397-mcq,addition:neutral,addition,neutral,1.5b,0.6571,mcq,4,6,6,0.3,0.0,0.00235,0.85745,0.02387,2.68124,1,0
luke4:item3:open,uw-174378-open,addition:neutral,addition,neutral,1.5b,0.6571,open,4,6,6,0.3,0.0,0.00235,0.85745,0.02387,2.68124,1,0
luke4:item40:mcq,uw-174399-mcq,addition:neutral,addition,neutral,1.5b,0.6571,mcq,4,6,6,0.3,0.0,0.00235,0.85745,0.02387,2.68124,1,0
luke4:item41:open,uw-174396-open,addition:neutral,addition,neutral,1.5b,0.6571,open,4,6,6,0.3,0.0,0.00235,0.85745,0.02387,2.68124,1,0
luke4:item42:mcq,uw-174396-mcq,addition:neutral,addition,neutral,1.5b,0.6571,mcq,4,6,6,0.3,0.0,0.00235,0.85745,0.02387,2.68124,1,0
luke4:item44:mcq,uw-174398-mcq,addition:neutral,addition,neutral,1.5b,0.6571,mcq,4,6,6,0.3,0.0,0.00235,0.85745,0.02387,2.68124,1,0
luke4:item4:mcq,uw-174378-mcq,addition:neutral,addition,neutral,1.5b,0.6571,mcq,4,6,6,0.3,0.0,0.00235,0.85745,0.02387,2.68124,1,0
luke4:item6:mcq,uw-174379-mcq,addition:neutral,addition,neutral,1.5b,0.6571,mcq,4,6,6,0.3,0.0,0.00235,0.85745,0.02387,2.68124,1,0
luke4:item8:mcq,uw-174380-mcq,addition:neutral,addition,neutral,1.5b,0.6571,mcq,4,6,6,0.3,0.0,0.00235,0.85745,0.02387,2.68124,1,0
luke5:item11:open,uw-174404-open,addition:neutral,addition,neutral,1.5b,0.6571,open,5,6,6,0.3,0.0,0.00235,0.85745,0.02387,2.68124,1,0
luke5:item12:mcq,uw-174404-mcq,addition:neutral,addition,neutral,1.5b,0.6571,mcq,5,6,6,0.3,0.0,0.00235,0.85745,0.02387,2.68124,1,0
luke5:item13:open,uw-174406-open,addition:neutral,addition,neutral,1.5b,0.6571,open,5,6,6,0.3,0.0,0.00235,0.85745,0.02387,2.68124,1,0
luke5:item14:mcq,uw-174406-mcq,addition:neutral,addition,neutral,1.5b,0.6571,mcq,5,6,6,0.3,0.0,0.00235,0.85745,0.02387,2.68124,1,0
luke5:item16:mcq,uw-174407-mcq,addition:neutral,addition,neutral,1.5b,0.6571,mcq,5,6,6,0.3,0.0,0.00235,0.85745,0.02387,2.68124,1,0
luke5:item17:open,uw-174408-open,addition:neutral,addition,neutral,1.5b,0.6571,open,5,6,6,0.3,0.0,0.00235,0.85745,0.02387,2.68124,1,0
luke5:item18:mcq,uw-174408-mcq,addition:neutral,addition,neutral,1.5b,0.6571,mcq,5,6,6,0.3,0.0,0.00235,0.85745,0.02387,2.68124,1,0
luke5:item19:open,uw-174409-open,addition:neutral,addition,neutral,1.5b,0.6571,open,5,6,6,0.3,0.0,0.00235,0.85745,0.02387,2.68124,1,0
luke5:item1:open,uw-174400-open,addition:neutral,addition,neutral,1.5b,0.6571,open,5,6,6,0.3,0.0,0.00235,0.85745,0.02387,2.68124,1,0
luke5:item20:mcq,uw-174409-mcq,addition:neutral,addition,neutral,1.5b,0.6571,mcq,5,6,6,0.3,0.0,0.00235,0.85745,0.02387,2.68124,1,0
luke5:item23:open,uw-174412-open,addition:neutral,addition,neutral,1.5b,0.6571,open,5,6,6,0.3,0.0,0.00235,0.85745,0.02387,2.68124,1,0
luke5:item24:mcq,uw-174412-mcq,addition:neutral,addition,neutral,1.5b,0.6571,mcq,5,6,6,0.3,0.0,0.00235,0.85745,0.02387,2.68124,1,0
luke5:item25:open,uw-174403-open,addition:neutral,addition,neutral,1.5b,0.6571,open,5,6,6,0.3,0.0,0.00235,0.85745,0.02387,2.68124,1,0
luke5:item26:mcq,uw-174403-mcq,addition:neutral,addition,neutral,1.5b,0.6571,mcq,5,6,6,0.3,0.0,0.00235,0.85745,0.02387,2.68124,1,0
luke5:item2:mcq,uw-174400-mcq,addition:neutral,addition,neutral,1.5b,0.6571,mcq,5,6,6,0.3,0.0,0.00235,0.85745,0.02387,2.68124,1,0
luke5:item4:mcq,uw-174401-mcq,addition:neutral,addition,neutral,1.5b,0.6571,mcq,5,6,6,0.3,0.0,0.00235,0.85745,0.02387,2.68124,1,0
luke5:item6:mcq,uw-174402-mcq,addition:neutral,addition,neutral,1.5b,0.6571,mcq,5,6,6,0.3,0.0,0.00235,0.85745,0.02387,2.68124,1,0
luke6:item10:mcq,uw-174423-mcq,addition:neutral,addition,neutral,1.5b,0.6571,mcq,6,6,6,0.3,0.0,0.00235,0.85745,0.02387,2.68124,1,0
luke6:item11:open,uw-174424-open,addition:neutral,addition,neutral,1.5b,0.6571,open,6,6,6,0.3,0.0,0.00235,0.85745,0.02387,2.68124,1,0
luke6:item14:mcq,uw-174427-mcq,addition:neutral,addition,neutral,1.5b,0.6571,mcq,6,6,6,0.3,0.0,0.00235,0.85745,0.02387,2.68124,1,0
luke6:item15:open,uw-174428-open,addition:neutral,addition,neutral,1.5b,0.6571,open,6,6,6,0.3,0.0,0.00235,0.85745,0.02387,2.68124,1,0
luke6:item16:mcq,uw-174428-mcq,addition:neutral,addition,neutral,1.5b,0.6571,mcq,6,6,6,0.3,0.0,0.00235,0.85745,0.02387,2.68124,1,0
luke6:item2:mcq,uw-174414-mcq,addition:neutral,addition,neutral,1.5b,0.6571,mcq,6,6,6,0.3,0.0,0.00235,0.85745,0.02387,2.68124,1,0
luke6:item3:open,uw-174415-open,addition:neutral,addition,neutral,1.5b,0.6571,open,6,6,6,0.3,0.0,0.00235,0.85745,0.02387,2.68124,1,0
luke6:item4:mcq,uw-174415-mcq,addition:neutral,addition,neutral,1.5b,0.6571,mcq,6,6,6,0.3,0.0,0.00235,0.85745,0.02387,2.68124,1,0
luke6:item6:mcq,uw-174421-mcq,addition:neutral,addition,neutral,1.5b,0.6571,mcq,6,6,6,0.3,0.0,0.00235,0.85745,0.02387,2.68124,1,0
luke6:item7:open,uw-174422-open,addition:neutral,addition,neutral,1.5b,0.6571,open,6,6,6,0.3,0.0,0.00235,0.85745,0.02387,2.68124,1,0
luke6:item8:mcq,uw-174422-mcq,addition:neutral,addition,neutral,1.5b,0.6571,mcq,6,6,6,0.3,0.0,0.00235,0.85745,0.02387,2.68124,1,0
luke7:item10:mcq,uw-174434-mcq,addition:neutral,addition,neutral,1.5b,0.6571,mcq,7,6,6,0.3,0.0,0.00235,0.85745,0.02387,2.68124,1,0
luke7:item15:open,uw-174441-open,addition:neutral,addition,neutral,1.5b,0.6571,open,7,6,6,0.3,0.0,0.00235,0.85745,0.02387,2.68124,1,0
luke7:item16:mcq,uw-174441-mcq,addition:neutral,addition,neutral,1.5b,0.6571,mcq,7,6,6,0.3,0.0,0.00235,0.85745,0.02387,2.68124,1,0
luke7:item17:open,uw-174442-open,addition:neutral,addition,neutral,1.5b,0.6571,open,7,6,6,0.3,0.0,0.00235,0.85745,0.02387,2.68124,1,0
luke7:item2:mcq,uw-174429-mcq,addition:neutral,addition,neutral,1.5b,0.6571,mcq,7,6,6,0.3,0.0,0.00235,0.85745,0.02387,2.68124,1,0
luke7:item7:open,uw-174432-open,addition:neutral,addition,neutral,1.5b,0.6571,open,7,6,6,0.3,0.0,0.00235,0.85745,0.02387,2.68124,1,0
luke8:item10:mcq,uw-174448-mcq,addition:neutral,addition,neutral,1.5b,0.6571,mcq,8,6,6,0.3,0.0,0.00235,0.85745,0.02387,2.68124,1,0
luke8:item11:open,uw-174449-open,addition:neutral,addition,neutral,1.5b,0.6571,open,8,6,6,0.3,0.0,0.00235,0.85745,0.02387,2.68124,1,0
luke8:item12:mcq,uw-174449-mcq,addition:neutral,addition,neutral,1.5b,0.6571,mcq,8,6,6,0.3,0.0,0.00235,0.85745,0.02387,2.68124,1,0
luke8:item14:mcq,uw-174452-mcq,addition:neutral,addition,neutral,1.5b,0.6571,mcq,8,6,6,0.3,0.0,0.00235,0.85745,0.02387,2.68124,1,0
luke8:item1:open,uw-174444-open,addition:neutral,addition,neutral,1.5b,0.6571,open,8,6,6,0.3,0.0,0.00235,0.85745,0.02387,2.68124,1,0
luke8:item2:mcq,uw-174444-mcq,addition:neutral,addition,neutral,1.5b,0.6571,mcq,8,6,6,0.3,0.0,0.00235,0.85745,0.02387,2.68124,1,0
luke8:item3:open,uw-174445-open,addition:neutral,addition,neutral,1.5b,0.6571,open,8,6,6,0.3,0.0,0.00235,0.85745,0.02387,2.68124,1,0
luke8:item5:open,uw-174446-open,addition:neutral,addition,neutral,1.5b,0.6571,open,8,6,6,0.3,0.0,0.00235,0.85745,0.02387,2.68124,1,0
luke8:item7:open,uw-174447-open,addition:neutral,addition,neutral,1.5b,0.6571,open,8,6,6,0.3,0.0,0.00235,0.85745,0.02387,2.68124,1,0
luke8:item8:mcq,uw-174447-mcq,addition:neutral,addition,neutral,1.5b,0.6571,mcq,8,6,6,0.3,0.0,0.00235,0.85745,0.02387,2.68124,1,0
luke1:item18:mcq,uw-174328-mcq,addition:neutral,addition,neutral,1.5b,0.6571,mcq,1,6,6,0.3,0.0,0.00192,0.77429,0.01946,-1.92152,1,0
luke1:item28:mcq,uw-174333-mcq,addition:neutral,addition,neutral,1.5b,0.6571,mcq,1,6,6,0.3,0.0,0.00192,0.77429,0.01946,-1.92152,1,0
luke1:item32:mcq,uw-174336-mcq,addition:neutral,addition,neutral,1.5b,0.6571,mcq,1,6,6,0.3,0.0,0.00192,0.77429,0.01946,-1.92152,1,0
luke1:item43:open,uw-174344-open,addition:neutral,addition,neutral,1.5b,0.6571,open,1,6,6,0.3,0.0,0.00192,0.77429,0.01946,-1.92152,1,0
luke2:item22:mcq,uw-174361-mcq,addition:neutral,addition,neutral,1.5b,0.6571,mcq,2,6,6,0.3,0.0,0.00192,0.77429,0.01946,-1.92152,1,0
luke3:item5:open,uw-174367-open,addition:neutral,addition,neutral,1.5b,0.6571,open,3,6,6,0.3,0.0,0.00192,0.77429,0.01946,-1.92152,1,0
luke4:item10:mcq,uw-174381-mcq,addition:neutral,addition,neutral,1.5b,0.6571,mcq,4,6,6,0.3,0.0,0.00192,0.77429,0.01946,-1.92152,1,0
luke4:item17:open,uw-174388-open,addition:neutral,addition,neutral,1.5b,0.6571,open,4,6,6,0.3,0.0,0.00192,0.77429,0.01946,-1.92152,1,0
luke4:item20:mcq,uw-174389-mcq,addition:neutral,addition,neutral,1.5b,0.6571,mcq,4,6,6,0.3,0.0,0.00192,0.77429,0.01946,-1.92152,1,0
luke4:item2:mcq,uw-174377-mcq,addition:neutral,addition,neutral,1.5b,0.6571,mcq,4,6,6,0.3,0.0,0.00192,0.77429,0.01946,-1.92152,1,0
luke5:item22:mcq,uw-174410-mcq,addition:neutral,addition,neutral,1.5b,0.6571,mcq,5,6,6,0.3,0.0,0.00192,0.77429,0.01946,-1.92152,1,0
luke6:item12:mcq,uw-174424-mcq,addition:neutral,addition,neutral,1.5b,0.6571,mcq,6,6,6,0.3,0.0,0.00192,0.77429,0.01946,-1.92152,1,0
luke6:item9:open,uw-174423-open,addition:neutral,addition,neutral,1.5b,0.6571,open,6,6,6,0.3,0.0,0.00192,0.77429,0.01946,-1.92152,1,0
luke7:item12:mcq,uw-174436-mcq,addition:neutral,addition,neutral,1.5b,0.6571,mcq,7,6,6,0.3,0.0,0.00192,0.77429,0.01946,-1.92152,1,0
luke7:item4:mcq,uw-174430-mcq,addition:neutral,addition,neutral,1.5b,0.6571,mcq,7,6,6,0.3,0.0,0.00192,0.77429,0.01946,-1.92152,1,0
luke7:item6:mcq,uw-174431-mcq,addition:neutral,addition,neutral,1.5b,0.6571,mcq,7,6,6,0.3,0.0,0.00192,0.77429,0.01946,-1.92152,1,0
luke7:item8:mcq,uw-174432-mcq,addition:neutral,addition,neutral,1.5b,0.6571,mcq,7,6,6,0.3,0.0,0.00192,0.77429,0.01946,-1.92152,1,0
luke8:item13:open,uw-174452-open,addition:neutral,addition,neutral,1.5b,0.6571,open,8,6,6,0.3,0.0,0.00192,0.77429,0.01946,-1.92152,1,0
luke8:item16:mcq,uw-174454-mcq,addition:neutral,addition,neutral,1.5b,0.6571,mcq,8,6,6,0.3,0.0,0.00192,0.77429,0.01946,-1.92152,1,0
luke8:item17:open,uw-174455-open,addition:neutral,addition,neutral,1.5b,0.6571,open,8,6,6,0.3,0.0,0.00192,0.77429,0.01946,-1.92152,1,0
luke8:item18:mcq,uw-174455-mcq,addition:neutral,addition,neutral,1.5b,0.6571,mcq,8,6,6,0.3,0.0,0.00192,0.77429,0.01946,-1.92152,1,0
luke8:item4:mcq,uw-174445-mcq,addition:neutral,addition,neutral,1.5b,0.6571,mcq,8,6,6,0.3,0.0,0.00192,0.77429,0.01946,-1.92152,1,0
luke1:item11:open,uw-174324-open,addition:neutral,addition,neutral,1.5b,0.6571,open,1,6,6,0.3,0.0,0.00129,0.63372,0.01304,0.16361,1,0
luke1:item31:open,uw-174336-open,addition:neutral,addition,neutral,1.5b,0.6571,open,1,6,6,0.3,0.0,0.00129,0.63372,0.01304,0.16361,1,0
luke2:item21:open,uw-174361-open,addition:neutral,addition,neutral,1.5b,0.6571,open,2,6,6,0.3,0.0,0.00129,0.63372,0.01304,0.16361,1,0
luke8:item9:open,uw-174448-open,addition:neutral,addition,neutral,1.5b,0.6571,open,8,6,6,0.3,0.0,0.00129,0.63372,0.01304,0.16361,1,0
luke7:item11:open,uw-174436-open,addition:bad,addition,bad,1.5b,0.6571,open,7,6,6,0.3,0.05556,-0.0086,0.72517,-0.08722,1.48526,1,1
luke5:item3:open,uw-174401-open,addition:adversarial,addition,adversarial,1.5b,0.6571,open,5,6,6,0.3,0.05556,-0.01699,0.68529,-0.17228,-1.09633,1,1
luke1:item15:open,uw-174326-open,addition:neutral,addition,neutral,1.5b,0.6571,open,1,6,6,0.3,0.05556,-0.04307,0.72867,-0.43682,1.50512,1,1
luke4:item19:open,uw-174389-open,addition:adversarial,addition,adversarial,1.5b,0.6571,open,4,6,6,0.3,0.0625,-0.05644,0.68496,-0.57242,1.06596,1,1
luke2:item3:open,uw-174347-open,addition:neutral,addition,neutral,1.5b,0.6571,open,2,6,6,0.3,0.03472,-0.06648,0.63333,-0.67427,-0.12266,1,1
luke5:item15:open,uw-174407-open,addition:neutral,addition,neutral,1.5b,0.6571,open,5,6,6,0.3,0.05556,-0.07231,0.66146,-0.73331,0.76574,1,1
luke2:item13:open,uw-174354-open,addition:adversarial,addition,adversarial,1.5b,0.6571,open,2,6,6,0.3,0.05556,-0.08443,0.64132,-0.85623,-0.44773,1,1
luke2:item21:open,uw-174361-open,addition:adversarial,addition,adversarial,1.5b,0.6571,open,2,6,6,0.3,0.03472,-0.08446,0.6426,-0.85656,0.42222,1,1
luke4:item39:open,uw-174399-open,addition:bad,addition,bad,1.5b,0.6571,open,4,6,6,0.3,0.0625,-0.08745,0.68854,-0.88688,1.09206,1,1
luke3:item11:open,uw-174374-open,addition:adversarial,addition,adversarial,1.5b,0.6571,open,3,6,6,0.3,0.05556,-0.12571,0.66106,-1.27492,0.73057,1,1
luke4:item21:open,uw-174392-open,addition:bad,addition,bad,1.5b,0.6571,open,4,6,6,0.3,0.11806,-0.14231,0.63466,-1.44331,-0.13584,1,1
luke1:item37:open,uw-174341-open,addition:neutral,addition,neutral,1.5b,0.6571,open,1,6,6,0.3,0.03472,-0.16844,0.63524,-1.70826,-0.12318,1,1
luke7:item18:mcq,uw-174442-mcq,addition:bad,addition,bad,1.5b,0.6571,mcq,7,6,6,0.3,0.25,-0.17697,0.63739,-1.79478,0.15194,1,1
luke4:item13:open,uw-174384-open,addition:bad,addition,bad,1.5b,0.6571,open,4,6,6,0.3,0.0625,-0.18901,0.65628,-1.91692,-0.73845,1,1
luke2:item3:open,uw-174347-open,addition:bad,addition,bad,1.5b,0.6571,open,2,6,6,0.3,0.05556,-0.21508,0.64249,-2.18136,-0.43021,1,1
luke4:item13:open,uw-174384-open,addition:neutral,addition,neutral,1.5b,0.6571,open,4,6,6,0.3,0.0625,-0.21642,0.65586,-2.19493,-0.7257,1,1
luke2:item7:open,uw-174350-open,addition:bad,addition,bad,1.5b,0.6571,open,2,6,6,0.3,0.03472,-0.24493,0.63802,-2.48401,-0.1367,1,1
luke1:item39:open,uw-174342-open,addition:neutral,addition,neutral,1.5b,0.6571,open,1,6,6,0.3,0.03472,-0.26126,0.79592,-2.64961,2.01934,1,1
luke2:item7:open,uw-174350-open,addition:neutral,addition,neutral,1.5b,0.6571,open,2,6,6,0.3,0.03472,-0.27133,0.63916,-2.75177,-0.12399,1,1
luke3:item3:open,uw-174366-open,addition:neutral,addition,neutral,1.5b,0.6571,open,3,6,6,0.3,0.11806,-0.27133,0.63916,-2.75177,-0.12399,1,1
luke5:item1:open,uw-174400-open,addition:bad,addition,bad,1.5b,0.6571,open,5,6,6,0.3,0.05556,-0.28015,0.73984,-2.84121,1.50436,1,1
luke7:item5:open,uw-174431-open,addition:bad,addition,bad,1.5b,0.6571,open,7,6,6,0.3,0.05556,-0.28015,0.73984,-2.84121,1.50436,1,1
luke7:item13:open,uw-174440-open,addition:adversarial,addition,adversarial,1.5b,0.6571,open,7,6,6,0.3,0.03472,-0.29675,0.65283,-3.00961,0.42982,1,1
luke4:item15:open,uw-174387-open,addition:adversarial,addition,adversarial,1.5b,0.6571,open,4,6,6,0.3,0.0625,-0.29867,0.6988,-3.02908,1.08314,1,1
luke4:item39:open,uw-174399-open,addition:adversarial,addition,adversarial,1.5b,0.6571,open,4,6,6,0.3,0.0625,-0.29867,0.6988,-3.02908,1.08314,1,1
luke4:item25:open,uw-174394-open,addition:bad,addition,bad,1.5b,0.6571,open,4,6,6,0.3,0.03472,-0.32537,0.65581,-3.29989,0.45271,1,1
luke7:item13:open,uw-174440-open,addition:bad,addition,bad,1.5b,0.6571,open,7,6,6,0.3,0.03472,-0.32537,0.65581,-3.29989,0.45271,1,1
luke2:item15:open,uw-174355-open,addition:neutral,addition,neutral,1.5b,0.6571,open,2,6,6,0.3,0.03472,-0.35409,0.6586,-3.59112,0.46827,1,1
luke7:item13:open,uw-174440-open,addition:neutral,addition,neutral,1.5b,0.6571,open,7,6,6,0.3,0.03472,-0.35409,0.6586,-3.59112,0.46827,1,1
luke7:item1:open,uw-174429-open,addition:bad,addition,bad,1.5b,0.6571,open,7,6,6,0.3,0.03472,-0.37895,0.79996,-3.8433,2.01373,1,1
luke4:item14:mcq,uw-174384-mcq,addition:bad,addition,bad,1.5b,0.6571,mcq,4,6,6,0.3,0.25,-0.38644,0.64938,-3.91919,0.15686,1,1
luke2:item1:open,uw-174346-open,addition:neutral,addition,neutral,1.5b,0.6571,open,2,6,6,0.3,0.03472,-0.42375,0.80532,-4.29756,2.04813,1,1
luke4:item15:open,uw-174387-open,addition:neutral,addition,neutral,1.5b,0.6571,open,4,6,6,0.3,0.03472,-0.42375,0.80532,-4.29756,2.04813,1,1
luke1:item19:open,uw-174329-open,addition:neutral,addition,neutral,1.5b,0.6571,open,1,6,6,0.3,0.05556,-0.42946,0.68471,-4.35554,-1.09036,1,1
luke4:item14:mcq,uw-174384-mcq,addition:neutral,addition,neutral,1.5b,0.6571,mcq,4,6,6,0.3,0.13889,-0.46025,0.75537,-4.66779,1.55568,1,1
luke2:item23:open,uw-174362-open,addition:adversarial,addition,adversarial,1.5b,0.6571,open,2,6,6,0.3,0.22222,-0.46886,0.68535,-4.75508,0.76109,1,1
luke2:item17:open,uw-174357-open,addition:neutral,addition,neutral,1.5b,0.6571,open,2,6,6,0.3,0.11806,-0.48259,0.65309,-4.89432,-0.12593,1,1
luke2:item15:open,uw-174355-open,addition:bad,addition,bad,1.5b,0.6571,open,2,6,6,0.3,0.05556,-0.50188,0.69013,-5.09001,0.78911,1,1
luke2:item15:open,uw-174355-open,addition:adversarial,addition,adversarial,1.5b,0.6571,open,2,6,6,0.3,0.0625,-0.55378,0.72095,-5.61634,1.12557,1,1
luke2:item1:open,uw-174346-open,addition:adversarial,addition,adversarial,1.5b,0.6571,open,2,6,6,0.3,0.0625,-0.55378,0.72095,-5.61634,1.12557,1,1
luke3:item11:open,uw-174374-open,addition:bad,addition,bad,1.5b,0.6571,open,3,6,6,0.3,0.05556,-0.56576,0.7621,-5.73789,1.5609,1,1
luke2:item1:open,uw-174346-open,addition:bad,addition,bad,1.5b,0.6571,open,2,6,6,0.3,0.0625,-0.59173,0.72692,-6.00121,1.16009,1,1
luke3:item11:open,uw-174374-open,addition:neutral,addition,neutral,1.5b,0.6571,open,3,6,6,0.3,0.0625,-0.62908,0.73209,-6.38007,1.18578,1,1
luke1:item33:open,uw-174339-open,addition:adversarial,addition,adversarial,1.5b,0.6571,open,1,6,6,0.3,0.13889,-0.67065,0.76825,-6.80164,1.55901,1,1
luke1:item34:mcq,uw-174339-mcq,addition:adversarial,addition,adversarial,1.5b,0.6571,mcq,1,6,6,0.3,0.13889,-0.67065,0.76825,-6.80164,1.55901,1,1
luke4:item18:mcq,uw-174388-mcq,addition:adversarial,addition,adversarial,1.5b,0.6571,mcq,4,6,6,0.3,0.13889,-0.67065,0.76825,-6.80164,1.55901,1,1
luke7:item14:mcq,uw-174440-mcq,addition:adversarial,addition,adversarial,1.5b,0.6571,mcq,7,6,6,0.3,0.13889,-0.67065,0.76825,-6.80164,1.55901,1,1
luke4:item21:open,uw-174392-open,addition:adversarial,addition,adversarial,1.5b,0.6571,open,4,6,6,0.3,0.14583,-0.68802,0.73452,-6.97777,1.157,1,1
luke1:item33:open,uw-174339-open,addition:bad,addition,bad,1.5b,0.6571,open,1,6,6,0.3,0.13889,-0.7155,0.77499,-7.25654,1.60368,1,1
luke1:item34:mcq,uw-174339-mcq,addition:bad,addition,bad,1.5b,0.6571,mcq,1,6,6,0.3,0.13889,-0.7155,0.77499,-7.25654,1.60368,1,1
luke2:item6:mcq,uw-174349-mcq,addition:adversarial,addition,adversarial,1.5b,0.6571,mcq,2,6,6,0.3,0.13889,-0.73972,0.70663,-7.50213,-1.1991,1,1
luke4:item10:mcq,uw-174381-mcq,addition:adversarial,addition,adversarial,1.5b,0.6571,mcq,4,6,6,0.3,0.13889,-0.73972,0.70663,-7.50213,-1.1991,1,1
luke4:item2:mcq,uw-174377-mcq,addition:adversarial,addition,adversarial,1.5b,0.6571,mcq,4,6,6,0.3,0.13889,-0.73972,0.70663,-7.50213,-1.1991,1,1
luke1:item33:open,uw-174339-open,addition:neutral,addition,neutral,1.5b,0.6571,open,1,6,6,0.3,0.13889,-0.75912,0.78054,-7.69893,1.63778,1,1
luke1:item34:mcq,uw-174339-mcq,addition:neutral,addition,neutral,1.5b,0.6571,mcq,1,6,6,0.3,0.13889,-0.75912,0.78054,-7.69893,1.63778,1,1
luke4:item18:mcq,uw-174388-mcq,addition:neutral,addition,neutral,1.5b,0.6571,mcq,4,6,6,0.3,0.13889,-0.75912,0.78054,-7.69893,1.63778,1,1
luke4:item28:mcq,uw-174395-mcq,addition:bad,addition,bad,1.5b,0.6571,mcq,4,6,6,0.3,0.13889,-0.76755,0.70737,-7.78435,-1.17897,1,1
luke6:item12:mcq,uw-174424-mcq,addition:bad,addition,bad,1.5b,0.6571,mcq,6,6,6,0.3,0.13889,-0.76755,0.70737,-7.78435,-1.17897,1,1
luke2:item6:mcq,uw-174349-mcq,addition:neutral,addition,neutral,1.5b,0.6571,mcq,2,6,6,0.3,0.13889,-0.7972,0.70898,-8.08506,-1.16929,1,1
luke4:item5:open,uw-174379-open,addition:neutral,addition,neutral,1.5b,0.6571,open,4,6,6,0.3,0.13889,-0.7972,0.70898,-8.08506,-1.16929,1,1
luke6:item5:open,uw-174421-open,addition:neutral,addition,neutral,1.5b,0.6571,open,6,6,6,0.3,0.13889,-0.7972,0.70898,-8.08506,-1.16929,1,1
luke7:item14:mcq,uw-174440-mcq,addition:neutral,addition,neutral,1.5b,0.6571,mcq,7,6,6,0.3,0.13889,-0.7972,0.70898,-8.08506,-1.16929,1,1
luke7:item18:mcq,uw-174442-mcq,addition:adversarial,addition,adversarial,1.5b,0.6571,mcq,7,6,6,0.3,0.22222,-0.98378,0.74324,-9.97738,0.86709,1,1
luke7:item14:mcq,uw-174440-mcq,addition:bad,addition,bad,1.5b,0.6571,mcq,7,6,6,0.3,0.22222,-1.02511,0.74956,-10.39647,0.90378,1,1
luke4:item28:mcq,uw-174395-mcq,addition:neutral,addition,neutral,1.5b,0.6571,mcq,4,6,6,0.3,0.22222,-1.0435,0.71777,-10.58303,-0.47733,1,1
luke6:item5:open,uw-174421-open,addition:bad,addition,bad,1.5b,0.6571,open,6,6,6,0.3,0.25,-1.10222,0.73284,-11.17857,0.20916,1,1
luke7:item18:mcq,uw-174442-mcq,addition:neutral,addition,neutral,1.5b,0.6571,mcq,7,6,6,0.3,0.25,-1.13872,0.73829,-11.54876,0.22895,1,1
luke2:item23:open,uw-174362-open,addition:adversarial,addition,adversarial,1.7b,1.1343,open,2,6,6,0.3,0.25,1.24666,0.74743,12.64348,0.18699,1,1
luke4:item23:open,uw-174393-open,addition:adversarial,addition,adversarial,1.7b,1.1343,open,4,6,6,0.3,0.25,1.24666,0.74743,12.64348,0.18699,1,1
luke4:item35:open,uw-174398-open,addition:adversarial,addition,adversarial,1.7b,1.1343,open,4,6,6,0.3,0.25,1.24666,0.74743,12.64348,0.18699,1,1
luke4:item6:mcq,uw-174379-mcq,addition:adversarial,addition,adversarial,1.7b,1.1343,mcq,4,6,6,0.3,0.25,1.24666,0.74743,12.64348,0.18699,1,1
luke4:item7:open,uw-174380-open,addition:adversarial,addition,adversarial,1.7b,1.1343,open,4,6,6,0.3,0.25,1.24666,0.74743,12.64348,0.18699,1,1
luke5:item12:mcq,uw-174404-mcq,addition:adversarial,addition,adversarial,1.7b,1.1343,mcq,5,6,6,0.3,0.25,1.24666,0.74743,12.64348,0.18699,1,1
luke5:item15:open,uw-174407-open,addition:adversarial,addition,adversarial,1.7b,1.1343,open,5,6,6,0.3,0.25,1.24666,0.74743,12.64348,0.18699,1,1
luke5:item9:open,uw-174403-open,addition:adversarial,addition,adversarial,1.7b,1.1343,open,5,6,6,0.3,0.25,1.24666,0.74743,12.64348,0.18699,1,1
luke1:item23:open,uw-174331-open,addition:adversarial,addition,adversarial,1.7b,1.1343,open,1,6,6,0.3,0.22222,1.21733,0.74556,12.34597,0.9498,1,1
luke1:item35:open,uw-174340-open,addition:adversarial,addition,adversarial,1.7b,1.1343,open,1,6,6,0.3,0.22222,1.21733,0.74556,12.34597,0.9498,1,1
luke5:item22:mcq,uw-174410-mcq,addition:adversarial,addition,adversarial,1.7b,1.1343,mcq,5,6,6,0.3,0.22222,1.21733,0.74556,12.34597,0.9498,1,1
luke7:item12:mcq,uw-174436-mcq,addition:adversarial,addition,adversarial,1.7b,1.1343,mcq,7,6,6,0.3,0.22222,1.21733,0.74556,12.34597,0.9498,1,1
luke2:item11:open,uw-174352-open,addition:neutral,addition,neutral,1.7b,1.1343,open,2,6,6,0.3,0.25,1.15049,0.73319,11.6681,0.23686,1,1
luke2:item11:open,uw-174352-open,addition:bad,addition,bad,1.7b,1.1343,open,2,6,6,0.3,0.22222,1.14542,0.737,11.6167,0.97422,1,1
luke5:item15:open,uw-174407-open,addition:bad,addition,bad,1.7b,1.1343,open,5,6,6,0.3,0.22222,1.14542,0.737,11.6167,0.97422,1,1
luke8:item3:open,uw-174445-open,addition:bad,addition,bad,1.7b,1.1343,open,8,6,6,0.3,0.22222,1.14542,0.737,11.6167,0.97422,1,1
luke1:item40:mcq,uw-174342-mcq,addition:neutral,addition,neutral,1.7b,1.1343,mcq,1,6,6,0.3,0.22222,1.12984,0.73533,11.45866,0.98493,1,1
luke2:item11:open,uw-174352-open,addition:adversarial,addition,adversarial,1.7b,1.1343,open,2,6,6,0.3,0.22222,1.11499,0.74337,11.30803,-0.51856,1,1
luke2:item19:open,uw-174359-open,addition:adversarial,addition,adversarial,1.7b,1.1343,open,2,6,6,0.3,0.22222,1.11499,0.74337,11.30803,-0.51856,1,1
luke4:item11:open,uw-174382-open,addition:adversarial,addition,adversarial,1.7b,1.1343,open,4,6,6,0.3,0.22222,1.11499,0.74337,11.30803,-0.51856,1,1
luke4:item21:open,uw-174392-open,addition:adversarial,addition,adversarial,1.7b,1.1343,open,4,6,6,0.3,0.22222,1.11499,0.74337,11.30803,-0.51856,1,1
luke4:item8:mcq,uw-174380-mcq,addition:adversarial,addition,adversarial,1.7b,1.1343,mcq,4,6,6,0.3,0.22222,1.11499,0.74337,11.30803,-0.51856,1,1
luke7:item16:mcq,uw-174441-mcq,addition:adversarial,addition,adversarial,1.7b,1.1343,mcq,7,6,6,0.3,0.22222,1.11499,0.74337,11.30803,-0.51856,1,1
luke7:item4:mcq,uw-174430-mcq,addition:adversarial,addition,adversarial,1.7b,1.1343,mcq,7,6,6,0.3,0.22222,1.11499,0.74337,11.30803,-0.51856,1,1
luke7:item7:open,uw-174432-open,addition:adversarial,addition,adversarial,1.7b,1.1343,open,7,6,6,0.3,0.22222,1.11499,0.74337,11.30803,-0.51856,1,1
luke1:item43:open,uw-174344-open,addition:bad,addition,bad,1.7b,1.1343,open,1,6,6,0.3,0.22222,1.03205,0.73107,10.46692,-0.46696,1,1
luke7:item4:mcq,uw-174430-mcq,addition:bad,addition,bad,1.7b,1.1343,mcq,7,6,6,0.3,0.22222,1.03205,0.73107,10.46692,-0.46696,1,1
luke2:item2:mcq,uw-174346-mcq,addition:adversarial,addition,adversarial,1.7b,1.1343,mcq,2,6,6,0.3,0.13889,1.02794,0.75611,10.42518,1.75784,1,1
luke2:item4:mcq,uw-174347-mcq,addition:adversarial,addition,adversarial,1.7b,1.1343,mcq,2,6,6,0.3,0.13889,1.02794,0.75611,10.42518,1.75784,1,1
luke3:item11:open,uw-174374-open,addition:adversarial,addition,adversarial,1.7b,1.1343,open,3,6,6,0.3,0.13889,1.02794,0.75611,10.42518,1.75784,1,1
luke4:item16:mcq,uw-174387-mcq,addition:adversarial,addition,adversarial,1.7b,1.1343,mcq,4,6,6,0.3,0.13889,1.02794,0.75611,10.42518,1.75784,1,1
luke4:item31:open,uw-174396-open,addition:adversarial,addition,adversarial,1.7b,1.1343,open,4,6,6,0.3,0.13889,1.02794,0.75611,10.42518,1.75784,1,1
luke4:item5:open,uw-174379-open,addition:adversarial,addition,adversarial,1.7b,1.1343,open,4,6,6,0.3,0.13889,1.02794,0.75611,10.42518,1.75784,1,1
luke5:item16:mcq,uw-174407-mcq,addition:adversarial,addition,adversarial,1.7b,1.1343,mcq,5,6,6,0.3,0.13889,1.02794,0.75611,10.42518,1.75784,1,1
luke6:item13:open,uw-174427-open,addition:adversarial,addition,adversarial,1.7b,1.1343,open,6,6,6,0.3,0.13889,1.02794,0.75611,10.42518,1.75784,1,1
luke6:item16:mcq,uw-174428-mcq,addition:adversarial,addition,adversarial,1.7b,1.1343,mcq,6,6,6,0.3,0.13889,1.02794,0.75611,10.42518,1.75784,1,1
luke8:item3:open,uw-174445-open,addition:adversarial,addition,adversarial,1.7b,1.1343,open,8,6,6,0.3,0.13889,1.02794,0.75611,10.42518,1.75784,1,1
luke2:item19:open,uw-174359-open,addition:neutral,addition,neutral,1.7b,1.1343,open,2,6,6,0.3,0.22222,1.01275,0.72805,10.27119,-0.45107,1,1
luke4:item19:open,uw-174389-open,addition:neutral,addition,neutral,1.7b,1.1343,open,4,6,6,0.3,0.22222,1.01275,0.72805,10.27119,-0.45107,1,1
luke1:item13:open,uw-174325-open,addition:bad,addition,bad,1.7b,1.1343,open,1,6,6,0.3,0.13889,0.95866,0.75422,9.72254,1.77908,1,1
luke1:item17:open,uw-174328-open,addition:bad,addition,bad,1.7b,1.1343,open,1,6,6,0.3,0.13889,0.95866,0.75422,9.72254,1.77908,1,1
luke1:item40:mcq,uw-174342-mcq,addition:bad,addition,bad,1.7b,1.1343,mcq,1,6,6,0.3,0.13889,0.95866,0.75422,9.72254,1.77908,1,1
luke4:item43:open,uw-174398-open,addition:bad,addition,bad,1.7b,1.1343,open,4,6,6,0.3,0.13889,0.95866,0.75422,9.72254,1.77908,1,1
luke5:item9:open,uw-174403-open,addition:bad,addition,bad,1.7b,1.1343,open,5,6,6,0.3,0.13889,0.95866,0.75422,9.72254,1.77908,1,1
luke7:item9:open,uw-174434-open,addition:bad,addition,bad,1.7b,1.1343,open,7,6,6,0.3,0.13889,0.95866,0.75422,9.72254,1.77908,1,1
luke8:item16:mcq,uw-174454-mcq,addition:bad,addition,bad,1.7b,1.1343,mcq,8,6,6,0.3,0.13889,0.95866,0.75422,9.72254,1.77908,1,1
luke8:item18:mcq,uw-174455-mcq,addition:bad,addition,bad,1.7b,1.1343,mcq,8,6,6,0.3,0.13889,0.95866,0.75422,9.72254,1.77908,1,1
luke2:item5:open,uw-174349-open,addition:neutral,addition,neutral,1.7b,1.1343,open,2,6,6,0.3,0.13889,0.94405,0.75439,9.57446,1.79081,1,1
luke4:item5:open,uw-174379-open,addition:neutral,addition,neutral,1.7b,1.1343,open,4,6,6,0.3,0.13889,0.94405,0.75439,9.57446,1.79081,1,1
luke4:item7:open,uw-174380-open,addition:neutral,addition,neutral,1.7b,1.1343,open,4,6,6,0.3,0.13889,0.94405,0.75439,9.57446,1.79081,1,1
luke5:item22:mcq,uw-174410-mcq,addition:neutral,addition,neutral,1.7b,1.1343,mcq,5,6,6,0.3,0.13889,0.94405,0.75439,9.57446,1.79081,1,1
luke5:item5:open,uw-174402-open,addition:neutral,addition,neutral,1.7b,1.1343,open,5,6,6,0.3,0.13889,0.94405,0.75439,9.57446,1.79081,1,1
luke6:item13:open,uw-174427-open,addition:neutral,addition,neutral,1.7b,1.1343,open,6,6,6,0.3,0.13889,0.94405,0.75439,9.57446,1.79081,1,1
luke7:item9:open,uw-174434-open,addition:neutral,addition,neutral,1.7b,1.1343,open,7,6,6,0.3,0.13889,0.94405,0.75439,9.57446,1.79081,1,1
luke8:item15:open,uw-174454-open,addition:neutral,addition,neutral,1.7b,1.1343,open,8,6,6,0.3,0.13889,0.94405,0.75439,9.57446,1.79081,1,1
luke4:item21:open,uw-174392-open,addition:neutral,addition,neutral,1.7b,1.1343,open,4,6,6,0.3,0.25,0.8914,0.69741,9.04047,0.23102,1,1
luke4:item43:open,uw-174398-open,addition:neutral,addition,neutral,1.7b,1.1343,open,4,6,6,0.3,0.22222,0.86738,0.70464,8.79683,0.92454,1,1
luke2:item13:open,uw-174354-open,addition:adversarial,addition,adversarial,1.7b,1.1343,open,2,6,6,0.3,0.13889,0.78808,0.74338,7.9926,-1.16195,1,1
luke2:item24:mcq,uw-174362-mcq,addition:adversarial,addition,adversarial,1.7b,1.1343,mcq,2,6,6,0.3,0.13889,0.78808,0.74338,7.9926,-1.16195,1,1
luke8:item11:open,uw-174449-open,addition:adversarial,addition,adversarial,1.7b,1.1343,open,8,6,6,0.3,0.13889,0.78808,0.74338,7.9926,-1.16195,1,1
luke8:item7:open,uw-174447-open,addition:neutral,addition,neutral,1.7b,1.1343,open,8,6,6,0.3,0.22222,0.75635,0.69498,7.67078,-0.41248,1,1
luke2:item13:open,uw-174354-open,addition:bad,addition,bad,1.7b,1.1343,open,2,6,6,0.3,0.13889,0.7028,0.73128,7.12767,-1.10029,1,1
luke2:item21:open,uw-174361-open,addition:bad,addition,bad,1.7b,1.1343,open,2,6,6,0.3,0.13889,0.7028,0.73128,7.12767,-1.10029,1,1
luke2:item7:open,uw-174350-open,addition:bad,addition,bad,1.7b,1.1343,open,2,6,6,0.3,0.13889,0.7028,0.73128,7.12767,-1.10029,1,1
luke4:item35:open,uw-174398-open,addition:bad,addition,bad,1.7b,1.1343,open,4,6,6,0.3,0.13889,0.7028,0.73128,7.12767,-1.10029,1,1
luke8:item11:open,uw-174449-open,addition:bad,addition,bad,1.7b,1.1343,open,8,6,6,0.3,0.13889,0.7028,0.73128,7.12767,-1.10029,1,1
luke5:item4:mcq,uw-174401-mcq,addition:adversarial,addition,adversarial,1.7b,1.1343,mcq,5,6,6,0.3,0.22222,0.70091,0.68623,7.10856,0.84168,1,1
luke2:item19:open,uw-174359-open,addition:bad,addition,bad,1.7b,1.1343,open,2,6,6,0.3,0.25,0.66971,0.67087,6.79209,0.21363,1,1
luke4:item37:open,uw-174398-open,addition:adversarial,addition,adversarial,1.7b,1.1343,open,4,6,6,0.3,0.22222,0.60429,0.67936,6.12859,-0.43843,1,1
luke4:item17:open,uw-174388-open,addition:neutral,addition,neutral,1.7b,1.1343,open,4,6,6,0.3,0.22222,0.52098,0.66877,5.28375,-0.3863,1,1
luke8:item11:open,uw-174449-open,addition:neutral,addition,neutral,1.7b,1.1343,open,8,6,6,0.3,0.22222,0.52098,0.66877,5.28375,-0.3863,1,1
luke1:item32:mcq,uw-174336-mcq,addition:adversarial,addition,adversarial,1.7b,1.1343,mcq,1,6,6,0.3,0.13889,0.47438,0.72612,4.81112,1.57275,1,1
luke4:item33:open,uw-174397-open,addition:adversarial,addition,adversarial,1.7b,1.1343,open,4,6,6,0.3,0.13889,0.47438,0.72612,4.81112,1.57275,1,1
luke5:item5:open,uw-174402-open,addition:adversarial,addition,adversarial,1.7b,1.1343,open,5,6,6,0.3,0.22222,0.46866,0.66868,4.75305,0.80605,1,1
luke4:item23:open,uw-174393-open,addition:bad,addition,bad,1.7b,1.1343,open,4,6,6,0.3,0.25,0.44882,0.65045,4.5519,0.20815,1,1
luke4:item37:open,uw-174398-open,addition:bad,addition,bad,1.7b,1.1343,open,4,6,6,0.3,0.25,0.44882,0.65045,4.5519,0.20815,1,1
luke1:item15:open,uw-174326-open,addition:neutral,addition,neutral,1.7b,1.1343,open,1,6,6,0.3,0.25,0.43501,0.64948,4.41178,0.21872,1,1
luke4:item36:mcq,uw-174398-mcq,addition:neutral,addition,neutral,1.7b,1.1343,mcq,4,6,6,0.3,0.25,0.43501,0.64948,4.41178,0.21872,1,1
luke4:item38:mcq,uw-174398-mcq,addition:neutral,addition,neutral,1.7b,1.1343,mcq,4,6,6,0.3,0.25,0.43501,0.64948,4.41178,0.21872,1,1
luke1:item1:open,uw-174316-open,addition:bad,addition,bad,1.7b,1.1343,open,1,6,6,0.3,0.22222,0.40768,0.66731,4.13462,0.83318,1,1
luke1:item35:open,uw-174340-open,addition:bad,addition,bad,1.7b,1.1343,open,1,6,6,0.3,0.22222,0.40768,0.66731,4.13462,0.83318,1,1
luke4:item21:open,uw-174392-open,addition:bad,addition,bad,1.7b,1.1343,open,4,6,6,0.3,0.22222,0.40768,0.66731,4.13462,0.83318,1,1
luke6:item13:open,uw-174427-open,addition:bad,addition,bad,1.7b,1.1343,open,6,6,6,0.3,0.22222,0.40768,0.66731,4.13462,0.83318,1,1
luke8:item15:open,uw-174454-open,addition:bad,addition,bad,1.7b,1.1343,open,8,6,6,0.3,0.22222,0.40768,0.66731,4.13462,0.83318,1,1
luke2:item1:open,uw-174346-open,addition:bad,addition,bad,1.7b,1.1343,open,2,6,6,0.3,0.13889,0.4045,0.72912,4.10238,1.60455,1,1
luke4:item16:mcq,uw-174387-mcq,addition:bad,addition,bad,1.7b,1.1343,mcq,4,6,6,0.3,0.13889,0.4045,0.72912,4.10238,1.60455,1,1
luke5:item15:open,uw-174407-open,addition:neutral,addition,neutral,1.7b,1.1343,open,5,6,6,0.3,0.22222,0.39388,0.66737,3.99463,0.84378,1,1
luke7:item12:mcq,uw-174436-mcq,addition:neutral,addition,neutral,1.7b,1.1343,mcq,7,6,6,0.3,0.22222,0.39388,0.66737,3.99463,0.84378,1,1
luke4:item23:open,uw-174393-open,addition:neutral,addition,neutral,1.7b,1.1343,open,4,6,6,0.3,0.13889,0.38875,0.73054,3.94266,1.6181,1,1
luke4:item31:open,uw-174396-open,addition:neutral,addition,neutral,1.7b,1.1343,open,4,6,6,0.3,0.13889,0.38875,0.73054,3.94266,1.6181,1,1
luke5:item9:open,uw-174403-open,addition:neutral,addition,neutral,1.7b,1.1343,open,5,6,6,0.3,0.13889,0.38875,0.73054,3.94266,1.6181,1,1
luke4:item35:open,uw-174398-open,addition:neutral,addition,neutral,1.7b,1.1343,open,4,6,6,0.3,0.22222,0.30078,0.6505,3.05047,-0.37073,1,1
luke6:item4:mcq,uw-174415-mcq,addition:adversarial,addition,adversarial,1.7b,1.1343,mcq,6,6,6,0.3,0.25,0.29688,0.64065,3.01087,0.17459,1,1
luke7:item18:mcq,uw-174442-mcq,addition:adversarial,addition,adversarial,1.7b,1.1343,mcq,7,6,6,0.3,0.22222,0.24543,0.65971,2.48914,0.78339,1,1
luke7:item9:open,uw-174434-open,addition:adversarial,addition,adversarial,1.7b,1.1343,open,7,6,6,0.3,0.22222,0.24543,0.65971,2.48914,0.78339,1,1
luke6:item16:mcq,uw-174428-mcq,addition:bad,addition,bad,1.7b,1.1343,mcq,6,6,6,0.3,0.25,0.23871,0.63831,2.42091,0.20384,1,1
luke4:item43:open,uw-174398-open,addition:adversarial,addition,adversarial,1.7b,1.1343,open,4,6,6,0.3,0.13889,0.20854,0.72357,2.11493,1.52831,1,1
luke5:item23:open,uw-174412-open,addition:adversarial,addition,adversarial,1.7b,1.1343,open,5,6,6,0.3,0.13889,0.20854,0.72357,2.11493,1.52831,1,1
luke1:item10:mcq,uw-174323-mcq,addition:adversarial,addition,adversarial,1.7b,1.1343,mcq,1,6,6,0.3,0.0,0.16693,0.85451,1.69297,2.7125,1,0
luke1:item11:open,uw-174324-open,addition:adversarial,addition,adversarial,1.7b,1.1343,open,1,6,6,0.3,0.0,0.16693,0.85451,1.69297,2.7125,1,0
luke1:item12:mcq,uw-174324-mcq,addition:adversarial,addition,adversarial,1.7b,1.1343,mcq,1,6,6,0.3,0.0,0.16693,0.85451,1.69297,2.7125,1,0
luke1:item13:open,uw-174325-open,addition:adversarial,addition,adversarial,1.7b,1.1343,open,1,6,6,0.3,0.0,0.16693,0.85451,1.69297,2.7125,1,0
luke1:item14:mcq,uw-174325-mcq,addition:adversarial,addition,adversarial,1.7b,1.1343,mcq,1,6,6,0.3,0.0,0.16693,0.85451,1.69297,2.7125,1,0
luke1:item16:mcq,uw-174326-mcq,addition:adversarial,addition,adversarial,1.7b,1.1343,mcq,1,6,6,0.3,0.0,0.16693,0.85451,1.69297,2.7125,1,0
luke1:item17:open,uw-174328-open,addition:adversarial,addition,adversarial,1.7b,1.1343,open,1,6,6,0.3,0.0,0.16693,0.85451,1.69297,2.7125,1,0
luke1:item1:open,uw-174316-open,addition:adversarial,addition,adversarial,1.7b,1.1343,open,1,6,6,0.3,0.0,0.16693,0.85451,1.69297,2.7125,1,0
luke1:item20:mcq,uw-174329-mcq,addition:adversarial,addition,adversarial,1.7b,1.1343,mcq,1,6,6,0.3,0.0,0.16693,0.85451,1.69297,2.7125,1,0
luke1:item21:open,uw-174330-open,addition:adversarial,addition,adversarial,1.7b,1.1343,open,1,6,6,0.3,0.0,0.16693,0.85451,1.69297,2.7125,1,0
luke1:item22:mcq,uw-174330-mcq,addition:adversarial,addition,adversarial,1.7b,1.1343,mcq,1,6,6,0.3,0.0,0.16693,0.85451,1.69297,2.7125,1,0
luke1:item24:mcq,uw-174331-mcq,addition:adversarial,addition,adversarial,1.7b,1.1343,mcq,1,6,6,0.3,0.0,0.16693,0.85451,1.69297,2.7125,1,0
luke1:item25:open,uw-174332-open,addition:adversarial,addition,adversarial,1.7b,1.1343,open,1,6,6,0.3,0.0,0.16693,0.85451,1.69297,2.7125,1,0
luke1:item26:mcq,uw-174332-mcq,addition:adversarial,addition,adversarial,1.7b,1.1343,mcq,1,6,6,0.3,0.0,0.16693,0.85451,1.69297,2.7125,1,0
luke1:item29:open,uw-174335-open,addition:adversarial,addition,adversarial,1.7b,1.1343,open,1,6,6,0.3,0.0,0.16693,0.85451,1.69297,2.7125,1,0
luke1:item2:mcq,uw-174316-mcq,addition:adversarial,addition,adversarial,1.7b,1.1343,mcq,1,6,6,0.3,0.0,0.16693,0.85451,1.69297,2.7125,1,0
luke1:item30:mcq,uw-174335-mcq,addition:adversarial,addition,adversarial,1.7b,1.1343,mcq,1,6,6,0.3,0.0,0.16693,0.85451,1.69297,2.7125,1,0
luke1:item33:open,uw-174339-open,addition:adversarial,addition,adversarial,1.7b,1.1343,open,1,6,6,0.3,0.0,0.16693,0.85451,1.69297,2.7125,1,0
luke1:item34:mcq,uw-174339-mcq,addition:adversarial,addition,adversarial,1.7b,1.1343,mcq,1,6,6,0.3,0.0,0.16693,0.85451,1.69297,2.7125,1,0
luke1:item36:mcq,uw-174340-mcq,addition:adversarial,addition,adversarial,1.7b,1.1343,mcq,1,6,6,0.3,0.0,0.16693,0.85451,1.69297,2.7125,1,0
luke1:item38:mcq,uw-174341-mcq,addition:adversarial,addition,adversarial,1.7b,1.1343,mcq,1,6,6,0.3,0.0,0.16693,0.85451,1.69297,2.7125,1,0
luke1:item3:open,uw-174317-open,addition:adversarial,addition,adversarial,1.7b,1.1343,open,1,6,6,0.3,0.0,0.16693,0.85451,1.69297,2.7125,1,0
luke1:item40:mcq,uw-174342-mcq,addition:adversarial,addition,adversarial,1.7b,1.1343,mcq,1,6,6,0.3,0.0,0.16693,0.85451,1.69297,2.7125,1,0
luke1:item41:open,uw-174343-open,addition:adversarial,addition,adversarial,1.7b,1.1343,open,1,6,6,0.3,0.0,0.16693,0.85451,1.69297,2.7125,1,0
luke1:item42:mcq,uw-174343-mcq,addition:adversarial,addition,adversarial,1.7b,1.1343,mcq,1,6,6,0.3,0.0,0.16693,0.85451,1.69297,2.7125,1,0
luke1:item43:open,uw-174344-open,addition:adversarial,addition,adversarial,1.7b,1.1343,open,1,6,6,0.3,0.0,0.16693,0.85451,1.69297,2.7125,1,0
luke1:item44:mcq,uw-174344-mcq,addition:adversarial,addition,adversarial,1.7b,1.1343,mcq,1,6,6,0.3,0.0,0.16693,0.85451,1.69297,2.7125,1,0
luke1:item4:mcq,uw-174317-mcq,addition:adversarial,addition,adversarial,1.7b,1.1343,mcq,1,6,6,0.3,0.0,0.16693,0.85451,1.69297,2.7125,1,0
luke1:item5:open,uw-174318-open,addition:adversarial,addition,adversarial,1.7b,1.1343,open,1,6,6,0.3,0.0,0.16693,0.85451,1.69297,2.7125,1,0
luke1:item6:mcq,uw-174318-mcq,addition:adversarial,addition,adversarial,1.7b,1.1343,mcq,1,6,6,0.3,0.0,0.16693,0.85451,1.69297,2.7125,1,0
luke1:item7:open,uw-174322-open,addition:adversarial,addition,adversarial,1.7b,1.1343,open,1,6,6,0.3,0.0,0.16693,0.85451,1.69297,2.7125,1,0
luke1:item8:mcq,uw-174322-mcq,addition:adversarial,addition,adversarial,1.7b,1.1343,mcq,1,6,6,0.3,0.0,0.16693,0.85451,1.69297,2.7125,1,0
luke1:item9:open,uw-174323-open,addition:adversarial,addition,adversarial,1.7b,1.1343,open,1,6,6,0.3,0.0,0.16693,0.85451,1.69297,2.7125,1,0
luke2:item10:mcq,uw-174351-mcq,addition:adversarial,addition,adversarial,1.7b,1.1343,mcq,2,6,6,0.3,0.0,0.16693,0.85451,1.69297,2.7125,1,0
luke2:item12:mcq,uw-174352-mcq,addition:adversarial,addition,adversarial,1.7b,1.1343,mcq,2,6,6,0.3,0.0,0.16693,0.85451,1.69297,2.7125,1,0
luke2:item14:mcq,uw-174354-mcq,addition:adversarial,addition,adversarial,1.7b,1.1343,mcq,2,6,6,0.3,0.0,0.16693,0.85451,1.69297,2.7125,1,0
luke2:item15:open,uw-174355-open,addition:adversarial,addition,adversarial,1.7b,1.1343,open,2,6,6,0.3,0.0,0.16693,0.85451,1.69297,2.7125,1,0
luke2:item16:mcq,uw-174355-mcq,addition:adversarial,addition,adversarial,1.7b,1.1343,mcq,2,6,6,0.3,0.0,0.16693,0.85451,1.69297,2.7125,1,0
luke2:item18:mcq,uw-174357-mcq,addition:adversarial,addition,adversarial,1.7b,1.1343,mcq,2,6,6,0.3,0.0,0.16693,0.85451,1.69297,2.7125,1,0
luke2:item1:open,uw-174346-open,addition:adversarial,addition,adversarial,1.7b,1.1343,open,2,6,6,0.3,0.0,0.16693,0.85451,1.69297,2.7125,1,0
luke2:item20:mcq,uw-174359-mcq,addition:adversarial,addition,adversarial,1.7b,1.1343,mcq,2,6,6,0.3,0.0,0.16693,0.85451,1.69297,2.7125,1,0
luke2:item21:open,uw-174361-open,addition:adversarial,addition,adversarial,1.7b,1.1343,open,2,6,6,0.3,0.0,0.16693,0.85451,1.69297,2.7125,1,0
luke2:item6:mcq,uw-174349-mcq,addition:adversarial,addition,adversarial,1.7b,1.1343,mcq,2,6,6,0.3,0.0,0.16693,0.85451,1.69297,2.7125,1,0
luke2:item7:open,uw-174350-open,addition:adversarial,addition,adversarial,1.7b,1.1343,open,2,6,6,0.3,0.0,0.16693,0.85451,1.69297,2.7125,1,0
luke2:item8:mcq,uw-174350-mcq,addition:adversarial,addition,adversarial,1.7b,1.1343,mcq,2,6,6,0.3,0.0,0.16693,0.85451,1.69297,2.7125,1,0
luke2:item9:open,uw-174351-open,addition:adversarial,addition,adversarial,1.7b,1.1343,open,2,6,6,0.3,0.0,0.16693,0.85451,1.69297,2.7125,1,0
luke3:item10:mcq,uw-174370-mcq,addition:adversarial,addition,adversarial,1.7b,1.1343,mcq,3,6,6,0.3,0.0,0.16693,0.85451,1.69297,2.7125,1,0
luke3:item12:mcq,uw-174374-mcq,addition:adversarial,addition,adversarial,1.7b,1.1343,mcq,3,6,6,0.3,0.0,0.16693,0.85451,1.69297,2.7125,1,0
luke3:item13:open,uw-174375-open,addition:adversarial,addition,adversarial,1.7b,1.1343,open,3,6,6,0.3,0.0,0.16693,0.85451,1.69297,2.7125,1,0
luke3:item14:mcq,uw-174375-mcq,addition:adversarial,addition,adversarial,1.7b,1.1343,mcq,3,6,6,0.3,0.0,0.16693,0.85451,1.69297,2.7125,1,0
luke3:item1:open,uw-174365-open,addition:adversarial,addition,adversarial,1.7b,1.1343,open,3,6,6,0.3,0.0,0.16693,0.85451,1.69297,2.7125,1,0
luke3:item2:mcq,uw-174365-mcq,addition:adversarial,addition,adversarial,1.7b,1.1343,mcq,3,6,6,0.3,0.0,0.16693,0.85451,1.69297,2.7125,1,0
luke3:item3:open,uw-174366-open,addition:adversarial,addition,adversarial,1.7b,1.1343,open,3,6,6,0.3,0.0,0.16693,0.85451,1.69297,2.7125,1,0
luke3:item4:mcq,uw-174366-mcq,addition:adversarial,addition,adversarial,1.7b,1.1343,mcq,3,6,6,0.3,0.0,0.16693,0.85451,1.69297,2.7125,1,0
luke3:item6:mcq,uw-174367-mcq,addition:adversarial,addition,adversarial,1.7b,1.1343,mcq,3,6,6,0.3,0.0,0.16693,0.85451,1.69297,2.7125,1,0
luke3:item7:open,uw-174368-open,addition:adversarial,addition,adversarial,1.7b,1.1343,open,3,6,6,0.3,0.0,0.16693,0.85451,1.69297,2.7125,1,0
luke3:item8:mcq,uw-174368-mcq,addition:adversarial,addition,adversarial,1.7b,1.1343,mcq,3,6,6,0.3,0.0,0.16693,0.85451,1.69297,2.7125,1,0
luke3:item9:open,uw-174370-open,addition:adversarial,addition,adversarial,1.7b,1.1343,open,3,6,6,0.3,0.0,0.16693,0.85451,1.69297,2.7125,1,0
luke4:item10:mcq,uw-174381-mcq,addition:adversarial,addition,adversarial,1.7b,1.1343,mcq,4,6,6,0.3,0.0,0.16693,0.85451,1.69297,2.7125,1,0
luke4:item13:open,uw-174384-open,addition:adversarial,addition,adversarial,1.7b,1.1343,open,4,6,6,0.3,0.0,0.16693,0.85451,1.69297,2.7125,1,0
luke4:item14:mcq,uw-174384-mcq,addition:adversarial,addition,adversarial,1.7b,1.1343,mcq,4,6,6,0.3,0.0,0.16693,0.85451,1.69297,2.7125,1,0
luke4:item1:open,uw-174377-open,addition:adversarial,addition,adversarial,1.7b,1.1343,open,4,6,6,0.3,0.0,0.16693,0.85451,1.69297,2.7125,1,0
luke4:item22:mcq,uw-174392-mcq,addition:adversarial,addition,adversarial,1.7b,1.1343,mcq,4,6,6,0.3,0.0,0.16693,0.85451,1.69297,2.7125,1,0
luke4:item24:mcq,uw-174393-mcq,addition:adversarial,addition,adversarial,1.7b,1.1343,mcq,4,6,6,0.3,0.0,0.16693,0.85451,1.69297,2.7125,1,0
luke4:item25:open,uw-174394-open,addition:adversarial,addition,adversarial,1.7b,1.1343,open,4,6,6,0.3,0.0,0.16693,0.85451,1.69297,2.7125,1,0
luke4:item26:mcq,uw-174394-mcq,addition:adversarial,addition,adversarial,1.7b,1.1343,mcq,4,6,6,0.3,0.0,0.16693,0.85451,1.69297,2.7125,1,0
luke4:item28:mcq,uw-174395-mcq,addition:adversarial,addition,adversarial,1.7b,1.1343,mcq,4,6,6,0.3,0.0,0.16693,0.85451,1.69297,2.7125,1,0
luke4:item29:open,uw-174396-open,addition:adversarial,addition,adversarial,1.7b,1.1343,open,4,6,6,0.3,0.0,0.16693,0.85451,1.69297,2.7125,1,0
luke4:item30:mcq,uw-174396-mcq,addition:adversarial,addition,adversarial,1.7b,1.1343,mcq,4,6,6,0.3,0.0,0.16693,0.85451,1.69297,2.7125,1,0
luke4:item32:mcq,uw-174396-mcq,addition:adversarial,addition,adversarial,1.7b,1.1343,mcq,4,6,6,0.3,0.0,0.16693,0.85451,1.69297,2.7125,1,0
luke4:item34:mcq,uw-174397-mcq,addition:adversarial,addition,adversarial,1.7b,1.1343,mcq,4,6,6,0.3,0.0,0.16693,0.85451,1.69297,2.7125,1,0
luke4:item39:open,uw-174399-open,addition:adversarial,addition,adversarial,1.7b,1.1343,open,4,6,6,0.3,0.0,0.16693,0.85451,1.69297,2.7125,1,0
luke4:item3:open,uw-174378-open,addition:adversarial,addition,adversarial,1.7b,1.1343,open,4,6,6,0.3,0.0,0.16693,0.85451,1.69297,2.7125,1,0
luke4:item40:mcq,uw-174399-mcq,addition:adversarial,addition,adversarial,1.7b,1.1343,mcq,4,6,6,0.3,0.0,0.16693,0.85451,1.69297,2.7125,1,0
luke4:item41:open,uw-174396-open,addition:adversarial,addition,adversarial,1.7b,1.1343,open,4,6,6,0.3,0.0,0.16693,0.85451,1.69297,2.7125,1,0
luke4:item42:mcq,uw-174396-mcq,addition:adversarial,addition,adversarial,1.7b,1.1343,mcq,4,6,6,0.3,0.0,0.16693,0.85451,1.69297,2.7125,1,0
luke4:item4:mcq,uw-174378-mcq,addition:adversarial,addition,adversarial,1.7b,1.1343,mcq,4,6,6,0.3,0.0,0.16693,0.85451,1.69297,2.7125,1,0
luke4:item9:open,uw-174381-open,addition:adversarial,addition,adversarial,1.7b,1.1343,open,4,6,6,0.3,0.0,0.16693,0.85451,1.69297,2.7125,1,0
luke5:item10:mcq,uw-174403-mcq,addition:adversarial,addition,adversarial,1.7b,1.1343,mcq,5,6,6,0.3,0.0,0.16693,0.85451,1.69297,2.7125,1,0
luke5:item13:open,uw-174406-open,addition:adversarial,addition,adversarial,1.7b,1.1343,open,5,6,6,0.3,0.0,0.16693,0.85451,1.69297,2.7125,1,0
luke5:item14:mcq,uw-174406-mcq,addition:adversarial,addition,adversarial,1.7b,1.1343,mcq,5,6,6,0.3,0.0,0.16693,0.85451,1.69297,2.7125,1,0
luke5:item17:open,uw-174408-open,addition:adversarial,addition,adversarial,1.7b,1.1343,open,5,6,6,0.3,0.0,0.16693,0.85451,1.69297,2.7125,1,0
luke5:item18:mcq,uw-174408-mcq,addition:adversarial,addition,adversarial,1.7b,1.1343,mcq,5,6,6,0.3,0.0,0.16693,0.85451,1.69297,2.7125,1,0
luke5:item19:open,uw-174409-open,addition:adversarial,addition,adversarial,1.7b,1.1343,open,5,6,6,0.3,0.0,0.16693,0.85451,1.69297,2.7125,1,0
luke5:item1:open,uw-174400-open,addition:adversarial,addition,adversarial,1.7b,1.1343,open,5,6,6,0.3,0.0,0.16693,0.85451,1.69297,2.7125,1,0
luke5:item20:mcq,uw-174409-mcq,addition:adversarial,addition,adversarial,1.7b,1.1343,mcq,5,6,6,0.3,0.0,0.16693,0.85451,1.69297,2.7125,1,0
luke5:item24:mcq,uw-174412-mcq,addition:adversarial,addition,adversarial,1.7b,1.1343,mcq,5,6,6,0.3,0.0,0.16693,0.85451,1.69297,2.7125,1,0
luke5:item25:open,uw-174403-open,addition:adversarial,addition,adversarial,1.7b,1.1343,open,5,6,6,0.3,0.0,0.16693,0.85451,1.69297,2.7125,1,0
luke5:item26:mcq,uw-174403-mcq,addition:adversarial,addition,adversarial,1.7b,1.1343,mcq,5,6,6,0.3,0.0,0.16693,0.85451,1.69297,2.7125,1,0
luke5:item2:mcq,uw-174400-mcq,addition:adversarial,addition,adversarial,1.7b,1.1343,mcq,5,6,6,0.3,0.0,0.16693,0.85451,1.69297,2.7125,1,0
luke5:item6:mcq,uw-174402-mcq,addition:adversarial,addition,adversarial,1.7b,1.1343,mcq,5,6,6,0.3,0.0,0.16693,0.85451,1.69297,2.7125,1,0
luke5:item7:open,uw-174403-open,addition:adversarial,addition,adversarial,1.7b,1.1343,open,5,6,6,0.3,0.0,0.16693,0.85451,1.69297,2.7125,1,0
luke5:item8:mcq,uw-174403-mcq,addition:adversarial,addition,adversarial,1.7b,1.1343,mcq,5,6,6,0.3,0.0,0.16693,0.85451,1.69297,2.7125,1,0
luke6:item10:mcq,uw-174423-mcq,addition:adversarial,addition,adversarial,1.7b,1.1343,mcq,6,6,6,0.3,0.0,0.16693,0.85451,1.69297,2.7125,1,0
luke6:item11:open,uw-174424-open,addition:adversarial,addition,adversarial,1.7b,1.1343,open,6,6,6,0.3,0.0,0.16693,0.85451,1.69297,2.7125,1,0
luke6:item12:mcq,uw-174424-mcq,addition:adversarial,addition,adversarial,1.7b,1.1343,mcq,6,6,6,0.3,0.0,0.16693,0.85451,1.69297,2.7125,1,0
luke6:item14:mcq,uw-174427-mcq,addition:adversarial,addition,adversarial,1.7b,1.1343,mcq,6,6,6,0.3,0.0,0.16693,0.85451,1.69297,2.7125,1,0
luke6:item15:open,uw-174428-open,addition:adversarial,addition,adversarial,1.7b,1.1343,open,6,6,6,0.3,0.0,0.16693,0.85451,1.69297,2.7125,1,0
luke6:item2:mcq,uw-174414-mcq,addition:adversarial,addition,adversarial,1.7b,1.1343,mcq,6,6,6,0.3,0.0,0.16693,0.85451,1.69297,2.7125,1,0
luke6:item3:open,uw-174415-open,addition:adversarial,addition,adversarial,1.7b,1.1343,open,6,6,6,0.3,0.0,0.16693,0.85451,1.69297,2.7125,1,0
luke6:item7:open,uw-174422-open,addition:adversarial,addition,adversarial,1.7b,1.1343,open,6,6,6,0.3,0.0,0.16693,0.85451,1.69297,2.7125,1,0
luke6:item8:mcq,uw-174422-mcq,addition:adversarial,addition,adversarial,1.7b,1.1343,mcq,6,6,6,0.3,0.0,0.16693,0.85451,1.69297,2.7125,1,0
luke7:item11:open,uw-174436-open,addition:adversarial,addition,adversarial,1.7b,1.1343,open,7,6,6,0.3,0.0,0.16693,0.85451,1.69297,2.7125,1,0
luke7:item13:open,uw-174440-open,addition:adversarial,addition,adversarial,1.7b,1.1343,open,7,6,6,0.3,0.0,0.16693,0.85451,1.69297,2.7125,1,0
luke7:item14:mcq,uw-174440-mcq,addition:adversarial,addition,adversarial,1.7b,1.1343,mcq,7,6,6,0.3,0.0,0.16693,0.85451,1.69297,2.7125,1,0
luke7:item17:open,uw-174442-open,addition:adversarial,addition,adversarial,1.7b,1.1343,open,7,6,6,0.3,0.0,0.16693,0.85451,1.69297,2.7125,1,0
luke7:item2:mcq,uw-174429-mcq,addition:adversarial,addition,adversarial,1.7b,1.1343,mcq,7,6,6,0.3,0.0,0.16693,0.85451,1.69297,2.7125,1,0
luke7:item6:mcq,uw-174431-mcq,addition:adversarial,addition,adversarial,1.7b,1.1343,mcq,7,6,6,0.3,0.0,0.16693,0.85451,1.69297,2.7125,1,0
luke8:item10:mcq,uw-174448-mcq,addition:adversarial,addition,adversarial,1.7b,1.1343,mcq,8,6,6,0.3,0.0,0.16693,0.85451,1.69297,2.7125,1,0
luke8:item12:mcq,uw-174449-mcq,addition:adversarial,addition,adversarial,1.7b,1.1343,mcq,8,6,6,0.3,0.0,0.16693,0.85451,1.69297,2.7125,1,0
luke8:item14:mcq,uw-174452-mcq,addition:adversarial,addition,adversarial,1.7b,1.1343,mcq,8,6,6,0.3,0.0,0.16693,0.85451,1.69297,2.7125,1,0
luke8:item16:mcq,uw-174454-mcq,addition:adversarial,addition,adversarial,1.7b,1.1343,mcq,8,6,6,0.3,0.0,0.16693,0.85451,1.69297,2.7125,1,0
luke8:item18:mcq,uw-174455-mcq,addition:adversarial,addition,adversarial,1.7b,1.1343,mcq,8,6,6,0.3,0.0,0.16693,0.85451,1.69297,2.7125,1,0
luke8:item1:open,uw-174444-open,addition:adversarial,addition,adversarial,1.7b,1.1343,open,8,6,6,0.3,0.0,0.16693,0.85451,1.69297,2.7125,1,0
luke8:item2:mcq,uw-174444-mcq,addition:adversarial,addition,adversarial,1.7b,1.1343,mcq,8,6,6,0.3,0.0,0.16693,0.85451,1.69297,2.7125,1,0
luke8:item4:mcq,uw-174445-mcq,addition:adversarial,addition,adversarial,1.7b,1.1343,mcq,8,6,6,0.3,0.0,0.16693,0.85451,1.69297,2.7125,1,0
luke8:item6:mcq,uw-174446-mcq,addition:adversarial,addition,adversarial,1.7b,1.1343,mcq,8,6,6,0.3,0.0,0.16693,0.85451,1.69297,2.7125,1,0
luke8:item7:open,uw-174447-open,addition:adversarial,addition,adversarial,1.7b,1.1343,open,8,6,6,0.3,0.0,0.16693,0.85451,1.69297,2.7125,1,0
luke8:item8:mcq,uw-174447-mcq,addition:adversarial,addition,adversarial,1.7b,1.1343,mcq,8,6,6,0.3,0.0,0.16693,0.85451,1.69297,2.7125,1,0
luke1:item18:mcq,uw-174328-mcq,addition:adversarial,addition,adversarial,1.7b,1.1343,mcq,1,6,6,0.3,0.0,0.13657,0.77851,1.38507,-1.91072,1,0
luke1:item27:open,uw-174333-open,addition:adversarial,addition,adversarial,1.7b,1.1343,open,1,6,6,0.3,0.0,0.13657,0.77851,1.38507,-1.91072,1,0
luke1:item28:mcq,uw-174333-mcq,addition:adversarial,addition,adversarial,1.7b,1.1343,mcq,1,6,6,0.3,0.0,0.13657,0.77851,1.38507,-1.91072,1,0
luke1:item37:open,uw-174341-open,addition:adversarial,addition,adversarial,1.7b,1.1343,open,1,6,6,0.3,0.0,0.13657,0.77851,1.38507,-1.91072,1,0
luke2:item17:open,uw-174357-open,addition:adversarial,addition,adversarial,1.7b,1.1343,open,2,6,6,0.3,0.0,0.13657,0.77851,1.38507,-1.91072,1,0
luke2:item22:mcq,uw-174361-mcq,addition:adversarial,addition,adversarial,1.7b,1.1343,mcq,2,6,6,0.3,0.0,0.13657,0.77851,1.38507,-1.91072,1,0
luke2:item3:open,uw-174347-open,addition:adversarial,addition,adversarial,1.7b,1.1343,open,2,6,6,0.3,0.0,0.13657,0.77851,1.38507,-1.91072,1,0
luke3:item5:open,uw-174367-open,addition:adversarial,addition,adversarial,1.7b,1.1343,open,3,6,6,0.3,0.0,0.13657,0.77851,1.38507,-1.91072,1,0
luke4:item12:mcq,uw-174382-mcq,addition:adversarial,addition,adversarial,1.7b,1.1343,mcq,4,6,6,0.3,0.0,0.13657,0.77851,1.38507,-1.91072,1,0
luke4:item17:open,uw-174388-open,addition:adversarial,addition,adversarial,1.7b,1.1343,open,4,6,6,0.3,0.0,0.13657,0.77851,1.38507,-1.91072,1,0
luke4:item18:mcq,uw-174388-mcq,addition:adversarial,addition,adversarial,1.7b,1.1343,mcq,4,6,6,0.3,0.0,0.13657,0.77851,1.38507,-1.91072,1,0
luke4:item20:mcq,uw-174389-mcq,addition:adversarial,addition,adversarial,1.7b,1.1343,mcq,4,6,6,0.3,0.0,0.13657,0.77851,1.38507,-1.91072,1,0
luke5:item21:open,uw-174410-open,addition:adversarial,addition,adversarial,1.7b,1.1343,open,5,6,6,0.3,0.0,0.13657,0.77851,1.38507,-1.91072,1,0
luke6:item5:open,uw-174421-open,addition:adversarial,addition,adversarial,1.7b,1.1343,open,6,6,6,0.3,0.0,0.13657,0.77851,1.38507,-1.91072,1,0
luke7:item8:mcq,uw-174432-mcq,addition:adversarial,addition,adversarial,1.7b,1.1343,mcq,7,6,6,0.3,0.0,0.13657,0.77851,1.38507,-1.91072,1,0
luke8:item13:open,uw-174452-open,addition:adversarial,addition,adversarial,1.7b,1.1343,open,8,6,6,0.3,0.0,0.13657,0.77851,1.38507,-1.91072,1,0
luke8:item17:open,uw-174455-open,addition:adversarial,addition,adversarial,1.7b,1.1343,open,8,6,6,0.3,0.0,0.13657,0.77851,1.38507,-1.91072,1,0
luke3:item11:open,uw-174374-open,addition:bad,addition,bad,1.7b,1.1343,open,3,6,6,0.3,0.13889,0.13536,0.72955,1.37283,1.56813,1,1
luke7:item11:open,uw-174436-open,addition:bad,addition,bad,1.7b,1.1343,open,7,6,6,0.3,0.13889,0.13536,0.72955,1.37283,1.56813,1,1
luke7:item1:open,uw-174429-open,addition:neutral,addition,neutral,1.7b,1.1343,open,7,6,6,0.3,0.13889,0.11829,0.7317,1.19971,1.5835,1,1
luke4:item15:open,uw-174387-open,addition:bad,addition,bad,1.7b,1.1343,open,4,6,6,0.3,0.22222,0.10367,0.64128,1.05145,-0.37485,1,1
luke1:item10:mcq,uw-174323-mcq,addition:bad,addition,bad,1.7b,1.1343,mcq,1,6,6,0.3,0.0,0.06325,0.86631,0.64152,2.79394,1,0
luke1:item11:open,uw-174324-open,addition:bad,addition,bad,1.7b,1.1343,open,1,6,6,0.3,0.0,0.06325,0.86631,0.64152,2.79394,1,0
luke1:item12:mcq,uw-174324-mcq,addition:bad,addition,bad,1.7b,1.1343,mcq,1,6,6,0.3,0.0,0.06325,0.86631,0.64152,2.79394,1,0
luke1:item14:mcq,uw-174325-mcq,addition:bad,addition,bad,1.7b,1.1343,mcq,1,6,6,0.3,0.0,0.06325,0.86631,0.64152,2.79394,1,0
luke1:item16:mcq,uw-174326-mcq,addition:bad,addition,bad,1.7b,1.1343,mcq,1,6,6,0.3,0.0,0.06325,0.86631,0.64152,2.79394,1,0
luke1:item20:mcq,uw-174329-mcq,addition:bad,addition,bad,1.7b,1.1343,mcq,1,6,6,0.3,0.0,0.06325,0.86631,0.64152,2.79394,1,0
luke1:item21:open,uw-174330-open,addition:bad,addition,bad,1.7b,1.1343,open,1,6,6,0.3,0.0,0.06325,0.86631,0.64152,2.79394,1,0
luke1:item22:mcq,uw-174330-mcq,addition:bad,addition,bad,1.7b,1.1343,mcq,1,6,6,0.3,0.0,0.06325,0.86631,0.64152,2.79394,1,0
luke1:item23:open,uw-174331-open,addition:bad,addition,bad,1.7b,1.1343,open,1,6,6,0.3,0.0,0.06325,0.86631,0.64152,2.79394,1,0
luke1:item24:mcq,uw-174331-mcq,addition:bad,addition,bad,1.7b,1.1343,mcq,1,6,6,0.3,0.0,0.06325,0.86631,0.64152,2.79394,1,0
luke1:item25:open,uw-174332-open,addition:bad,addition,bad,1.7b,1.1343,open,1,6,6,0.3,0.0,0.06325,0.86631,0.64152,2.79394,1,0
luke1:item26:mcq,uw-174332-mcq,addition:bad,addition,bad,1.7b,1.1343,mcq,1,6,6,0.3,0.0,0.06325,0.86631,0.64152,2.79394,1,0
luke1:item29:open,uw-174335-open,addition:bad,addition,bad,1.7b,1.1343,open,1,6,6,0.3,0.0,0.06325,0.86631,0.64152,2.79394,1,0
luke1:item2:mcq,uw-174316-mcq,addition:bad,addition,bad,1.7b,1.1343,mcq,1,6,6,0.3,0.0,0.06325,0.86631,0.64152,2.79394,1,0
luke1:item30:mcq,uw-174335-mcq,addition:bad,addition,bad,1.7b,1.1343,mcq,1,6,6,0.3,0.0,0.06325,0.86631,0.64152,2.79394,1,0
luke1:item32:mcq,uw-174336-mcq,addition:bad,addition,bad,1.7b,1.1343,mcq,1,6,6,0.3,0.0,0.06325,0.86631,0.64152,2.79394,1,0
luke1:item33:open,uw-174339-open,addition:bad,addition,bad,1.7b,1.1343,open,1,6,6,0.3,0.0,0.06325,0.86631,0.64152,2.79394,1,0
luke1:item34:mcq,uw-174339-mcq,addition:bad,addition,bad,1.7b,1.1343,mcq,1,6,6,0.3,0.0,0.06325,0.86631,0.64152,2.79394,1,0
luke1:item36:mcq,uw-174340-mcq,addition:bad,addition,bad,1.7b,1.1343,mcq,1,6,6,0.3,0.0,0.06325,0.86631,0.64152,2.79394,1,0
luke1:item38:mcq,uw-174341-mcq,addition:bad,addition,bad,1.7b,1.1343,mcq,1,6,6,0.3,0.0,0.06325,0.86631,0.64152,2.79394,1,0
luke1:item3:open,uw-174317-open,addition:bad,addition,bad,1.7b,1.1343,open,1,6,6,0.3,0.0,0.06325,0.86631,0.64152,2.79394,1,0
luke1:item41:open,uw-174343-open,addition:bad,addition,bad,1.7b,1.1343,open,1,6,6,0.3,0.0,0.06325,0.86631,0.64152,2.79394,1,0
luke1:item42:mcq,uw-174343-mcq,addition:bad,addition,bad,1.7b,1.1343,mcq,1,6,6,0.3,0.0,0.06325,0.86631,0.64152,2.79394,1,0
luke1:item44:mcq,uw-174344-mcq,addition:bad,addition,bad,1.7b,1.1343,mcq,1,6,6,0.3,0.0,0.06325,0.86631,0.64152,2.79394,1,0
luke1:item4:mcq,uw-174317-mcq,addition:bad,addition,bad,1.7b,1.1343,mcq,1,6,6,0.3,0.0,0.06325,0.86631,0.64152,2.79394,1,0
luke1:item5:open,uw-174318-open,addition:bad,addition,bad,1.7b,1.1343,open,1,6,6,0.3,0.0,0.06325,0.86631,0.64152,2.79394,1,0
luke1:item6:mcq,uw-174318-mcq,addition:bad,addition,bad,1.7b,1.1343,mcq,1,6,6,0.3,0.0,0.06325,0.86631,0.64152,2.79394,1,0
luke1:item7:open,uw-174322-open,addition:bad,addition,bad,1.7b,1.1343,open,1,6,6,0.3,0.0,0.06325,0.86631,0.64152,2.79394,1,0
luke1:item8:mcq,uw-174322-mcq,addition:bad,addition,bad,1.7b,1.1343,mcq,1,6,6,0.3,0.0,0.06325,0.86631,0.64152,2.79394,1,0
luke1:item9:open,uw-174323-open,addition:bad,addition,bad,1.7b,1.1343,open,1,6,6,0.3,0.0,0.06325,0.86631,0.64152,2.79394,1,0
luke2:item10:mcq,uw-174351-mcq,addition:bad,addition,bad,1.7b,1.1343,mcq,2,6,6,0.3,0.0,0.06325,0.86631,0.64152,2.79394,1,0
luke2:item12:mcq,uw-174352-mcq,addition:bad,addition,bad,1.7b,1.1343,mcq,2,6,6,0.3,0.0,0.06325,0.86631,0.64152,2.79394,1,0
luke2:item14:mcq,uw-174354-mcq,addition:bad,addition,bad,1.7b,1.1343,mcq,2,6,6,0.3,0.0,0.06325,0.86631,0.64152,2.79394,1,0
luke2:item15:open,uw-174355-open,addition:bad,addition,bad,1.7b,1.1343,open,2,6,6,0.3,0.0,0.06325,0.86631,0.64152,2.79394,1,0
luke2:item16:mcq,uw-174355-mcq,addition:bad,addition,bad,1.7b,1.1343,mcq,2,6,6,0.3,0.0,0.06325,0.86631,0.64152,2.79394,1,0
luke2:item18:mcq,uw-174357-mcq,addition:bad,addition,bad,1.7b,1.1343,mcq,2,6,6,0.3,0.0,0.06325,0.86631,0.64152,2.79394,1,0
luke2:item20:mcq,uw-174359-mcq,addition:bad,addition,bad,1.7b,1.1343,mcq,2,6,6,0.3,0.0,0.06325,0.86631,0.64152,2.79394,1,0
luke2:item23:open,uw-174362-open,addition:bad,addition,bad,1.7b,1.1343,open,2,6,6,0.3,0.0,0.06325,0.86631,0.64152,2.79394,1,0
luke2:item24:mcq,uw-174362-mcq,addition:bad,addition,bad,1.7b,1.1343,mcq,2,6,6,0.3,0.0,0.06325,0.86631,0.64152,2.79394,1,0
luke2:item2:mcq,uw-174346-mcq,addition:bad,addition,bad,1.7b,1.1343,mcq,2,6,6,0.3,0.0,0.06325,0.86631,0.64152,2.79394,1,0
luke2:item4:mcq,uw-174347-mcq,addition:bad,addition,bad,1.7b,1.1343,mcq,2,6,6,0.3,0.0,0.06325,0.86631,0.64152,2.79394,1,0
luke2:item5:open,uw-174349-open,addition:bad,addition,bad,1.7b,1.1343,open,2,6,6,0.3,0.0,0.06325,0.86631,0.64152,2.79394,1,0
luke2:item6:mcq,uw-174349-mcq,addition:bad,addition,bad,1.7b,1.1343,mcq,2,6,6,0.3,0.0,0.06325,0.86631,0.64152,2.79394,1,0
luke2:item8:mcq,uw-174350-mcq,addition:bad,addition,bad,1.7b,1.1343,mcq,2,6,6,0.3,0.0,0.06325,0.86631,0.64152,2.79394,1,0
luke2:item9:open,uw-174351-open,addition:bad,addition,bad,1.7b,1.1343,open,2,6,6,0.3,0.0,0.06325,0.86631,0.64152,2.79394,1,0
luke3:item10:mcq,uw-174370-mcq,addition:bad,addition,bad,1.7b,1.1343,mcq,3,6,6,0.3,0.0,0.06325,0.86631,0.64152,2.79394,1,0
luke3:item12:mcq,uw-174374-mcq,addition:bad,addition,bad,1.7b,1.1343,mcq,3,6,6,0.3,0.0,0.06325,0.86631,0.64152,2.79394,1,0
luke3:item13:open,uw-174375-open,addition:bad,addition,bad,1.7b,1.1343,open,3,6,6,0.3,0.0,0.06325,0.86631,0.64152,2.79394,1,0
luke3:item14:mcq,uw-174375-mcq,addition:bad,addition,bad,1.7b,1.1343,mcq,3,6,6,0.3,0.0,0.06325,0.86631,0.64152,2.79394,1,0
luke3:item1:open,uw-174365-open,addition:bad,addition,bad,1.7b,1.1343,open,3,6,6,0.3,0.0,0.06325,0.86631,0.64152,2.79394,1,0
luke3:item2:mcq,uw-174365-mcq,addition:bad,addition,bad,1.7b,1.1343,mcq,3,6,6,0.3,0.0,0.06325,0.86631,0.64152,2.79394,1,0
luke3:item4:mcq,uw-174366-mcq,addition:bad,addition,bad,1.7b,1.1343,mcq,3,6,6,0.3,0.0,0.06325,0.86631,0.64152,2.79394,1,0
luke3:item6:mcq,uw-174367-mcq,addition:bad,addition,bad,1.7b,1.1343,mcq,3,6,6,0.3,0.0,0.06325,0.86631,0.64152,2.79394,1,0
luke3:item7:open,uw-174368-open,addition:bad,addition,bad,1.7b,1.1343,open,3,6,6,0.3,0.0,0.06325,0.86631,0.64152,2.79394,1,0
luke3:item8:mcq,uw-174368-mcq,addition:bad,addition,bad,1.7b,1.1343,mcq,3,6,6,0.3,0.0,0.06325,0.86631,0.64152,2.79394,1,0
luke3:item9:open,uw-174370-open,addition:bad,addition,bad,1.7b,1.1343,open,3,6,6,0.3,0.0,0.06325,0.86631,0.64152,2.79394,1,0
luke4:item10:mcq,uw-174381-mcq,addition:bad,addition,bad,1.7b,1.1343,mcq,4,6,6,0.3,0.0,0.06325,0.86631,0.64152,2.79394,1,0
luke4:item11:open,uw-174382-open,addition:bad,addition,bad,1.7b,1.1343,open,4,6,6,0.3,0.0,0.06325,0.86631,0.64152,2.79394,1,0
luke4:item13:open,uw-174384-open,addition:bad,addition,bad,1.7b,1.1343,open,4,6,6,0.3,0.0,0.06325,0.86631,0.64152,2.79394,1,0
luke4:item14:mcq,uw-174384-mcq,addition:bad,addition,bad,1.7b,1.1343,mcq,4,6,6,0.3,0.0,0.06325,0.86631,0.64152,2.79394,1,0
luke4:item1:open,uw-174377-open,addition:bad,addition,bad,1.7b,1.1343,open,4,6,6,0.3,0.0,0.06325,0.86631,0.64152,2.79394,1,0
luke4:item22:mcq,uw-174392-mcq,addition:bad,addition,bad,1.7b,1.1343,mcq,4,6,6,0.3,0.0,0.06325,0.86631,0.64152,2.79394,1,0
luke4:item24:mcq,uw-174393-mcq,addition:bad,addition,bad,1.7b,1.1343,mcq,4,6,6,0.3,0.0,0.06325,0.86631,0.64152,2.79394,1,0
luke4:item26:mcq,uw-174394-mcq,addition:bad,addition,bad,1.7b,1.1343,mcq,4,6,6,0.3,0.0,0.06325,0.86631,0.64152,2.79394,1,0
luke4:item28:mcq,uw-174395-mcq,addition:bad,addition,bad,1.7b,1.1343,mcq,4,6,6,0.3,0.0,0.06325,0.86631,0.64152,2.79394,1,0
luke4:item29:open,uw-174396-open,addition:bad,addition,bad,1.7b,1.1343,open,4,6,6,0.3,0.0,0.06325,0.86631,0.64152,2.79394,1,0
luke4:item30:mcq,uw-174396-mcq,addition:bad,addition,bad,1.7b,1.1343,mcq,4,6,6,0.3,0.0,0.06325,0.86631,0.64152,2.79394,1,0
luke4:item31:open,uw-174396-open,addition:bad,addition,bad,1.7b,1.1343,open,4,6,6,0.3,0.0,0.06325,0.86631,0.64152,2.79394,1,0
luke4:item32:mcq,uw-174396-mcq,addition:bad,addition,bad,1.7b,1.1343,mcq,4,6,6,0.3,0.0,0.06325,0.86631,0.64152,2.79394,1,0
luke4:item33:open,uw-174397-open,addition:bad,addition,bad,1.7b,1.1343,open,4,6,6,0.3,0.0,0.06325,0.86631,0.64152,2.79394,1,0
luke4:item34:mcq,uw-174397-mcq,addition:bad,addition,bad,1.7b,1.1343,mcq,4,6,6,0.3,0.0,0.06325,0.86631,0.64152,2.79394,1,0
luke4:item39:open,uw-174399-open,addition:bad,addition,bad,1.7b,1.1343,open,4,6,6,0.3,0.0,0.06325,0.86631,0.64152,2.79394,1,0
luke4:item3:open,uw-174378-open,addition:bad,addition,bad,1.7b,1.1343,open,4,6,6,0.3,0.0,0.06325,0.86631,0.64152,2.79394,1,0
luke4:item40:mcq,uw-174399-mcq,addition:bad,addition,bad,1.7b,1.1343,mcq,4,6,6,0.3,0.0,0.06325,0.86631,0.64152,2.79394,1,0
luke4:item41:open,uw-174396-open,addition:bad,addition,bad,1.7b,1.1343,open,4,6,6,0.3,0.0,0.06325,0.86631,0.64152,2.79394,1,0
luke4:item42:mcq,uw-174396-mcq,addition:bad,addition,bad,1.7b,1.1343,mcq,4,6,6,0.3,0.0,0.06325,0.86631,0.64152,2.79394,1,0
luke4:item4:mcq,uw-174378-mcq,addition:bad,addition,bad,1.7b,1.1343,mcq,4,6,6,0.3,0.0,0.06325,0.86631,0.64152,2.79394,1,0
luke4:item5:open,uw-174379-open,addition:bad,addition,bad,1.7b,1.1343,open,4,6,6,0.3,0.0,0.06325,0.86631,0.64152,2.79394,1,0
luke4:item6:mcq,uw-174379-mcq,addition:bad,addition,bad,1.7b,1.1343,mcq,4,6,6,0.3,0.0,0.06325,0.86631,0.64152,2.79394,1,0
luke4:item7:open,uw-174380-open,addition:bad,addition,bad,1.7b,1.1343,open,4,6,6,0.3,0.0,0.06325,0.86631,0.64152,2.79394,1,0
luke4:item8:mcq,uw-174380-mcq,addition:bad,addition,bad,1.7b,1.1343,mcq,4,6,6,0.3,0.0,0.06325,0.86631,0.64152,2.79394,1,0
luke4:item9:open,uw-174381-open,addition:bad,addition,bad,1.7b,1.1343,open,4,6,6,0.3,0.0,0.06325,0.86631,0.64152,2.79394,1,0
luke5:item10:mcq,uw-174403-mcq,addition:bad,addition,bad,1.7b,1.1343,mcq,5,6,6,0.3,0.0,0.06325,0.86631,0.64152,2.79394,1,0
luke5:item12:mcq,uw-174404-mcq,addition:bad,addition,bad,1.7b,1.1343,mcq,5,6,6,0.3,0.0,0.06325,0.86631,0.64152,2.79394,1,0
luke5:item13:open,uw-174406-open,addition:bad,addition,bad,1.7b,1.1343,open,5,6,6,0.3,0.0,0.06325,0.86631,0.64152,2.79394,1,0
luke5:item14:mcq,uw-174406-mcq,addition:bad,addition,bad,1.7b,1.1343,mcq,5,6,6,0.3,0.0,0.06325,0.86631,0.64152,2.79394,1,0
luke5:item16:mcq,uw-174407-mcq,addition:bad,addition,bad,1.7b,1.1343,mcq,5,6,6,0.3,0.0,0.06325,0.86631,0.64152,2.79394,1,0
luke5:item17:open,uw-174408-open,addition:bad,addition,bad,1.7b,1.1343,open,5,6,6,0.3,0.0,0.06325,0.86631,0.64152,2.79394,1,0
luke5:item18:mcq,uw-174408-mcq,addition:bad,addition,bad,1.7b,1.1343,mcq,5,6,6,0.3,0.0,0.06325,0.86631,0.64152,2.79394,1,0
luke5:item19:open,uw-174409-open,addition:bad,addition,bad,1.7b,1.1343,open,5,6,6,0.3,0.0,0.06325,0.86631,0.64152,2.79394,1,0
luke5:item1:open,uw-174400-open,addition:bad,addition,bad,1.7b,1.1343,open,5,6,6,0.3,0.0,0.06325,0.86631,0.64152,2.79394,1,0
luke5:item20:mcq,uw-174409-mcq,addition:bad,addition,bad,1.7b,1.1343,mcq,5,6,6,0.3,0.0,0.06325,0.86631,0.64152,2.79394,1,0
luke5:item22:mcq,uw-174410-mcq,addition:bad,addition,bad,1.7b,1.1343,mcq,5,6,6,0.3,0.0,0.06325,0.86631,0.64152,2.79394,1,0
luke5:item23:open,uw-174412-open,addition:bad,addition,bad,1.7b,1.1343,open,5,6,6,0.3,0.0,0.06325,0.86631,0.64152,2.79394,1,0
luke5:item24:mcq,uw-174412-mcq,addition:bad,addition,bad,1.7b,1.1343,mcq,5,6,6,0.3,0.0,0.06325,0.86631,0.64152,2.79394,1,0
luke5:item25:open,uw-174403-open,addition:bad,addition,bad,1.7b,1.1343,open,5,6,6,0.3,0.0,0.06325,0.86631,0.64152,2.79394,1,0
luke5:item26:mcq,uw-174403-mcq,addition:bad,addition,bad,1.7b,1.1343,mcq,5,6,6,0.3,0.0,0.06325,0.86631,0.64152,2.79394,1,0
luke5:item2:mcq,uw-174400-mcq,addition:bad,addition,bad,1.7b,1.1343,mcq,5,6,6,0.3,0.0,0.06325,0.86631,0.64152,2.79394,1,0
luke5:item4:mcq,uw-174401-mcq,addition:bad,addition,bad,1.7b,1.1343,mcq,5,6,6,0.3,0.0,0.06325,0.86631,0.64152,2.79394,1,0
luke5:item5:open,uw-174402-open,addition:bad,addition,bad,1.7b,1.1343,open,5,6,6,0.3,0.0,0.06325,0.86631,0.64152,2.79394,1,0
luke5:item6:mcq,uw-174402-mcq,addition:bad,addition,bad,1.7b,1.1343,mcq,5,6,6,0.3,0.0,0.06325,0.86631,0.64152,2.79394,1,0
luke5:item7:open,uw-174403-open,addition:bad,addition,bad,1.7b,1.1343,open,5,6,6,0.3,0.0,0.06325,0.86631,0.64152,2.79394,1,0
luke5:item8:mcq,uw-174403-mcq,addition:bad,addition,bad,1.7b,1.1343,mcq,5,6,6,0.3,0.0,0.06325,0.86631,0.64152,2.79394,1,0
luke6:item10:mcq,uw-174423-mcq,addition:bad,addition,bad,1.7b,1.1343,mcq,6,6,6,0.3,0.0,0.06325,0.86631,0.64152,2.79394,1,0
luke6:item11:open,uw-174424-open,addition:bad,addition,bad,1.7b,1.1343,open,6,6,6,0.3,0.0,0.06325,0.86631,0.64152,2.79394,1,0
luke6:item12:mcq,uw-174424-mcq,addition:bad,addition,bad,1.7b,1.1343,mcq,6,6,6,0.3,0.0,0.06325,0.86631,0.64152,2.79394,1,0
luke6:item14:mcq,uw-174427-mcq,addition:bad,addition,bad,1.7b,1.1343,mcq,6,6,6,0.3,0.0,0.06325,0.86631,0.64152,2.79394,1,0
luke6:item15:open,uw-174428-open,addition:bad,addition,bad,1.7b,1.1343,open,6,6,6,0.3,0.0,0.06325,0.86631,0.64152,2.79394,1,0
luke6:item1:open,uw-174414-open,addition:bad,addition,bad,1.7b,1.1343,open,6,6,6,0.3,0.0,0.06325,0.86631,0.64152,2.79394,1,0
luke6:item2:mcq,uw-174414-mcq,addition:bad,addition,bad,1.7b,1.1343,mcq,6,6,6,0.3,0.0,0.06325,0.86631,0.64152,2.79394,1,0
luke6:item3:open,uw-174415-open,addition:bad,addition,bad,1.7b,1.1343,open,6,6,6,0.3,0.0,0.06325,0.86631,0.64152,2.79394,1,0
luke6:item4:mcq,uw-174415-mcq,addition:bad,addition,bad,1.7b,1.1343,mcq,6,6,6,0.3,0.0,0.06325,0.86631,0.64152,2.79394,1,0
luke6:item6:mcq,uw-174421-mcq,addition:bad,addition,bad,1.7b,1.1343,mcq,6,6,6,0.3,0.0,0.06325,0.86631,0.64152,2.79394,1,0
luke6:item7:open,uw-174422-open,addition:bad,addition,bad,1.7b,1.1343,open,6,6,6,0.3,0.0,0.06325,0.86631,0.64152,2.79394,1,0
luke6:item8:mcq,uw-174422-mcq,addition:bad,addition,bad,1.7b,1.1343,mcq,6,6,6,0.3,0.0,0.06325,0.86631,0.64152,2.79394,1,0
luke7:item10:mcq,uw-174434-mcq,addition:bad,addition,bad,1.7b,1.1343,mcq,7,6,6,0.3,0.0,0.06325,0.86631,0.64152,2.79394,1,0
luke7:item12:mcq,uw-174436-mcq,addition:bad,addition,bad,1.7b,1.1343,mcq,7,6,6,0.3,0.0,0.06325,0.86631,0.64152,2.79394,1,0
luke7:item13:open,uw-174440-open,addition:bad,addition,bad,1.7b,1.1343,open,7,6,6,0.3,0.0,0.06325,0.86631,0.64152,2.79394,1,0
luke7:item14:mcq,uw-174440-mcq,addition:bad,addition,bad,1.7b,1.1343,mcq,7,6,6,0.3,0.0,0.06325,0.86631,0.64152,2.79394,1,0
luke7:item16:mcq,uw-174441-mcq,addition:bad,addition,bad,1.7b,1.1343,mcq,7,6,6,0.3,0.0,0.06325,0.86631,0.64152,2.79394,1,0
luke7:item1:open,uw-174429-open,addition:bad,addition,bad,1.7b,1.1343,open,7,6,6,0.3,0.0,0.06325,0.86631,0.64152,2.79394,1,0
luke7:item2:mcq,uw-174429-mcq,addition:bad,addition,bad,1.7b,1.1343,mcq,7,6,6,0.3,0.0,0.06325,0.86631,0.64152,2.79394,1,0
luke7:item6:mcq,uw-174431-mcq,addition:bad,addition,bad,1.7b,1.1343,mcq,7,6,6,0.3,0.0,0.06325,0.86631,0.64152,2.79394,1,0
luke7:item7:open,uw-174432-open,addition:bad,addition,bad,1.7b,1.1343,open,7,6,6,0.3,0.0,0.06325,0.86631,0.64152,2.79394,1,0
luke8:item10:mcq,uw-174448-mcq,addition:bad,addition,bad,1.7b,1.1343,mcq,8,6,6,0.3,0.0,0.06325,0.86631,0.64152,2.79394,1,0
luke8:item12:mcq,uw-174449-mcq,addition:bad,addition,bad,1.7b,1.1343,mcq,8,6,6,0.3,0.0,0.06325,0.86631,0.64152,2.79394,1,0
luke8:item14:mcq,uw-174452-mcq,addition:bad,addition,bad,1.7b,1.1343,mcq,8,6,6,0.3,0.0,0.06325,0.86631,0.64152,2.79394,1,0
luke8:item1:open,uw-174444-open,addition:bad,addition,bad,1.7b,1.1343,open,8,6,6,0.3,0.0,0.06325,0.86631,0.64152,2.79394,1,0
luke8:item2:mcq,uw-174444-mcq,addition:bad,addition,bad,1.7b,1.1343,mcq,8,6,6,0.3,0.0,0.06325,0.86631,0.64152,2.79394,1,0
luke8:item4:mcq,uw-174445-mcq,addition:bad,addition,bad,1.7b,1.1343,mcq,8,6,6,0.3,0.0,0.06325,0.86631,0.64152,2.79394,1,0
luke8:item5:open,uw-174446-open,addition:bad,addition,bad,1.7b,1.1343,open,8,6,6,0.3,0.0,0.06325,0.86631,0.64152,2.79394,1,0
luke8:item6:mcq,uw-174446-mcq,addition:bad,addition,bad,1.7b,1.1343,mcq,8,6,6,0.3,0.0,0.06325,0.86631,0.64152,2.79394,1,0
luke8:item7:open,uw-174447-open,addition:bad,addition,bad,1.7b,1.1343,open,8,6,6,0.3,0.0,0.06325,0.86631,0.64152,2.79394,1,0
luke8:item8:mcq,uw-174447-mcq,addition:bad,addition,bad,1.7b,1.1343,mcq,8,6,6,0.3,0.0,0.06325,0.86631,0.64152,2.79394,1,0
luke8:item9:open,uw-174448-open,addition:bad,addition,bad,1.7b,1.1343,open,8,6,6,0.3,0.0,0.06325,0.86631,0.64152,2.79394,1,0
luke1:item18:mcq,uw-174328-mcq,addition:bad,addition,bad,1.7b,1.1343,mcq,1,6,6,0.3,0.0,0.04947,0.76809,0.50177,-1.85144,1,0
luke1:item27:open,uw-174333-open,addition:bad,addition,bad,1.7b,1.1343,open,1,6,6,0.3,0.0,0.04947,0.76809,0.50177,-1.85144,1,0
luke1:item28:mcq,uw-174333-mcq,addition:bad,addition,bad,1.7b,1.1343,mcq,1,6,6,0.3,0.0,0.04947,0.76809,0.50177,-1.85144,1,0
luke1:item37:open,uw-174341-open,addition:bad,addition,bad,1.7b,1.1343,open,1,6,6,0.3,0.0,0.04947,0.76809,0.50177,-1.85144,1,0
luke2:item22:mcq,uw-174361-mcq,addition:bad,addition,bad,1.7b,1.1343,mcq,2,6,6,0.3,0.0,0.04947,0.76809,0.50177,-1.85144,1,0
luke2:item3:open,uw-174347-open,addition:bad,addition,bad,1.7b,1.1343,open,2,6,6,0.3,0.0,0.04947,0.76809,0.50177,-1.85144,1,0
luke4:item12:mcq,uw-174382-mcq,addition:bad,addition,bad,1.7b,1.1343,mcq,4,6,6,0.3,0.0,0.04947,0.76809,0.50177,-1.85144,1,0
luke4:item17:open,uw-174388-open,addition:bad,addition,bad,1.7b,1.1343,open,4,6,6,0.3,0.0,0.04947,0.76809,0.50177,-1.85144,1,0
luke4:item18:mcq,uw-174388-mcq,addition:bad,addition,bad,1.7b,1.1343,mcq,4,6,6,0.3,0.0,0.04947,0.76809,0.50177,-1.85144,1,0
luke4:item2:mcq,uw-174377-mcq,addition:bad,addition,bad,1.7b,1.1343,mcq,4,6,6,0.3,0.0,0.04947,0.76809,0.50177,-1.85144,1,0
luke5:item21:open,uw-174410-open,addition:bad,addition,bad,1.7b,1.1343,open,5,6,6,0.3,0.0,0.04947,0.76809,0.50177,-1.85144,1,0
luke6:item5:open,uw-174421-open,addition:bad,addition,bad,1.7b,1.1343,open,6,6,6,0.3,0.0,0.04947,0.76809,0.50177,-1.85144,1,0
luke7:item3:open,uw-174430-open,addition:bad,addition,bad,1.7b,1.1343,open,7,6,6,0.3,0.0,0.04947,0.76809,0.50177,-1.85144,1,0
luke8:item13:open,uw-174452-open,addition:bad,addition,bad,1.7b,1.1343,open,8,6,6,0.3,0.0,0.04947,0.76809,0.50177,-1.85144,1,0
luke8:item17:open,uw-174455-open,addition:bad,addition,bad,1.7b,1.1343,open,8,6,6,0.3,0.0,0.04947,0.76809,0.50177,-1.85144,1,0
luke1:item10:mcq,uw-174323-mcq,addition:neutral,addition,neutral,1.7b,1.1343,mcq,1,6,6,0.3,0.0,0.03862,0.87009,0.39166,2.82507,1,0
luke1:item11:open,uw-174324-open,addition:neutral,addition,neutral,1.7b,1.1343,open,1,6,6,0.3,0.0,0.03862,0.87009,0.39166,2.82507,1,0
luke1:item12:mcq,uw-174324-mcq,addition:neutral,addition,neutral,1.7b,1.1343,mcq,1,6,6,0.3,0.0,0.03862,0.87009,0.39166,2.82507,1,0
luke1:item13:open,uw-174325-open,addition:neutral,addition,neutral,1.7b,1.1343,open,1,6,6,0.3,0.0,0.03862,0.87009,0.39166,2.82507,1,0
luke1:item14:mcq,uw-174325-mcq,addition:neutral,addition,neutral,1.7b,1.1343,mcq,1,6,6,0.3,0.0,0.03862,0.87009,0.39166,2.82507,1,0
luke1:item16:mcq,uw-174326-mcq,addition:neutral,addition,neutral,1.7b,1.1343,mcq,1,6,6,0.3,0.0,0.03862,0.87009,0.39166,2.82507,1,0
luke1:item17:open,uw-174328-open,addition:neutral,addition,neutral,1.7b,1.1343,open,1,6,6,0.3,0.0,0.03862,0.87009,0.39166,2.82507,1,0
luke1:item1:open,uw-174316-open,addition:neutral,addition,neutral,1.7b,1.1343,open,1,6,6,0.3,0.0,0.03862,0.87009,0.39166,2.82507,1,0
luke1:item20:mcq,uw-174329-mcq,addition:neutral,addition,neutral,1.7b,1.1343,mcq,1,6,6,0.3,0.0,0.03862,0.87009,0.39166,2.82507,1,0
luke1:item21:open,uw-174330-open,addition:neutral,addition,neutral,1.7b,1.1343,open,1,6,6,0.3,0.0,0.03862,0.87009,0.39166,2.82507,1,0
luke1:item22:mcq,uw-174330-mcq,addition:neutral,addition,neutral,1.7b,1.1343,mcq,1,6,6,0.3,0.0,0.03862,0.87009,0.39166,2.82507,1,0
luke1:item23:open,uw-174331-open,addition:neutral,addition,neutral,1.7b,1.1343,open,1,6,6,0.3,0.0,0.03862,0.87009,0.39166,2.82507,1,0
luke1:item24:mcq,uw-174331-mcq,addition:neutral,addition,neutral,1.7b,1.1343,mcq,1,6,6,0.3,0.0,0.03862,0.87009,0.39166,2.82507,1,0
luke1:item25:open,uw-174332-open,addition:neutral,addition,neutral,1.7b,1.1343,open,1,6,6,0.3,0.0,0.03862,0.87009,0.39166,2.82507,1,0
luke1:item26:mcq,uw-174332-mcq,addition:neutral,addition,neutral,1.7b,1.1343,mcq,1,6,6,0.3,0.0,0.03862,0.87009,0.39166,2.82507,1,0
luke1:item29:open,uw-174335-open,addition:neutral,addition,neutral,1.7b,1.1343,open,1,6,6,0.3,0.0,0.03862,0.87009,0.39166,2.82507,1,0
luke1:item2:mcq,uw-174316-mcq,addition:neutral,addition,neutral,1.7b,1.1343,mcq,1,6,6,0.3,0.0,0.03862,0.87009,0.39166,2.82507,1,0
luke1:item30:mcq,uw-174335-mcq,addition:neutral,addition,neutral,1.7b,1.1343,mcq,1,6,6,0.3,0.0,0.03862,0.87009,0.39166,2.82507,1,0
luke1:item32:mcq,uw-174336-mcq,addition:neutral,addition,neutral,1.7b,1.1343,mcq,1,6,6,0.3,0.0,0.03862,0.87009,0.39166,2.82507,1,0
luke1:item33:open,uw-174339-open,addition:neutral,addition,neutral,1.7b,1.1343,open,1,6,6,0.3,0.0,0.03862,0.87009,0.39166,2.82507,1,0
luke1:item34:mcq,uw-174339-mcq,addition:neutral,addition,neutral,1.7b,1.1343,mcq,1,6,6,0.3,0.0,0.03862,0.87009,0.39166,2.82507,1,0
luke1:item36:mcq,uw-174340-mcq,addition:neutral,addition,neutral,1.7b,1.1343,mcq,1,6,6,0.3,0.0,0.03862,0.87009,0.39166,2.82507,1,0
luke1:item38:mcq,uw-174341-mcq,addition:neutral,addition,neutral,1.7b,1.1343,mcq,1,6,6,0.3,0.0,0.03862,0.87009,0.39166,2.82507,1,0
luke1:item3:open,uw-174317-open,addition:neutral,addition,neutral,1.7b,1.1343,open,1,6,6,0.3,0.0,0.03862,0.87009,0.39166,2.82507,1,0
luke1:item41:open,uw-174343-open,addition:neutral,addition,neutral,1.7b,1.1343,open,1,6,6,0.3,0.0,0.03862,0.87009,0.39166,2.82507,1,0
luke1:item42:mcq,uw-174343-mcq,addition:neutral,addition,neutral,1.7b,1.1343,mcq,1,6,6,0.3,0.0,0.03862,0.87009,0.39166,2.82507,1,0
luke1:item43:open,uw-174344-open,addition:neutral,addition,neutral,1.7b,1.1343,open,1,6,6,0.3,0.0,0.03862,0.87009,0.39166,2.82507,1,0
luke1:item44:mcq,uw-174344-mcq,addition:neutral,addition,neutral,1.7b,1.1343,mcq,1,6,6,0.3,0.0,0.03862,0.87009,0.39166,2.82507,1,0
luke1:item4:mcq,uw-174317-mcq,addition:neutral,addition,neutral,1.7b,1.1343,mcq,1,6,6,0.3,0.0,0.03862,0.87009,0.39166,2.82507,1,0
luke1:item5:open,uw-174318-open,addition:neutral,addition,neutral,1.7b,1.1343,open,1,6,6,0.3,0.0,0.03862,0.87009,0.39166,2.82507,1,0
luke1:item6:mcq,uw-174318-mcq,addition:neutral,addition,neutral,1.7b,1.1343,mcq,1,6,6,0.3,0.0,0.03862,0.87009,0.39166,2.82507,1,0
luke1:item7:open,uw-174322-open,addition:neutral,addition,neutral,1.7b,1.1343,open,1,6,6,0.3,0.0,0.03862,0.87009,0.39166,2.82507,1,0
luke1:item8:mcq,uw-174322-mcq,addition:neutral,addition,neutral,1.7b,1.1343,mcq,1,6,6,0.3,0.0,0.03862,0.87009,0.39166,2.82507,1,0
luke1:item9:open,uw-174323-open,addition:neutral,addition,neutral,1.7b,1.1343,open,1,6,6,0.3,0.0,0.03862,0.87009,0.39166,2.82507,1,0
luke2:item10:mcq,uw-174351-mcq,addition:neutral,addition,neutral,1.7b,1.1343,mcq,2,6,6,0.3,0.0,0.03862,0.87009,0.39166,2.82507,1,0
luke2:item12:mcq,uw-174352-mcq,addition:neutral,addition,neutral,1.7b,1.1343,mcq,2,6,6,0.3,0.0,0.03862,0.87009,0.39166,2.82507,1,0
luke2:item14:mcq,uw-174354-mcq,addition:neutral,addition,neutral,1.7b,1.1343,mcq,2,6,6,0.3,0.0,0.03862,0.87009,0.39166,2.82507,1,0
luke2:item15:open,uw-174355-open,addition:neutral,addition,neutral,1.7b,1.1343,open,2,6,6,0.3,0.0,0.03862,0.87009,0.39166,2.82507,1,0
luke2:item16:mcq,uw-174355-mcq,addition:neutral,addition,neutral,1.7b,1.1343,mcq,2,6,6,0.3,0.0,0.03862,0.87009,0.39166,2.82507,1,0
luke2:item18:mcq,uw-174357-mcq,addition:neutral,addition,neutral,1.7b,1.1343,mcq,2,6,6,0.3,0.0,0.03862,0.87009,0.39166,2.82507,1,0
luke2:item20:mcq,uw-174359-mcq,addition:neutral,addition,neutral,1.7b,1.1343,mcq,2,6,6,0.3,0.0,0.03862,0.87009,0.39166,2.82507,1,0
luke2:item24:mcq,uw-174362-mcq,addition:neutral,addition,neutral,1.7b,1.1343,mcq,2,6,6,0.3,0.0,0.03862,0.87009,0.39166,2.82507,1,0
luke2:item2:mcq,uw-174346-mcq,addition:neutral,addition,neutral,1.7b,1.1343,mcq,2,6,6,0.3,0.0,0.03862,0.87009,0.39166,2.82507,1,0
luke2:item4:mcq,uw-174347-mcq,addition:neutral,addition,neutral,1.7b,1.1343,mcq,2,6,6,0.3,0.0,0.03862,0.87009,0.39166,2.82507,1,0
luke2:item6:mcq,uw-174349-mcq,addition:neutral,addition,neutral,1.7b,1.1343,mcq,2,6,6,0.3,0.0,0.03862,0.87009,0.39166,2.82507,1,0
luke2:item8:mcq,uw-174350-mcq,addition:neutral,addition,neutral,1.7b,1.1343,mcq,2,6,6,0.3,0.0,0.03862,0.87009,0.39166,2.82507,1,0
luke2:item9:open,uw-174351-open,addition:neutral,addition,neutral,1.7b,1.1343,open,2,6,6,0.3,0.0,0.03862,0.87009,0.39166,2.82507,1,0
luke3:item10:mcq,uw-174370-mcq,addition:neutral,addition,neutral,1.7b,1.1343,mcq,3,6,6,0.3,0.0,0.03862,0.87009,0.39166,2.82507,1,0
luke3:item11:open,uw-174374-open,addition:neutral,addition,neutral,1.7b,1.1343,open,3,6,6,0.3,0.0,0.03862,0.87009,0.39166,2.82507,1,0
luke3:item12:mcq,uw-174374-mcq,addition:neutral,addition,neutral,1.7b,1.1343,mcq,3,6,6,0.3,0.0,0.03862,0.87009,0.39166,2.82507,1,0
luke3:item13:open,uw-174375-open,addition:neutral,addition,neutral,1.7b,1.1343,open,3,6,6,0.3,0.0,0.03862,0.87009,0.39166,2.82507,1,0
luke3:item14:mcq,uw-174375-mcq,addition:neutral,addition,neutral,1.7b,1.1343,mcq,3,6,6,0.3,0.0,0.03862,0.87009,0.39166,2.82507,1,0
luke3:item1:open,uw-174365-open,addition:neutral,addition,neutral,1.7b,1.1343,open,3,6,6,0.3,0.0,0.03862,0.87009,0.39166,2.82507,1,0
luke3:item2:mcq,uw-174365-mcq,addition:neutral,addition,neutral,1.7b,1.1343,mcq,3,6,6,0.3,0.0,0.03862,0.87009,0.39166,2.82507,1,0
luke3:item3:open,uw-174366-open,addition:neutral,addition,neutral,1.7b,1.1343,open,3,6,6,0.3,0.0,0.03862,0.87009,0.39166,2.82507,1,0
luke3:item4:mcq,uw-174366-mcq,addition:neutral,addition,neutral,1.7b,1.1343,mcq,3,6,6,0.3,0.0,0.03862,0.87009,0.39166,2.82507,1,0
luke3:item6:mcq,uw-174367-mcq,addition:neutral,addition,neutral,1.7b,1.1343,mcq,3,6,6,0.3,0.0,0.03862,0.87009,0.39166,2.82507,1,0
luke3:item7:open,uw-174368-open,addition:neutral,addition,neutral,1.7b,1.1343,open,3,6,6,0.3,0.0,0.03862,0.87009,0.39166,2.82507,1,0
luke3:item8:mcq,uw-174368-mcq,addition:neutral,addition,neutral,1.7b,1.1343,mcq,3,6,6,0.3,0.0,0.03862,0.87009,0.39166,2.82507,1,0
luke3:item9:open,uw-174370-open,addition:neutral,addition,neutral,1.7b,1.1343,open,3,6,6,0.3,0.0,0.03862,0.87009,0.39166,2.82507,1,0
luke4:item10:mcq,uw-174381-mcq,addition:neutral,addition,neutral,1.7b,1.1343,mcq,4,6,6,0.3,0.0,0.03862,0.87009,0.39166,2.82507,1,0
luke4:item13:open,uw-174384-open,addition:neutral,addition,neutral,1.7b,1.1343,open,4,6,6,0.3,0.0,0.03862,0.87009,0.39166,2.82507,1,0
luke4:item14:mcq,uw-174384-mcq,addition:neutral,addition,neutral,1.7b,1.1343,mcq,4,6,6,0.3,0.0,0.03862,0.87009,0.39166,2.82507,1,0
luke4:item16:mcq,uw-174387-mcq,addition:neutral,addition,neutral,1.7b,1.1343,mcq,4,6,6,0.3,0.0,0.03862,0.87009,0.39166,2.82507,1,0
luke4:item1:open,uw-174377-open,addition:neutral,addition,neutral,1.7b,1.1343,open,4,6,6,0.3,0.0,0.03862,0.87009,0.39166,2.82507,1,0
luke4:item22:mcq,uw-174392-mcq,addition:neutral,addition,neutral,1.7b,1.1343,mcq,4,6,6,0.3,0.0,0.03862,0.87009,0.39166,2.82507,1,0
luke4:item24:mcq,uw-174393-mcq,addition:neutral,addition,neutral,1.7b,1.1343,mcq,4,6,6,0.3,0.0,0.03862,0.87009,0.39166,2.82507,1,0
luke4:item26:mcq,uw-174394-mcq,addition:neutral,addition,neutral,1.7b,1.1343,mcq,4,6,6,0.3,0.0,0.03862,0.87009,0.39166,2.82507,1,0
luke4:item28:mcq,uw-174395-mcq,addition:neutral,addition,neutral,1.7b,1.1343,mcq,4,6,6,0.3,0.0,0.03862,0.87009,0.39166,2.82507,1,0
luke4:item29:open,uw-174396-open,addition:neutral,addition,neutral,1.7b,1.1343,open,4,6,6,0.3,0.0,0.03862,0.87009,0.39166,2.82507,1,0
luke4:item30:mcq,uw-174396-mcq,addition:neutral,addition,neutral,1.7b,1.1343,mcq,4,6,6,0.3,0.0,0.03862,0.87009,0.39166,2.82507,1,0
luke4:item32:mcq,uw-174396-mcq,addition:neutral,addition,neutral,1.7b,1.1343,mcq,4,6,6,0.3,0.0,0.03862,0.87009,0.39166,2.82507,1,0
luke4:item33:open,uw-174397-open,addition:neutral,addition,neutral,1.7b,1.1343,open,4,6,6,0.3,0.0,0.03862,0.87009,0.39166,2.82507,1,0
luke4:item34:mcq,uw-174397-mcq,addition:neutral,addition,neutral,1.7b,1.1343,mcq,4,6,6,0.3,0.0,0.03862,0.87009,0.39166,2.82507,1,0
luke4:item39:open,uw-174399-open,addition:neutral,addition,neutral,1.7b,1.1343,open,4,6,6,0.3,0.0,0.03862,0.87009,0.39166,2.82507,1,0
luke4:item3:open,uw-174378-open,addition:neutral,addition,neutral,1.7b,1.1343,open,4,6,6,0.3,0.0,0.03862,0.87009,0.39166,2.82507,1,0
luke4:item40:mcq,uw-174399-mcq,addition:neutral,addition,neutral,1.7b,1.1343,mcq,4,6,6,0.3,0.0,0.03862,0.87009,0.39166,2.82507,1,0
luke4:item41:open,uw-174396-open,addition:neutral,addition,neutral,1.7b,1.1343,open,4,6,6,0.3,0.0,0.03862,0.87009,0.39166,2.82507,1,0
luke4:item42:mcq,uw-174396-mcq,addition:neutral,addition,neutral,1.7b,1.1343,mcq,4,6,6,0.3,0.0,0.03862,0.87009,0.39166,2.82507,1,0
luke4:item4:mcq,uw-174378-mcq,addition:neutral,addition,neutral,1.7b,1.1343,mcq,4,6,6,0.3,0.0,0.03862,0.87009,0.39166,2.82507,1,0
luke4:item6:mcq,uw-174379-mcq,addition:neutral,addition,neutral,1.7b,1.1343,mcq,4,6,6,0.3,0.0,0.03862,0.87009,0.39166,2.82507,1,0
luke4:item8:mcq,uw-174380-mcq,addition:neutral,addition,neutral,1.7b,1.1343,mcq,4,6,6,0.3,0.0,0.03862,0.87009,0.39166,2.82507,1,0
luke4:item9:open,uw-174381-open,addition:neutral,addition,neutral,1.7b,1.1343,open,4,6,6,0.3,0.0,0.03862,0.87009,0.39166,2.82507,1,0
luke5:item10:mcq,uw-174403-mcq,addition:neutral,addition,neutral,1.7b,1.1343,mcq,5,6,6,0.3,0.0,0.03862,0.87009,0.39166,2.82507,1,0
luke5:item12:mcq,uw-174404-mcq,addition:neutral,addition,neutral,1.7b,1.1343,mcq,5,6,6,0.3,0.0,0.03862,0.87009,0.39166,2.82507,1,0
luke5:item13:open,uw-174406-open,addition:neutral,addition,neutral,1.7b,1.1343,open,5,6,6,0.3,0.0,0.03862,0.87009,0.39166,2.82507,1,0
luke5:item14:mcq,uw-174406-mcq,addition:neutral,addition,neutral,1.7b,1.1343,mcq,5,6,6,0.3,0.0,0.03862,0.87009,0.39166,2.82507,1,0
luke5:item16:mcq,uw-174407-mcq,addition:neutral,addition,neutral,1.7b,1.1343,mcq,5,6,6,0.3,0.0,0.03862,0.87009,0.39166,2.82507,1,0
luke5:item17:open,uw-174408-open,addition:neutral,addition,neutral,1.7b,1.1343,open,5,6,6,0.3,0.0,0.03862,0.87009,0.39166,2.82507,1,0
luke5:item18:mcq,uw-174408-mcq,addition:neutral,addition,neutral,1.7b,1.1343,mcq,5,6,6,0.3,0.0,0.03862,0.87009,0.39166,2.82507,1,0
luke5:item19:open,uw-174409-open,addition:neutral,addition,neutral,1.7b,1.1343,open,5,6,6,0.3,0.0,0.03862,0.87009,0.39166,2.82507,1,0
luke5:item1:open,uw-174400-open,addition:neutral,addition,neutral,1.7b,1.1343,open,5,6,6,0.3,0.0,0.03862,0.87009,0.39166,2.82507,1,0
luke5:item20:mcq,uw-174409-mcq,addition:neutral,addition,neutral,1.7b,1.1343,mcq,5,6,6,0.3,0.0,0.03862,0.87009,0.39166,2.82507,1,0
luke5:item23:open,uw-174412-open,addition:neutral,addition,neutral,1.7b,1.1343,open,5,6,6,0.3,0.0,0.03862,0.87009,0.39166,2.82507,1,0
luke5:item24:mcq,uw-174412-mcq,addition:neutral,addition,neutral,1.7b,1.1343,mcq,5,6,6,0.3,0.0,0.03862,0.87009,0.39166,2.82507,1,0
luke5:item25:open,uw-174403-open,addition:neutral,addition,neutral,1.7b,1.1343,open,5,6,6,0.3,0.0,0.03862,0.87009,0.39166,2.82507,1,0
luke5:item26:mcq,uw-174403-mcq,addition:neutral,addition,neutral,1.7b,1.1343,mcq,5,6,6,0.3,0.0,0.03862,0.87009,0.39166,2.82507,1,0
luke5:item2:mcq,uw-174400-mcq,addition:neutral,addition,neutral,1.7b,1.1343,mcq,5,6,6,0.3,0.0,0.03862,0.87009,0.39166,2.82507,1,0
luke5:item4:mcq,uw-174401-mcq,addition:neutral,addition,neutral,1.7b,1.1343,mcq,5,6,6,0.3,0.0,0.03862,0.87009,0.39166,2.82507,1,0
luke5:item6:mcq,uw-174402-mcq,addition:neutral,addition,neutral,1.7b,1.1343,mcq,5,6,6,0.3,0.0,0.03862,0.87009,0.39166,2.82507,1,0
luke5:item7:open,uw-174403-open,addition:neutral,addition,neutral,1.7b,1.1343,open,5,6,6,0.3,0.0,0.03862,0.87009,0.39166,2.82507,1,0
luke5:item8:mcq,uw-174403-mcq,addition:neutral,addition,neutral,1.7b,1.1343,mcq,5,6,6,0.3,0.0,0.03862,0.87009,0.39166,2.82507,1,0
luke6:item10:mcq,uw-174423-mcq,addition:neutral,addition,neutral,1.7b,1.1343,mcq,6,6,6,0.3,0.0,0.03862,0.87009,0.39166,2.82507,1,0
luke6:item11:open,uw-174424-open,addition:neutral,addition,neutral,1.7b,1.1343,open,6,6,6,0.3,0.0,0.03862,0.87009,0.39166,2.82507,1,0
luke6:item12:mcq,uw-174424-mcq,addition:neutral,addition,neutral,1.7b,1.1343,mcq,6,6,6,0.3,0.0,0.03862,0.87009,0.39166,2.82507,1,0
luke6:item14:mcq,uw-174427-mcq,addition:neutral,addition,neutral,1.7b,1.1343,mcq,6,6,6,0.3,0.0,0.03862,0.87009,0.39166,2.82507,1,0
luke6:item15:open,uw-174428-open,addition:neutral,addition,neutral,1.7b,1.1343,open,6,6,6,0.3,0.0,0.03862,0.87009,0.39166,2.82507,1,0
luke6:item16:mcq,uw-174428-mcq,addition:neutral,addition,neutral,1.7b,1.1343,mcq,6,6,6,0.3,0.0,0.03862,0.87009,0.39166,2.82507,1,0
luke6:item1:open,uw-174414-open,addition:neutral,addition,neutral,1.7b,1.1343,open,6,6,6,0.3,0.0,0.03862,0.87009,0.39166,2.82507,1,0
luke6:item2:mcq,uw-174414-mcq,addition:neutral,addition,neutral,1.7b,1.1343,mcq,6,6,6,0.3,0.0,0.03862,0.87009,0.39166,2.82507,1,0
luke6:item3:open,uw-174415-open,addition:neutral,addition,neutral,1.7b,1.1343,open,6,6,6,0.3,0.0,0.03862,0.87009,0.39166,2.82507,1,0
luke6:item4:mcq,uw-174415-mcq,addition:neutral,addition,neutral,1.7b,1.1343,mcq,6,6,6,0.3,0.0,0.03862,0.87009,0.39166,2.82507,1,0
luke6:item6:mcq,uw-174421-mcq,addition:neutral,addition,neutral,1.7b,1.1343,mcq,6,6,6,0.3,0.0,0.03862,0.87009,0.39166,2.82507,1,0
luke6:item7:open,uw-174422-open,addition:neutral,addition,neutral,1.7b,1.1343,open,6,6,6,0.3,0.0,0.03862,0.87009,0.39166,2.82507,1,0
luke6:item8:mcq,uw-174422-mcq,addition:neutral,addition,neutral,1.7b,1.1343,mcq,6,6,6,0.3,0.0,0.03862,0.87009,0.39166,2.82507,1,0
luke7:item10:mcq,uw-174434-mcq,addition:neutral,addition,neutral,1.7b,1.1343,mcq,7,6,6,0.3,0.0,0.03862,0.87009,0.39166,2.82507,1,0
luke7:item11:open,uw-174436-open,addition:neutral,addition,neutral,1.7b,1.1343,open,7,6,6,0.3,0.0,0.03862,0.87009,0.39166,2.82507,1,0
luke7:item14:mcq,uw-174440-mcq,addition:neutral,addition,neutral,1.7b,1.1343,mcq,7,6,6,0.3,0.0,0.03862,0.87009,0.39166,2.82507,1,0
luke7:item16:mcq,uw-174441-mcq,addition:neutral,addition,neutral,1.7b,1.1343,mcq,7,6,6,0.3,0.0,0.03862,0.87009,0.39166,2.82507,1,0
luke7:item17:open,uw-174442-open,addition:neutral,addition,neutral,1.7b,1.1343,open,7,6,6,0.3,0.0,0.03862,0.87009,0.39166,2.82507,1,0
luke7:item2:mcq,uw-174429-mcq,addition:neutral,addition,neutral,1.7b,1.1343,mcq,7,6,6,0.3,0.0,0.03862,0.87009,0.39166,2.82507,1,0
luke7:item4:mcq,uw-174430-mcq,addition:neutral,addition,neutral,1.7b,1.1343,mcq,7,6,6,0.3,0.0,0.03862,0.87009,0.39166,2.82507,1,0
luke7:item6:mcq,uw-174431-mcq,addition:neutral,addition,neutral,1.7b,1.1343,mcq,7,6,6,0.3,0.0,0.03862,0.87009,0.39166,2.82507,1,0
luke7:item7:open,uw-174432-open,addition:neutral,addition,neutral,1.7b,1.1343,open,7,6,6,0.3,0.0,0.03862,0.87009,0.39166,2.82507,1,0
luke8:item10:mcq,uw-174448-mcq,addition:neutral,addition,neutral,1.7b,1.1343,mcq,8,6,6,0.3,0.0,0.03862,0.87009,0.39166,2.82507,1,0
luke8:item12:mcq,uw-174449-mcq,addition:neutral,addition,neutral,1.7b,1.1343,mcq,8,6,6,0.3,0.0,0.03862,0.87009,0.39166,2.82507,1,0
luke8:item14:mcq,uw-174452-mcq,addition:neutral,addition,neutral,1.7b,1.1343,mcq,8,6,6,0.3,0.0,0.03862,0.87009,0.39166,2.82507,1,0
luke8:item16:mcq,uw-174454-mcq,addition:neutral,addition,neutral,1.7b,1.1343,mcq,8,6,6,0.3,0.0,0.03862,0.87009,0.39166,2.82507,1,0
luke8:item18:mcq,uw-174455-mcq,addition:neutral,addition,neutral,1.7b,1.1343,mcq,8,6,6,0.3,0.0,0.03862,0.87009,0.39166,2.82507,1,0
luke8:item1:open,uw-174444-open,addition:neutral,addition,neutral,1.7b,1.1343,open,8,6,6,0.3,0.0,0.03862,0.87009,0.39166,2.82507,1,0
luke8:item2:mcq,uw-174444-mcq,addition:neutral,addition,neutral,1.7b,1.1343,mcq,8,6,6,0.3,0.0,0.03862,0.87009,0.39166,2.82507,1,0
luke8:item3:open,uw-174445-open,addition:neutral,addition,neutral,1.7b,1.1343,open,8,6,6,0.3,0.0,0.03862,0.87009,0.39166,2.82507,1,0
luke8:item4:mcq,uw-174445-mcq,addition:neutral,addition,neutral,1.7b,1.1343,mcq,8,6,6,0.3,0.0,0.03862,0.87009,0.39166,2.82507,1,0
luke8:item6:mcq,uw-174446-mcq,addition:neutral,addition,neutral,1.7b,1.1343,mcq,8,6,6,0.3,0.0,0.03862,0.87009,0.39166,2.82507,1,0
luke8:item8:mcq,uw-174447-mcq,addition:neutral,addition,neutral,1.7b,1.1343,mcq,8,6,6,0.3,0.0,0.03862,0.87009,0.39166,2.82507,1,0
luke1:item27:open,uw-174333-open,addition:neutral,addition,neutral,1.7b,1.1343,open,1,6,6,0.3,0.0,0.02977,0.76507,0.30191,-1.83208,1,0
luke1:item28:mcq,uw-174333-mcq,addition:neutral,addition,neutral,1.7b,1.1343,mcq,1,6,6,0.3,0.0,0.02977,0.76507,0.30191,-1.83208,1,0
luke1:item31:open,uw-174336-open,addition:neutral,addition,neutral,1.7b,1.1343,open,1,6,6,0.3,0.0,0.02977,0.76507,0.30191,-1.83208,1,0
luke2:item17:open,uw-174357-open,addition:neutral,addition,neutral,1.7b,1.1343,open,2,6,6,0.3,0.0,0.02977,0.76507,0.30191,-1.83208,1,0
luke2:item22:mcq,uw-174361-mcq,addition:neutral,addition,neutral,1.7b,1.1343,mcq,2,6,6,0.3,0.0,0.02977,0.76507,0.30191,-1.83208,1,0
luke2:item3:open,uw-174347-open,addition:neutral,addition,neutral,1.7b,1.1343,open,2,6,6,0.3,0.0,0.02977,0.76507,0.30191,-1.83208,1,0
luke3:item5:open,uw-174367-open,addition:neutral,addition,neutral,1.7b,1.1343,open,3,6,6,0.3,0.0,0.02977,0.76507,0.30191,-1.83208,1,0
luke4:item12:mcq,uw-174382-mcq,addition:neutral,addition,neutral,1.7b,1.1343,mcq,4,6,6,0.3,0.0,0.02977,0.76507,0.30191,-1.83208,1,0
luke4:item18:mcq,uw-174388-mcq,addition:neutral,addition,neutral,1.7b,1.1343,mcq,4,6,6,0.3,0.0,0.02977,0.76507,0.30191,-1.83208,1,0
luke4:item20:mcq,uw-174389-mcq,addition:neutral,addition,neutral,1.7b,1.1343,mcq,4,6,6,0.3,0.0,0.02977,0.76507,0.30191,-1.83208,1,0
luke4:item2:mcq,uw-174377-mcq,addition:neutral,addition,neutral,1.7b,1.1343,mcq,4,6,6,0.3,0.0,0.02977,0.76507,0.30191,-1.83208,1,0
luke4:item44:mcq,uw-174398-mcq,addition:neutral,addition,neutral,1.7b,1.1343,mcq,4,6,6,0.3,0.0,0.02977,0.76507,0.30191,-1.83208,1,0
luke5:item21:open,uw-174410-open,addition:neutral,addition,neutral,1.7b,1.1343,open,5,6,6,0.3,0.0,0.02977,0.76507,0.30191,-1.83208,1,0
luke5:item3:open,uw-174401-open,addition:neutral,addition,neutral,1.7b,1.1343,open,5,6,6,0.3,0.0,0.02977,0.76507,0.30191,-1.83208,1,0
luke6:item5:open,uw-174421-open,addition:neutral,addition,neutral,1.7b,1.1343,open,6,6,6,0.3,0.0,0.02977,0.76507,0.30191,-1.83208,1,0
luke7:item3:open,uw-174430-open,addition:neutral,addition,neutral,1.7b,1.1343,open,7,6,6,0.3,0.0,0.02977,0.76507,0.30191,-1.83208,1,0
luke8:item13:open,uw-174452-open,addition:neutral,addition,neutral,1.7b,1.1343,open,8,6,6,0.3,0.0,0.02977,0.76507,0.30191,-1.83208,1,0
luke8:item17:open,uw-174455-open,addition:neutral,addition,neutral,1.7b,1.1343,open,8,6,6,0.3,0.0,0.02977,0.76507,0.30191,-1.83208,1,0
luke4:item15:open,uw-174387-open,addition:adversarial,addition,adversarial,1.7b,1.1343,open,4,6,6,0.3,0.13889,0.02702,0.68204,0.27405,-1.0448,1,1
luke4:item36:mcq,uw-174398-mcq,addition:adversarial,addition,adversarial,1.7b,1.1343,mcq,4,6,6,0.3,0.13889,0.02702,0.68204,0.27405,-1.0448,1,1
luke4:item38:mcq,uw-174398-mcq,addition:adversarial,addition,adversarial,1.7b,1.1343,mcq,4,6,6,0.3,0.13889,0.02702,0.68204,0.27405,-1.0448,1,1
luke7:item15:open,uw-174441-open,addition:adversarial,addition,adversarial,1.7b,1.1343,open,7,6,6,0.3,0.13889,0.02702,0.68204,0.27405,-1.0448,1,1
luke7:item10:mcq,uw-174434-mcq,addition:adversarial,addition,adversarial,1.7b,1.1343,mcq,7,6,6,0.3,0.22222,0.02531,0.65945,0.25672,0.77444,1,1
luke8:item5:open,uw-174446-open,addition:adversarial,addition,adversarial,1.7b,1.1343,open,8,6,6,0.3,0.22222,0.02531,0.65945,0.25672,0.77444,1,1
luke3:item3:open,uw-174366-open,addition:bad,addition,bad,1.7b,1.1343,open,3,6,6,0.3,0.22222,-0.03732,0.66335,-0.37847,0.80815,1,1
luke2:item5:open,uw-174349-open,addition:adversarial,addition,adversarial,1.7b,1.1343,open,2,6,6,0.3,0.22222,-0.0454,0.63976,-0.46044,-0.40462,1,1
luke5:item3:open,uw-174401-open,addition:adversarial,addition,adversarial,1.7b,1.1343,open,5,6,6,0.3,0.22222,-0.0454,0.63976,-0.46044,-0.40462,1,1
luke8:item15:open,uw-174454-open,addition:adversarial,addition,adversarial,1.7b,1.1343,open,8,6,6,0.3,0.22222,-0.0454,0.63976,-0.46044,-0.40462,1,1
luke1:item35:open,uw-174340-open,addition:neutral,addition,neutral,1.7b,1.1343,open,1,6,6,0.3,0.22222,-0.05205,0.66469,-0.52788,0.82027,1,1
luke2:item1:open,uw-174346-open,addition:neutral,addition,neutral,1.7b,1.1343,open,2,6,6,0.3,0.22222,-0.05205,0.66469,-0.52788,0.82027,1,1
luke8:item5:open,uw-174446-open,addition:neutral,addition,neutral,1.7b,1.1343,open,8,6,6,0.3,0.22222,-0.05205,0.66469,-0.52788,0.82027,1,1
luke4:item19:open,uw-174389-open,addition:adversarial,addition,adversarial,1.7b,1.1343,open,4,6,6,0.3,0.13889,-0.059,0.73077,-0.59842,1.51833,1,1
luke7:item1:open,uw-174429-open,addition:adversarial,addition,adversarial,1.7b,1.1343,open,7,6,6,0.3,0.13889,-0.059,0.73077,-0.59842,1.51833,1,1
luke5:item3:open,uw-174401-open,addition:bad,addition,bad,1.7b,1.1343,open,5,6,6,0.3,0.22222,-0.10363,0.63884,-1.05098,-0.3748,1,1
luke7:item3:open,uw-174430-open,addition:adversarial,addition,adversarial,1.7b,1.1343,open,7,6,6,0.3,0.25,-0.11271,0.6357,-1.14309,0.17249,1,1
luke2:item13:open,uw-174354-open,addition:neutral,addition,neutral,1.7b,1.1343,open,2,6,6,0.3,0.22222,-0.11703,0.63863,-1.18691,-0.36431,1,1
luke1:item19:open,uw-174329-open,addition:neutral,addition,neutral,1.7b,1.1343,open,1,6,6,0.3,0.25,-0.18468,0.63909,-1.87303,0.21388,1,1
luke4:item44:mcq,uw-174398-mcq,addition:adversarial,addition,adversarial,1.7b,1.1343,mcq,4,6,6,0.3,0.13889,-0.20717,0.67866,-2.10106,-1.05301,1,1
luke1:item15:open,uw-174326-open,addition:bad,addition,bad,1.7b,1.1343,open,1,6,6,0.3,0.22222,-0.26376,0.67459,-2.67504,0.81923,1,1
luke4:item36:mcq,uw-174398-mcq,addition:bad,addition,bad,1.7b,1.1343,mcq,4,6,6,0.3,0.13889,-0.27071,0.67647,-2.74551,-1.02195,1,1
luke4:item38:mcq,uw-174398-mcq,addition:bad,addition,bad,1.7b,1.1343,mcq,4,6,6,0.3,0.13889,-0.27071,0.67647,-2.74551,-1.02195,1,1
luke4:item44:mcq,uw-174398-mcq,addition:bad,addition,bad,1.7b,1.1343,mcq,4,6,6,0.3,0.13889,-0.27071,0.67647,-2.74551,-1.02195,1,1
luke6:item9:open,uw-174423-open,addition:bad,addition,bad,1.7b,1.1343,open,6,6,6,0.3,0.13889,-0.27071,0.67647,-2.74551,-1.02195,1,1
luke1:item19:open,uw-174329-open,addition:bad,addition,bad,1.7b,1.1343,open,1,6,6,0.3,0.22222,-0.312,0.64458,-3.16425,-0.38092,1,1
luke7:item15:open,uw-174441-open,addition:bad,addition,bad,1.7b,1.1343,open,7,6,6,0.3,0.22222,-0.312,0.64458,-3.16425,-0.38092,1,1
luke7:item18:mcq,uw-174442-mcq,addition:neutral,addition,neutral,1.7b,1.1343,mcq,7,6,6,0.3,0.22222,-0.32546,0.64497,-3.3008,-0.37057,1,1
luke7:item5:open,uw-174431-open,addition:neutral,addition,neutral,1.7b,1.1343,open,7,6,6,0.3,0.22222,-0.32546,0.64497,-3.3008,-0.37057,1,1
luke6:item1:open,uw-174414-open,addition:adversarial,addition,adversarial,1.7b,1.1343,open,6,6,6,0.3,0.13889,-0.33541,0.74719,-3.40169,1.54501,1,1
luke6:item6:mcq,uw-174421-mcq,addition:adversarial,addition,adversarial,1.7b,1.1343,mcq,6,6,6,0.3,0.13889,-0.33541,0.74719,-3.40169,1.54501,1,1
luke8:item9:open,uw-174448-open,addition:adversarial,addition,adversarial,1.7b,1.1343,open,8,6,6,0.3,0.13889,-0.33541,0.74719,-3.40169,1.54501,1,1
luke1:item39:open,uw-174342-open,addition:bad,addition,bad,1.7b,1.1343,open,1,6,6,0.3,0.25,-0.38112,0.65038,-3.86522,0.20911,1,1
luke4:item19:open,uw-174389-open,addition:bad,addition,bad,1.7b,1.1343,open,4,6,6,0.3,0.13889,-0.42185,0.75854,-4.27831,1.60723,1,1
luke4:item25:open,uw-174394-open,addition:bad,addition,bad,1.7b,1.1343,open,4,6,6,0.3,0.13889,-0.42185,0.75854,-4.27831,1.60723,1,1
luke7:item17:open,uw-174442-open,addition:bad,addition,bad,1.7b,1.1343,open,7,6,6,0.3,0.13889,-0.42185,0.75854,-4.27831,1.60723,1,1
luke2:item7:open,uw-174350-open,addition:neutral,addition,neutral,1.7b,1.1343,open,2,6,6,0.3,0.13889,-0.44318,0.76191,-4.49471,1.6283,1,1
luke4:item11:open,uw-174382-open,addition:neutral,addition,neutral,1.7b,1.1343,open,4,6,6,0.3,0.13889,-0.44318,0.76191,-4.49471,1.6283,1,1
luke4:item25:open,uw-174394-open,addition:neutral,addition,neutral,1.7b,1.1343,open,4,6,6,0.3,0.13889,-0.44318,0.76191,-4.49471,1.6283,1,1
luke7:item13:open,uw-174440-open,addition:neutral,addition,neutral,1.7b,1.1343,open,7,6,6,0.3,0.13889,-0.44318,0.76191,-4.49471,1.6283,1,1
luke8:item9:open,uw-174448-open,addition:neutral,addition,neutral,1.7b,1.1343,open,8,6,6,0.3,0.13889,-0.44318,0.76191,-4.49471,1.6283,1,1
luke2:item21:open,uw-174361-open,addition:neutral,addition,neutral,1.7b,1.1343,open,2,6,6,0.3,0.22222,-0.51836,0.69696,-5.2571,0.86376,1,1
luke2:item23:open,uw-174362-open,addition:neutral,addition,neutral,1.7b,1.1343,open,2,6,6,0.3,0.22222,-0.51836,0.69696,-5.2571,0.86376,1,1
luke4:item15:open,uw-174387-open,addition:neutral,addition,neutral,1.7b,1.1343,open,4,6,6,0.3,0.22222,-0.51836,0.69696,-5.2571,0.86376,1,1
luke7:item5:open,uw-174431-open,addition:bad,addition,bad,1.7b,1.1343,open,7,6,6,0.3,0.22222,-0.52683,0.65857,-5.34307,-0.39216,1,1
luke1:item39:open,uw-174342-open,addition:adversarial,addition,adversarial,1.7b,1.1343,open,1,6,6,0.3,0.25,-0.53686,0.66305,-5.4448,0.18562,1,1
luke7:item15:open,uw-174441-open,addition:neutral,addition,neutral,1.7b,1.1343,open,7,6,6,0.3,0.22222,-0.54075,0.65956,-5.48423,-0.3817,1,1
luke1:item39:open,uw-174342-open,addition:neutral,addition,neutral,1.7b,1.1343,open,1,6,6,0.3,0.25,-0.61746,0.6727,-6.26219,0.23368,1,1
luke4:item27:open,uw-174395-open,addition:adversarial,addition,adversarial,1.7b,1.1343,open,4,6,6,0.3,0.13889,-0.62711,0.77048,-6.36007,1.61048,1,1
luke1:item15:open,uw-174326-open,addition:adversarial,addition,adversarial,1.7b,1.1343,open,1,6,6,0.3,0.22222,-0.67557,0.7101,-6.85156,0.84513,1,1
luke1:item31:open,uw-174336-open,addition:adversarial,addition,adversarial,1.7b,1.1343,open,1,6,6,0.3,0.13889,-0.68441,0.69912,-6.94118,-1.13,1,1
luke4:item2:mcq,uw-174377-mcq,addition:adversarial,addition,adversarial,1.7b,1.1343,mcq,4,6,6,0.3,0.13889,-0.68441,0.69912,-6.94118,-1.13,1,1
luke4:item27:open,uw-174395-open,addition:bad,addition,bad,1.7b,1.1343,open,4,6,6,0.3,0.13889,-0.72287,0.78291,-7.33121,1.68676,1,1
luke4:item27:open,uw-174395-open,addition:neutral,addition,neutral,1.7b,1.1343,open,4,6,6,0.3,0.13889,-0.74692,0.78641,-7.5752,1.71155,1,1
luke1:item31:open,uw-174336-open,addition:bad,addition,bad,1.7b,1.1343,open,1,6,6,0.3,0.13889,-0.74862,0.70214,-7.59244,-1.10589,1,1
luke2:item17:open,uw-174357-open,addition:bad,addition,bad,1.7b,1.1343,open,2,6,6,0.3,0.13889,-0.74862,0.70214,-7.59244,-1.10589,1,1
luke3:item5:open,uw-174367-open,addition:bad,addition,bad,1.7b,1.1343,open,3,6,6,0.3,0.13889,-0.74862,0.70214,-7.59244,-1.10589,1,1
luke4:item20:mcq,uw-174389-mcq,addition:bad,addition,bad,1.7b,1.1343,mcq,4,6,6,0.3,0.13889,-0.74862,0.70214,-7.59244,-1.10589,1,1
luke1:item18:mcq,uw-174328-mcq,addition:neutral,addition,neutral,1.7b,1.1343,mcq,1,6,6,0.3,0.13889,-0.76282,0.70265,-7.73637,-1.09547,1,1
luke7:item5:open,uw-174431-open,addition:adversarial,addition,adversarial,1.7b,1.1343,open,7,6,6,0.3,0.22222,-0.94232,0.74115,-9.55691,0.90822,1,1
luke1:item37:open,uw-174341-open,addition:neutral,addition,neutral,1.7b,1.1343,open,1,6,6,0.3,0.22222,-1.01537,0.71375,-10.29775,-0.41509,1,1
luke1:item19:open,uw-174329-open,addition:adversarial,addition,adversarial,1.7b,1.1343,open,1,6,6,0.3,0.25,-1.02019,0.7221,-10.34662,0.22573,1,1
luke5:item11:open,uw-174404-open,addition:adversarial,addition,adversarial,1.7b,1.1343,open,5,6,6,0.3,0.25,-1.02019,0.7221,-10.34662,0.22573,1,1
luke6:item9:open,uw-174423-open,addition:adversarial,addition,adversarial,1.7b,1.1343,open,6,6,6,0.3,0.25,-1.02019,0.7221,-10.34662,0.22573,1,1
luke7:item18:mcq,uw-174442-mcq,addition:bad,addition,bad,1.7b,1.1343,mcq,7,6,6,0.3,0.22222,-1.03032,0.75368,-10.44936,0.97081,1,1
luke7:item8:mcq,uw-174432-mcq,addition:bad,addition,bad,1.7b,1.1343,mcq,7,6,6,0.3,0.22222,-1.03032,0.75368,-10.44936,0.97081,1,1
luke7:item8:mcq,uw-174432-mcq,addition:neutral,addition,neutral,1.7b,1.1343,mcq,7,6,6,0.3,0.22222,-1.05229,0.75698,-10.67218,0.99089,1,1
luke5:item11:open,uw-174404-open,addition:bad,addition,bad,1.7b,1.1343,open,5,6,6,0.3,0.25,-1.09924,0.73393,-11.14838,0.27076,1,1
luke4:item37:open,uw-174398-open,addition:neutral,addition,neutral,1.7b,1.1343,open,4,6,6,0.3,0.25,-1.11844,0.73691,-11.34302,0.28598,1,1
luke5:item11:open,uw-174404-open,addition:neutral,addition,neutral,1.7b,1.1343,open,5,6,6,0.3,0.25,-1.11844,0.73691,-11.34302,0.28598,1,1
luke6:item9:open,uw-174423-open,addition:neutral,addition,neutral,1.7b,1.1343,open,6,6,6,0.3,0.25,-1.11844,0.73691,-11.34302,0.28598,1,1
luke2:item14:mcq,uw-174354-mcq,addition:adversarial,addition,adversarial,llama 1b,-0.3442,mcq,2,6,6,0.3,0.25,1.16707,0.73772,11.83622,0.0224,1,1
luke4:item6:mcq,uw-174379-mcq,addition:adversarial,addition,adversarial,llama 1b,-0.3442,mcq,4,6,6,0.3,0.25,1.16707,0.73772,11.83622,0.0224,1,1
luke6:item8:mcq,uw-174422-mcq,addition:adversarial,addition,adversarial,llama 1b,-0.3442,mcq,6,6,6,0.3,0.25,1.16707,0.73772,11.83622,0.0224,1,1
luke3:item4:mcq,uw-174366-mcq,addition:neutral,addition,neutral,llama 1b,-0.3442,mcq,3,6,6,0.3,0.25,1.14262,0.73391,11.58824,0.04695,1,1
luke4:item15:open,uw-174387-open,addition:neutral,addition,neutral,llama 1b,-0.3442,open,4,6,6,0.3,0.25,1.14262,0.73391,11.58824,0.04695,1,1
luke8:item3:open,uw-174445-open,addition:neutral,addition,neutral,llama 1b,-0.3442,open,8,6,6,0.3,0.25,1.14262,0.73391,11.58824,0.04695,1,1
luke8:item8:mcq,uw-174447-mcq,addition:neutral,addition,neutral,llama 1b,-0.3442,mcq,8,6,6,0.3,0.25,1.14262,0.73391,11.58824,0.04695,1,1
luke4:item6:mcq,uw-174379-mcq,addition:bad,addition,bad,llama 1b,-0.3442,mcq,4,6,6,0.3,0.25,1.11464,0.73,11.30452,0.04158,1,1
luke1:item23:open,uw-174331-open,addition:adversarial,addition,adversarial,llama 1b,-0.3442,open,1,6,6,0.3,0.22222,1.11082,0.72907,11.26575,0.74895,1,1
luke1:item35:open,uw-174340-open,addition:adversarial,addition,adversarial,llama 1b,-0.3442,open,1,6,6,0.3,0.22222,1.11082,0.72907,11.26575,0.74895,1,1
luke4:item40:mcq,uw-174399-mcq,addition:adversarial,addition,adversarial,llama 1b,-0.3442,mcq,4,6,6,0.3,0.22222,1.11082,0.72907,11.26575,0.74895,1,1
luke4:item4:mcq,uw-174378-mcq,addition:adversarial,addition,adversarial,llama 1b,-0.3442,mcq,4,6,6,0.3,0.22222,1.11082,0.72907,11.26575,0.74895,1,1
luke4:item5:open,uw-174379-open,addition:adversarial,addition,adversarial,llama 1b,-0.3442,open,4,6,6,0.3,0.22222,1.11082,0.72907,11.26575,0.74895,1,1
luke7:item12:mcq,uw-174436-mcq,addition:adversarial,addition,adversarial,llama 1b,-0.3442,mcq,7,6,6,0.3,0.22222,1.11082,0.72907,11.26575,0.74895,1,1
luke1:item40:mcq,uw-174342-mcq,addition:neutral,addition,neutral,llama 1b,-0.3442,mcq,1,6,6,0.3,0.22222,1.09071,0.72675,11.06184,0.77042,1,1
luke4:item23:open,uw-174393-open,addition:neutral,addition,neutral,llama 1b,-0.3442,open,4,6,6,0.3,0.22222,1.09071,0.72675,11.06184,0.77042,1,1
luke4:item8:mcq,uw-174380-mcq,addition:neutral,addition,neutral,llama 1b,-0.3442,mcq,4,6,6,0.3,0.22222,1.09071,0.72675,11.06184,0.77042,1,1
luke3:item4:mcq,uw-174366-mcq,addition:bad,addition,bad,llama 1b,-0.3442,mcq,3,6,6,0.3,0.22222,1.06225,0.72294,10.7732,0.75851,1,1
luke5:item13:open,uw-174406-open,addition:bad,addition,bad,llama 1b,-0.3442,open,5,6,6,0.3,0.22222,1.06225,0.72294,10.7732,0.75851,1,1
luke4:item7:open,uw-174380-open,addition:adversarial,addition,adversarial,llama 1b,-0.3442,open,4,6,6,0.3,0.22222,1.05921,0.74231,10.7424,-0.67005,1,1
luke4:item8:mcq,uw-174380-mcq,addition:adversarial,addition,adversarial,llama 1b,-0.3442,mcq,4,6,6,0.3,0.22222,1.05921,0.74231,10.7424,-0.67005,1,1
luke7:item7:open,uw-174432-open,addition:adversarial,addition,adversarial,llama 1b,-0.3442,open,7,6,6,0.3,0.22222,1.05921,0.74231,10.7424,-0.67005,1,1
luke4:item13:open,uw-174384-open,addition:adversarial,addition,adversarial,llama 1b,-0.3442,open,4,6,6,0.3,0.16667,1.03266,0.71866,10.47307,0.02797,1,1
luke4:item6:mcq,uw-174379-mcq,addition:neutral,addition,neutral,llama 1b,-0.3442,mcq,4,6,6,0.3,0.22222,1.0312,0.73772,10.45823,-0.64033,1,1
luke4:item7:open,uw-174380-open,addition:neutral,addition,neutral,llama 1b,-0.3442,open,4,6,6,0.3,0.22222,1.0312,0.73772,10.45823,-0.64033,1,1
luke7:item2:mcq,uw-174429-mcq,addition:neutral,addition,neutral,llama 1b,-0.3442,mcq,7,6,6,0.3,0.22222,1.0312,0.73772,10.45823,-0.64033,1,1
luke1:item43:open,uw-174344-open,addition:bad,addition,bad,llama 1b,-0.3442,open,1,6,6,0.3,0.22222,1.00378,0.73448,10.18021,-0.64079,1,1
luke4:item7:open,uw-174380-open,addition:bad,addition,bad,llama 1b,-0.3442,open,4,6,6,0.3,0.22222,1.00378,0.73448,10.18021,-0.64079,1,1
luke7:item7:open,uw-174432-open,addition:bad,addition,bad,llama 1b,-0.3442,open,7,6,6,0.3,0.22222,1.00378,0.73448,10.18021,-0.64079,1,1
luke8:item3:open,uw-174445-open,addition:adversarial,addition,adversarial,llama 1b,-0.3442,open,8,6,6,0.3,0.14583,0.99211,0.72346,10.06187,1.10921,1,1
luke2:item5:open,uw-174349-open,addition:neutral,addition,neutral,llama 1b,-0.3442,open,2,6,6,0.3,0.20139,0.97193,0.70786,9.85721,0.39412,1,1
luke2:item20:mcq,uw-174359-mcq,addition:adversarial,addition,adversarial,llama 1b,-0.3442,mcq,2,6,6,0.3,0.13889,0.89603,0.73371,9.08738,1.49545,1,1
luke2:item4:mcq,uw-174347-mcq,addition:adversarial,addition,adversarial,llama 1b,-0.3442,mcq,2,6,6,0.3,0.13889,0.89603,0.73371,9.08738,1.49545,1,1
luke4:item3:open,uw-174378-open,addition:adversarial,addition,adversarial,llama 1b,-0.3442,open,4,6,6,0.3,0.13889,0.89603,0.73371,9.08738,1.49545,1,1
luke6:item16:mcq,uw-174428-mcq,addition:adversarial,addition,adversarial,llama 1b,-0.3442,mcq,6,6,6,0.3,0.13889,0.89603,0.73371,9.08738,1.49545,1,1
luke6:item2:mcq,uw-174414-mcq,addition:adversarial,addition,adversarial,llama 1b,-0.3442,mcq,6,6,6,0.3,0.13889,0.89603,0.73371,9.08738,1.49545,1,1
luke7:item14:mcq,uw-174440-mcq,addition:neutral,addition,neutral,llama 1b,-0.3442,mcq,7,6,6,0.3,0.25,0.88304,0.69796,8.9557,0.05479,1,1
luke2:item20:mcq,uw-174359-mcq,addition:neutral,addition,neutral,llama 1b,-0.3442,mcq,2,6,6,0.3,0.13889,0.87865,0.7341,8.91112,1.51855,1,1
luke6:item2:mcq,uw-174414-mcq,addition:neutral,addition,neutral,llama 1b,-0.3442,mcq,6,6,6,0.3,0.13889,0.87865,0.7341,8.91112,1.51855,1,1
luke7:item18:mcq,uw-174442-mcq,addition:neutral,addition,neutral,llama 1b,-0.3442,mcq,7,6,6,0.3,0.13889,0.87865,0.7341,8.91112,1.51855,1,1
luke7:item7:open,uw-174432-open,addition:neutral,addition,neutral,llama 1b,-0.3442,open,7,6,6,0.3,0.13889,0.87865,0.7341,8.91112,1.51855,1,1
luke8:item7:open,uw-174447-open,addition:neutral,addition,neutral,llama 1b,-0.3442,open,8,6,6,0.3,0.13889,0.87865,0.7341,8.91112,1.51855,1,1
luke4:item15:open,uw-174387-open,addition:adversarial,addition,adversarial,llama 1b,-0.3442,open,4,6,6,0.3,0.22222,0.85343,0.69698,8.65533,0.70618,1,1
luke1:item13:open,uw-174325-open,addition:bad,addition,bad,llama 1b,-0.3442,open,1,6,6,0.3,0.13889,0.84876,0.73135,8.60798,1.50026,1,1
luke1:item17:open,uw-174328-open,addition:bad,addition,bad,llama 1b,-0.3442,open,1,6,6,0.3,0.13889,0.84876,0.73135,8.60798,1.50026,1,1
luke1:item40:mcq,uw-174342-mcq,addition:bad,addition,bad,llama 1b,-0.3442,mcq,1,6,6,0.3,0.13889,0.84876,0.73135,8.60798,1.50026,1,1
luke4:item40:mcq,uw-174399-mcq,addition:bad,addition,bad,llama 1b,-0.3442,mcq,4,6,6,0.3,0.13889,0.84876,0.73135,8.60798,1.50026,1,1
luke2:item5:open,uw-174349-open,addition:adversarial,addition,adversarial,llama 1b,-0.3442,open,2,6,6,0.3,0.13889,0.74136,0.75277,7.51877,-1.32775,1,1
luke4:item26:mcq,uw-174394-mcq,addition:adversarial,addition,adversarial,llama 1b,-0.3442,mcq,4,6,6,0.3,0.13889,0.74136,0.75277,7.51877,-1.32775,1,1
luke6:item6:mcq,uw-174421-mcq,addition:adversarial,addition,adversarial,llama 1b,-0.3442,mcq,6,6,6,0.3,0.13889,0.74136,0.75277,7.51877,-1.32775,1,1
luke4:item21:open,uw-174392-open,addition:neutral,addition,neutral,llama 1b,-0.3442,open,4,6,6,0.3,0.13889,0.71138,0.74757,7.21474,-1.29275,1,1
luke4:item23:open,uw-174393-open,addition:bad,addition,bad,llama 1b,-0.3442,open,4,6,6,0.3,0.14583,0.69216,0.69537,7.0198,1.05318,1,1
luke2:item5:open,uw-174349-open,addition:bad,addition,bad,llama 1b,-0.3442,open,2,6,6,0.3,0.13889,0.68349,0.7454,6.93186,-1.29225,1,1
luke6:item3:open,uw-174415-open,addition:bad,addition,bad,llama 1b,-0.3442,open,6,6,6,0.3,0.13889,0.68349,0.7454,6.93186,-1.29225,1,1
luke8:item5:open,uw-174446-open,addition:adversarial,addition,adversarial,llama 1b,-0.3442,open,8,6,6,0.3,0.11806,0.6331,0.66763,6.42084,0.35041,1,1
luke4:item18:mcq,uw-174388-mcq,addition:adversarial,addition,adversarial,llama 1b,-0.3442,mcq,4,6,6,0.3,0.22222,0.61597,0.67296,6.24705,0.67226,1,1
luke4:item33:open,uw-174397-open,addition:adversarial,addition,adversarial,llama 1b,-0.3442,open,4,6,6,0.3,0.0625,0.61453,0.68847,6.23243,1.0193,1,1
luke2:item3:open,uw-174347-open,addition:neutral,addition,neutral,llama 1b,-0.3442,open,2,6,6,0.3,0.0625,0.60411,0.70702,6.1268,-0.89685,1,1
luke8:item15:open,uw-174454-open,addition:neutral,addition,neutral,llama 1b,-0.3442,open,8,6,6,0.3,0.05556,0.57229,0.73393,5.80411,-1.25704,1,1
luke2:item1:open,uw-174346-open,addition:adversarial,addition,adversarial,llama 1b,-0.3442,open,2,6,6,0.3,0.03472,0.52194,0.75224,5.2934,1.8438,1,1
luke4:item23:open,uw-174393-open,addition:adversarial,addition,adversarial,llama 1b,-0.3442,open,4,6,6,0.3,0.03472,0.52194,0.75224,5.2934,1.8438,1,1
luke6:item3:open,uw-174415-open,addition:adversarial,addition,adversarial,llama 1b,-0.3442,open,6,6,6,0.3,0.03472,0.52194,0.75224,5.2934,1.8438,1,1
luke6:item7:open,uw-174422-open,addition:adversarial,addition,adversarial,llama 1b,-0.3442,open,6,6,6,0.3,0.03472,0.52194,0.75224,5.2934,1.8438,1,1
luke6:item7:open,uw-174422-open,addition:neutral,addition,neutral,llama 1b,-0.3442,open,6,6,6,0.3,0.03472,0.50204,0.75525,5.09159,1.8725,1,1
luke4:item25:open,uw-174394-open,addition:neutral,addition,neutral,llama 1b,-0.3442,open,4,6,6,0.3,0.13889,0.485,0.66376,4.91879,0.67836,1,1
luke4:item9:open,uw-174381-open,addition:neutral,addition,neutral,llama 1b,-0.3442,open,4,6,6,0.3,0.14583,0.47965,0.69453,4.86452,-0.87485,1,1
luke8:item13:open,uw-174452-open,addition:neutral,addition,neutral,llama 1b,-0.3442,open,8,6,6,0.3,0.14583,0.47792,0.68147,4.84702,1.01845,1,1
luke4:item9:open,uw-174381-open,addition:adversarial,addition,adversarial,llama 1b,-0.3442,open,4,6,6,0.3,0.03472,0.42684,0.7664,4.32895,-1.6794,1,1
luke1:item15:open,uw-174326-open,addition:neutral,addition,neutral,llama 1b,-0.3442,open,1,6,6,0.3,0.25,0.42657,0.64895,4.32617,0.06014,1,1
luke7:item10:mcq,uw-174434-mcq,addition:bad,addition,bad,llama 1b,-0.3442,mcq,7,6,6,0.3,0.13889,0.41157,0.72006,4.17408,-1.23134,1,1
luke7:item1:open,uw-174429-open,addition:bad,addition,bad,llama 1b,-0.3442,open,7,6,6,0.3,0.13889,0.41157,0.72006,4.17408,-1.23134,1,1
luke5:item5:open,uw-174402-open,addition:neutral,addition,neutral,llama 1b,-0.3442,open,5,6,6,0.3,0.03472,0.39742,0.76094,4.03057,-1.64254,1,1
luke5:item13:open,uw-174406-open,addition:adversarial,addition,adversarial,llama 1b,-0.3442,open,5,6,6,0.3,0.22222,0.39207,0.65738,3.97631,0.64772,1,1
luke2:item3:open,uw-174347-open,addition:bad,addition,bad,llama 1b,-0.3442,open,2,6,6,0.3,0.05556,0.38861,0.6652,3.9412,-0.54442,1,1
luke2:item3:open,uw-174347-open,addition:adversarial,addition,adversarial,llama 1b,-0.3442,open,2,6,6,0.3,0.03472,0.37953,0.65167,3.84916,-0.25464,1,1
luke5:item5:open,uw-174402-open,addition:adversarial,addition,adversarial,llama 1b,-0.3442,open,5,6,6,0.3,0.03472,0.37953,0.65167,3.84916,-0.25464,1,1
luke6:item1:open,uw-174414-open,addition:adversarial,addition,adversarial,llama 1b,-0.3442,open,6,6,6,0.3,0.03472,0.37953,0.65167,3.84916,-0.25464,1,1
luke1:item32:mcq,uw-174336-mcq,addition:adversarial,addition,adversarial,llama 1b,-0.3442,mcq,1,6,6,0.3,0.13889,0.37468,0.70556,3.79994,1.35703,1,1
luke4:item9:open,uw-174381-open,addition:bad,addition,bad,llama 1b,-0.3442,open,4,6,6,0.3,0.03472,0.36802,0.7597,3.7324,-1.64546,1,1
luke2:item17:open,uw-174357-open,addition:neutral,addition,neutral,llama 1b,-0.3442,open,2,6,6,0.3,0.03472,0.36036,0.64961,3.65467,-0.23412,1,1
luke4:item40:mcq,uw-174399-mcq,addition:neutral,addition,neutral,llama 1b,-0.3442,mcq,4,6,6,0.3,0.13889,0.35553,0.70766,3.60575,1.38097,1,1
luke1:item1:open,uw-174316-open,addition:bad,addition,bad,llama 1b,-0.3442,open,1,6,6,0.3,0.22222,0.35141,0.65612,3.56392,0.65952,1,1
luke1:item35:open,uw-174340-open,addition:bad,addition,bad,llama 1b,-0.3442,open,1,6,6,0.3,0.22222,0.35141,0.65612,3.56392,0.65952,1,1
luke2:item13:open,uw-174354-open,addition:bad,addition,bad,llama 1b,-0.3442,open,2,6,6,0.3,0.05556,0.28201,0.70994,2.86009,-1.21225,1,1
luke2:item9:open,uw-174351-open,addition:bad,addition,bad,llama 1b,-0.3442,open,2,6,6,0.3,0.05556,0.28201,0.70994,2.86009,-1.21225,1,1
luke4:item19:open,uw-174389-open,addition:neutral,addition,neutral,llama 1b,-0.3442,open,4,6,6,0.3,0.03472,0.25259,0.75092,2.5617,-1.61933,1,1
luke5:item13:open,uw-174406-open,addition:neutral,addition,neutral,llama 1b,-0.3442,open,5,6,6,0.3,0.14583,0.2456,0.67374,2.49086,0.98882,1,1
luke8:item13:open,uw-174452-open,addition:bad,addition,bad,llama 1b,-0.3442,open,8,6,6,0.3,0.13889,0.24294,0.65235,2.46389,0.65171,1,1
luke5:item21:open,uw-174410-open,addition:neutral,addition,neutral,llama 1b,-0.3442,open,5,6,6,0.3,0.0625,0.2422,0.67537,2.45639,-0.84638,1,1
luke6:item3:open,uw-174415-open,addition:neutral,addition,neutral,llama 1b,-0.3442,open,6,6,6,0.3,0.14583,0.2422,0.67537,2.45639,-0.84638,1,1
luke6:item5:open,uw-174421-open,addition:neutral,addition,neutral,llama 1b,-0.3442,open,6,6,6,0.3,0.0625,0.2422,0.67537,2.45639,-0.84638,1,1
luke7:item14:mcq,uw-174440-mcq,addition:adversarial,addition,adversarial,llama 1b,-0.3442,mcq,7,6,6,0.3,0.25,0.23521,0.63754,2.38547,0.04093,1,1
luke6:item16:mcq,uw-174428-mcq,addition:bad,addition,bad,llama 1b,-0.3442,mcq,6,6,6,0.3,0.25,0.19615,0.63596,1.98936,0.05475,1,1
luke7:item13:open,uw-174440-open,addition:neutral,addition,neutral,llama 1b,-0.3442,open,7,6,6,0.3,0.05556,0.19162,0.65166,1.9434,-0.52574,1,1
luke4:item43:open,uw-174398-open,addition:neutral,addition,neutral,llama 1b,-0.3442,open,4,6,6,0.3,0.20139,0.18598,0.63942,1.88622,0.35074,1,1
luke4:item13:open,uw-174384-open,addition:bad,addition,bad,llama 1b,-0.3442,open,4,6,6,0.3,0.03472,0.183,0.75448,1.85593,1.80533,1,1
luke4:item15:open,uw-174387-open,addition:bad,addition,bad,llama 1b,-0.3442,open,4,6,6,0.3,0.03472,0.183,0.75448,1.85593,1.80533,1,1
luke7:item11:open,uw-174436-open,addition:neutral,addition,neutral,llama 1b,-0.3442,open,7,6,6,0.3,0.13889,0.18132,0.70269,1.83891,-1.19534,1,1
luke7:item13:open,uw-174440-open,addition:bad,addition,bad,llama 1b,-0.3442,open,7,6,6,0.3,0.05556,0.16949,0.65086,1.71894,-0.53036,1,1
luke5:item21:open,uw-174410-open,addition:adversarial,addition,adversarial,llama 1b,-0.3442,open,5,6,6,0.3,0.03472,0.16868,0.63935,1.7107,-0.24761,1,1
luke6:item9:open,uw-174423-open,addition:adversarial,addition,adversarial,llama 1b,-0.3442,open,6,6,6,0.3,0.03472,0.16868,0.63935,1.7107,-0.24761,1,1
luke3:item7:open,uw-174368-open,addition:neutral,addition,neutral,llama 1b,-0.3442,open,3,6,6,0.3,0.05556,0.15778,0.65119,1.6002,0.65311,1,1
luke7:item10:mcq,uw-174434-mcq,addition:neutral,addition,neutral,llama 1b,-0.3442,mcq,7,6,6,0.3,0.22222,0.15778,0.65119,1.6002,0.65311,1,1
luke5:item15:open,uw-174407-open,addition:neutral,addition,neutral,llama 1b,-0.3442,open,5,6,6,0.3,0.14583,0.12771,0.66898,1.29519,-0.8393,1,1
luke4:item39:open,uw-174399-open,addition:neutral,addition,neutral,llama 1b,-0.3442,open,4,6,6,0.3,0.03472,0.11123,0.74278,1.12805,-1.60638,1,1
luke5:item19:open,uw-174409-open,addition:neutral,addition,neutral,llama 1b,-0.3442,open,5,6,6,0.3,0.22222,0.08474,0.64722,0.85943,-0.52244,1,1
luke8:item5:open,uw-174446-open,addition:neutral,addition,neutral,llama 1b,-0.3442,open,8,6,6,0.3,0.11806,0.08262,0.63791,0.83789,0.34883,1,1
luke2:item13:open,uw-174354-open,addition:adversarial,addition,adversarial,llama 1b,-0.3442,open,2,6,6,0.3,0.05556,0.07913,0.69985,0.80253,-1.21471,1,1
luke4:item8:mcq,uw-174380-mcq,addition:bad,addition,bad,llama 1b,-0.3442,mcq,4,6,6,0.3,0.13889,0.07558,0.7077,0.7665,1.3457,1,1
luke1:item10:mcq,uw-174323-mcq,addition:adversarial,addition,adversarial,llama 1b,-0.3442,mcq,1,6,6,0.3,0.0,0.05267,0.8219,0.53418,2.35933,1,0
luke1:item11:open,uw-174324-open,addition:adversarial,addition,adversarial,llama 1b,-0.3442,open,1,6,6,0.3,0.0,0.05267,0.8219,0.53418,2.35933,1,0
luke1:item12:mcq,uw-174324-mcq,addition:adversarial,addition,adversarial,llama 1b,-0.3442,mcq,1,6,6,0.3,0.0,0.05267,0.8219,0.53418,2.35933,1,0
luke1:item13:open,uw-174325-open,addition:adversarial,addition,adversarial,llama 1b,-0.3442,open,1,6,6,0.3,0.0,0.05267,0.8219,0.53418,2.35933,1,0
luke1:item14:mcq,uw-174325-mcq,addition:adversarial,addition,adversarial,llama 1b,-0.3442,mcq,1,6,6,0.3,0.0,0.05267,0.8219,0.53418,2.35933,1,0
luke1:item16:mcq,uw-174326-mcq,addition:adversarial,addition,adversarial,llama 1b,-0.3442,mcq,1,6,6,0.3,0.0,0.05267,0.8219,0.53418,2.35933,1,0
luke1:item17:open,uw-174328-open,addition:adversarial,addition,adversarial,llama 1b,-0.3442,open,1,6,6,0.3,0.0,0.05267,0.8219,0.53418,2.35933,1,0
luke1:item1:open,uw-174316-open,addition:adversarial,addition,adversarial,llama 1b,-0.3442,open,1,6,6,0.3,0.0,0.05267,0.8219,0.53418,2.35933,1,0
luke1:item20:mcq,uw-174329-mcq,addition:adversarial,addition,adversarial,llama 1b,-0.3442,mcq,1,6,6,0.3,0.0,0.05267,0.8219,0.53418,2.35933,1,0
luke1:item21:open,uw-174330-open,addition:adversarial,addition,adversarial,llama 1b,-0.3442,open,1,6,6,0.3,0.0,0.05267,0.8219,0.53418,2.35933,1,0
luke1:item22:mcq,uw-174330-mcq,addition:adversarial,addition,adversarial,llama 1b,-0.3442,mcq,1,6,6,0.3,0.0,0.05267,0.8219,0.53418,2.35933,1,0
luke1:item24:mcq,uw-174331-mcq,addition:adversarial,addition,adversarial,llama 1b,-0.3442,mcq,1,6,6,0.3,0.0,0.05267,0.8219,0.53418,2.35933,1,0
luke1:item25:open,uw-174332-open,addition:adversarial,addition,adversarial,llama 1b,-0.3442,open,1,6,6,0.3,0.0,0.05267,0.8219,0.53418,2.35933,1,0
luke1:item26:mcq,uw-174332-mcq,addition:adversarial,addition,adversarial,llama 1b,-0.3442,mcq,1,6,6,0.3,0.0,0.05267,0.8219,0.53418,2.35933,1,0
luke1:item29:open,uw-174335-open,addition:adversarial,addition,adversarial,llama 1b,-0.3442,open,1,6,6,0.3,0.0,0.05267,0.8219,0.53418,2.35933,1,0
luke1:item2:mcq,uw-174316-mcq,addition:adversarial,addition,adversarial,llama 1b,-0.3442,mcq,1,6,6,0.3,0.0,0.05267,0.8219,0.53418,2.35933,1,0
luke1:item30:mcq,uw-174335-mcq,addition:adversarial,addition,adversarial,llama 1b,-0.3442,mcq,1,6,6,0.3,0.0,0.05267,0.8219,0.53418,2.35933,1,0
luke1:item33:open,uw-174339-open,addition:adversarial,addition,adversarial,llama 1b,-0.3442,open,1,6,6,0.3,0.0,0.05267,0.8219,0.53418,2.35933,1,0
luke1:item34:mcq,uw-174339-mcq,addition:adversarial,addition,adversarial,llama 1b,-0.3442,mcq,1,6,6,0.3,0.0,0.05267,0.8219,0.53418,2.35933,1,0
luke1:item36:mcq,uw-174340-mcq,addition:adversarial,addition,adversarial,llama 1b,-0.3442,mcq,1,6,6,0.3,0.0,0.05267,0.8219,0.53418,2.35933,1,0
luke1:item38:mcq,uw-174341-mcq,addition:adversarial,addition,adversarial,llama 1b,-0.3442,mcq,1,6,6,0.3,0.0,0.05267,0.8219,0.53418,2.35933,1,0
luke1:item3:open,uw-174317-open,addition:adversarial,addition,adversarial,llama 1b,-0.3442,open,1,6,6,0.3,0.0,0.05267,0.8219,0.53418,2.35933,1,0
luke1:item40:mcq,uw-174342-mcq,addition:adversarial,addition,adversarial,llama 1b,-0.3442,mcq,1,6,6,0.3,0.0,0.05267,0.8219,0.53418,2.35933,1,0
luke1:item41:open,uw-174343-open,addition:adversarial,addition,adversarial,llama 1b,-0.3442,open,1,6,6,0.3,0.0,0.05267,0.8219,0.53418,2.35933,1,0
luke1:item42:mcq,uw-174343-mcq,addition:adversarial,addition,adversarial,llama 1b,-0.3442,mcq,1,6,6,0.3,0.0,0.05267,0.8219,0.53418,2.35933,1,0
luke1:item43:open,uw-174344-open,addition:adversarial,addition,adversarial,llama 1b,-0.3442,open,1,6,6,0.3,0.0,0.05267,0.8219,0.53418,2.35933,1,0
luke1:item44:mcq,uw-174344-mcq,addition:adversarial,addition,adversarial,llama 1b,-0.3442,mcq,1,6,6,0.3,0.0,0.05267,0.8219,0.53418,2.35933,1,0
luke1:item4:mcq,uw-174317-mcq,addition:adversarial,addition,adversarial,llama 1b,-0.3442,mcq,1,6,6,0.3,0.0,0.05267,0.8219,0.53418,2.35933,1,0
luke1:item5:open,uw-174318-open,addition:adversarial,addition,adversarial,llama 1b,-0.3442,open,1,6,6,0.3,0.0,0.05267,0.8219,0.53418,2.35933,1,0
luke1:item6:mcq,uw-174318-mcq,addition:adversarial,addition,adversarial,llama 1b,-0.3442,mcq,1,6,6,0.3,0.0,0.05267,0.8219,0.53418,2.35933,1,0
luke1:item7:open,uw-174322-open,addition:adversarial,addition,adversarial,llama 1b,-0.3442,open,1,6,6,0.3,0.0,0.05267,0.8219,0.53418,2.35933,1,0
luke1:item8:mcq,uw-174322-mcq,addition:adversarial,addition,adversarial,llama 1b,-0.3442,mcq,1,6,6,0.3,0.0,0.05267,0.8219,0.53418,2.35933,1,0
luke1:item9:open,uw-174323-open,addition:adversarial,addition,adversarial,llama 1b,-0.3442,open,1,6,6,0.3,0.0,0.05267,0.8219,0.53418,2.35933,1,0
luke2:item16:mcq,uw-174355-mcq,addition:adversarial,addition,adversarial,llama 1b,-0.3442,mcq,2,6,6,0.3,0.0,0.05267,0.8219,0.53418,2.35933,1,0
luke2:item18:mcq,uw-174357-mcq,addition:adversarial,addition,adversarial,llama 1b,-0.3442,mcq,2,6,6,0.3,0.0,0.05267,0.8219,0.53418,2.35933,1,0
luke2:item2:mcq,uw-174346-mcq,addition:adversarial,addition,adversarial,llama 1b,-0.3442,mcq,2,6,6,0.3,0.0,0.05267,0.8219,0.53418,2.35933,1,0
luke2:item6:mcq,uw-174349-mcq,addition:adversarial,addition,adversarial,llama 1b,-0.3442,mcq,2,6,6,0.3,0.0,0.05267,0.8219,0.53418,2.35933,1,0
luke2:item8:mcq,uw-174350-mcq,addition:adversarial,addition,adversarial,llama 1b,-0.3442,mcq,2,6,6,0.3,0.0,0.05267,0.8219,0.53418,2.35933,1,0
luke3:item12:mcq,uw-174374-mcq,addition:adversarial,addition,adversarial,llama 1b,-0.3442,mcq,3,6,6,0.3,0.0,0.05267,0.8219,0.53418,2.35933,1,0
luke3:item13:open,uw-174375-open,addition:adversarial,addition,adversarial,llama 1b,-0.3442,open,3,6,6,0.3,0.0,0.05267,0.8219,0.53418,2.35933,1,0
luke3:item14:mcq,uw-174375-mcq,addition:adversarial,addition,adversarial,llama 1b,-0.3442,mcq,3,6,6,0.3,0.0,0.05267,0.8219,0.53418,2.35933,1,0
luke3:item3:open,uw-174366-open,addition:adversarial,addition,adversarial,llama 1b,-0.3442,open,3,6,6,0.3,0.0,0.05267,0.8219,0.53418,2.35933,1,0
luke3:item7:open,uw-174368-open,addition:adversarial,addition,adversarial,llama 1b,-0.3442,open,3,6,6,0.3,0.0,0.05267,0.8219,0.53418,2.35933,1,0
luke3:item8:mcq,uw-174368-mcq,addition:adversarial,addition,adversarial,llama 1b,-0.3442,mcq,3,6,6,0.3,0.0,0.05267,0.8219,0.53418,2.35933,1,0
luke4:item10:mcq,uw-174381-mcq,addition:adversarial,addition,adversarial,llama 1b,-0.3442,mcq,4,6,6,0.3,0.0,0.05267,0.8219,0.53418,2.35933,1,0
luke4:item14:mcq,uw-174384-mcq,addition:adversarial,addition,adversarial,llama 1b,-0.3442,mcq,4,6,6,0.3,0.0,0.05267,0.8219,0.53418,2.35933,1,0
luke4:item17:open,uw-174388-open,addition:adversarial,addition,adversarial,llama 1b,-0.3442,open,4,6,6,0.3,0.0,0.05267,0.8219,0.53418,2.35933,1,0
luke4:item1:open,uw-174377-open,addition:adversarial,addition,adversarial,llama 1b,-0.3442,open,4,6,6,0.3,0.0,0.05267,0.8219,0.53418,2.35933,1,0
luke4:item24:mcq,uw-174393-mcq,addition:adversarial,addition,adversarial,llama 1b,-0.3442,mcq,4,6,6,0.3,0.0,0.05267,0.8219,0.53418,2.35933,1,0
luke4:item25:open,uw-174394-open,addition:adversarial,addition,adversarial,llama 1b,-0.3442,open,4,6,6,0.3,0.0,0.05267,0.8219,0.53418,2.35933,1,0
luke4:item28:mcq,uw-174395-mcq,addition:adversarial,addition,adversarial,llama 1b,-0.3442,mcq,4,6,6,0.3,0.0,0.05267,0.8219,0.53418,2.35933,1,0
luke4:item34:mcq,uw-174397-mcq,addition:adversarial,addition,adversarial,llama 1b,-0.3442,mcq,4,6,6,0.3,0.0,0.05267,0.8219,0.53418,2.35933,1,0
luke4:item42:mcq,uw-174396-mcq,addition:adversarial,addition,adversarial,llama 1b,-0.3442,mcq,4,6,6,0.3,0.0,0.05267,0.8219,0.53418,2.35933,1,0
luke5:item12:mcq,uw-174404-mcq,addition:adversarial,addition,adversarial,llama 1b,-0.3442,mcq,5,6,6,0.3,0.0,0.05267,0.8219,0.53418,2.35933,1,0
luke5:item16:mcq,uw-174407-mcq,addition:adversarial,addition,adversarial,llama 1b,-0.3442,mcq,5,6,6,0.3,0.0,0.05267,0.8219,0.53418,2.35933,1,0
luke5:item18:mcq,uw-174408-mcq,addition:adversarial,addition,adversarial,llama 1b,-0.3442,mcq,5,6,6,0.3,0.0,0.05267,0.8219,0.53418,2.35933,1,0
luke5:item20:mcq,uw-174409-mcq,addition:adversarial,addition,adversarial,llama 1b,-0.3442,mcq,5,6,6,0.3,0.0,0.05267,0.8219,0.53418,2.35933,1,0
luke5:item22:mcq,uw-174410-mcq,addition:adversarial,addition,adversarial,llama 1b,-0.3442,mcq,5,6,6,0.3,0.0,0.05267,0.8219,0.53418,2.35933,1,0
luke5:item26:mcq,uw-174403-mcq,addition:adversarial,addition,adversarial,llama 1b,-0.3442,mcq,5,6,6,0.3,0.0,0.05267,0.8219,0.53418,2.35933,1,0
luke6:item12:mcq,uw-174424-mcq,addition:adversarial,addition,adversarial,llama 1b,-0.3442,mcq,6,6,6,0.3,0.0,0.05267,0.8219,0.53418,2.35933,1,0
luke6:item14:mcq,uw-174427-mcq,addition:adversarial,addition,adversarial,llama 1b,-0.3442,mcq,6,6,6,0.3,0.0,0.05267,0.8219,0.53418,2.35933,1,0
luke7:item16:mcq,uw-174441-mcq,addition:adversarial,addition,adversarial,llama 1b,-0.3442,mcq,7,6,6,0.3,0.0,0.05267,0.8219,0.53418,2.35933,1,0
luke7:item2:mcq,uw-174429-mcq,addition:adversarial,addition,adversarial,llama 1b,-0.3442,mcq,7,6,6,0.3,0.0,0.05267,0.8219,0.53418,2.35933,1,0
luke8:item10:mcq,uw-174448-mcq,addition:adversarial,addition,adversarial,llama 1b,-0.3442,mcq,8,6,6,0.3,0.0,0.05267,0.8219,0.53418,2.35933,1,0
luke8:item12:mcq,uw-174449-mcq,addition:adversarial,addition,adversarial,llama 1b,-0.3442,mcq,8,6,6,0.3,0.0,0.05267,0.8219,0.53418,2.35933,1,0
luke8:item16:mcq,uw-174454-mcq,addition:adversarial,addition,adversarial,llama 1b,-0.3442,mcq,8,6,6,0.3,0.0,0.05267,0.8219,0.53418,2.35933,1,0
luke8:item18:mcq,uw-174455-mcq,addition:adversarial,addition,adversarial,llama 1b,-0.3442,mcq,8,6,6,0.3,0.0,0.05267,0.8219,0.53418,2.35933,1,0
luke8:item7:open,uw-174447-open,addition:adversarial,addition,adversarial,llama 1b,-0.3442,open,8,6,6,0.3,0.0,0.05267,0.8219,0.53418,2.35933,1,0
luke8:item8:mcq,uw-174447-mcq,addition:adversarial,addition,adversarial,llama 1b,-0.3442,mcq,8,6,6,0.3,0.0,0.05267,0.8219,0.53418,2.35933,1,0
luke1:item18:mcq,uw-174328-mcq,addition:adversarial,addition,adversarial,llama 1b,-0.3442,mcq,1,6,6,0.3,0.0,0.05027,0.80489,0.50984,-2.17198,1,0
luke1:item27:open,uw-174333-open,addition:adversarial,addition,adversarial,llama 1b,-0.3442,open,1,6,6,0.3,0.0,0.05027,0.80489,0.50984,-2.17198,1,0
luke1:item28:mcq,uw-174333-mcq,addition:adversarial,addition,adversarial,llama 1b,-0.3442,mcq,1,6,6,0.3,0.0,0.05027,0.80489,0.50984,-2.17198,1,0
luke1:item37:open,uw-174341-open,addition:adversarial,addition,adversarial,llama 1b,-0.3442,open,1,6,6,0.3,0.0,0.05027,0.80489,0.50984,-2.17198,1,0
luke2:item11:open,uw-174352-open,addition:adversarial,addition,adversarial,llama 1b,-0.3442,open,2,6,6,0.3,0.0,0.05027,0.80489,0.50984,-2.17198,1,0
luke2:item12:mcq,uw-174352-mcq,addition:adversarial,addition,adversarial,llama 1b,-0.3442,mcq,2,6,6,0.3,0.0,0.05027,0.80489,0.50984,-2.17198,1,0
luke2:item15:open,uw-174355-open,addition:adversarial,addition,adversarial,llama 1b,-0.3442,open,2,6,6,0.3,0.0,0.05027,0.80489,0.50984,-2.17198,1,0
luke2:item22:mcq,uw-174361-mcq,addition:adversarial,addition,adversarial,llama 1b,-0.3442,mcq,2,6,6,0.3,0.0,0.05027,0.80489,0.50984,-2.17198,1,0
luke2:item24:mcq,uw-174362-mcq,addition:adversarial,addition,adversarial,llama 1b,-0.3442,mcq,2,6,6,0.3,0.0,0.05027,0.80489,0.50984,-2.17198,1,0
luke3:item10:mcq,uw-174370-mcq,addition:adversarial,addition,adversarial,llama 1b,-0.3442,mcq,3,6,6,0.3,0.0,0.05027,0.80489,0.50984,-2.17198,1,0
luke3:item11:open,uw-174374-open,addition:adversarial,addition,adversarial,llama 1b,-0.3442,open,3,6,6,0.3,0.0,0.05027,0.80489,0.50984,-2.17198,1,0
luke3:item1:open,uw-174365-open,addition:adversarial,addition,adversarial,llama 1b,-0.3442,open,3,6,6,0.3,0.0,0.05027,0.80489,0.50984,-2.17198,1,0
luke3:item5:open,uw-174367-open,addition:adversarial,addition,adversarial,llama 1b,-0.3442,open,3,6,6,0.3,0.0,0.05027,0.80489,0.50984,-2.17198,1,0
luke3:item9:open,uw-174370-open,addition:adversarial,addition,adversarial,llama 1b,-0.3442,open,3,6,6,0.3,0.0,0.05027,0.80489,0.50984,-2.17198,1,0
luke4:item11:open,uw-174382-open,addition:adversarial,addition,adversarial,llama 1b,-0.3442,open,4,6,6,0.3,0.0,0.05027,0.80489,0.50984,-2.17198,1,0
luke4:item12:mcq,uw-174382-mcq,addition:adversarial,addition,adversarial,llama 1b,-0.3442,mcq,4,6,6,0.3,0.0,0.05027,0.80489,0.50984,-2.17198,1,0
luke4:item16:mcq,uw-174387-mcq,addition:adversarial,addition,adversarial,llama 1b,-0.3442,mcq,4,6,6,0.3,0.0,0.05027,0.80489,0.50984,-2.17198,1,0
luke4:item19:open,uw-174389-open,addition:adversarial,addition,adversarial,llama 1b,-0.3442,open,4,6,6,0.3,0.0,0.05027,0.80489,0.50984,-2.17198,1,0
luke4:item20:mcq,uw-174389-mcq,addition:adversarial,addition,adversarial,llama 1b,-0.3442,mcq,4,6,6,0.3,0.0,0.05027,0.80489,0.50984,-2.17198,1,0
luke4:item43:open,uw-174398-open,addition:adversarial,addition,adversarial,llama 1b,-0.3442,open,4,6,6,0.3,0.0,0.05027,0.80489,0.50984,-2.17198,1,0
luke4:item44:mcq,uw-174398-mcq,addition:adversarial,addition,adversarial,llama 1b,-0.3442,mcq,4,6,6,0.3,0.0,0.05027,0.80489,0.50984,-2.17198,1,0
luke5:item11:open,uw-174404-open,addition:adversarial,addition,adversarial,llama 1b,-0.3442,open,5,6,6,0.3,0.0,0.05027,0.80489,0.50984,-2.17198,1,0
luke5:item2:mcq,uw-174400-mcq,addition:adversarial,addition,adversarial,llama 1b,-0.3442,mcq,5,6,6,0.3,0.0,0.05027,0.80489,0.50984,-2.17198,1,0
luke5:item6:mcq,uw-174402-mcq,addition:adversarial,addition,adversarial,llama 1b,-0.3442,mcq,5,6,6,0.3,0.0,0.05027,0.80489,0.50984,-2.17198,1,0
luke6:item10:mcq,uw-174423-mcq,addition:adversarial,addition,adversarial,llama 1b,-0.3442,mcq,6,6,6,0.3,0.0,0.05027,0.80489,0.50984,-2.17198,1,0
luke6:item11:open,uw-174424-open,addition:adversarial,addition,adversarial,llama 1b,-0.3442,open,6,6,6,0.3,0.0,0.05027,0.80489,0.50984,-2.17198,1,0
luke6:item4:mcq,uw-174415-mcq,addition:adversarial,addition,adversarial,llama 1b,-0.3442,mcq,6,6,6,0.3,0.0,0.05027,0.80489,0.50984,-2.17198,1,0
luke6:item5:open,uw-174421-open,addition:adversarial,addition,adversarial,llama 1b,-0.3442,open,6,6,6,0.3,0.0,0.05027,0.80489,0.50984,-2.17198,1,0
luke7:item10:mcq,uw-174434-mcq,addition:adversarial,addition,adversarial,llama 1b,-0.3442,mcq,7,6,6,0.3,0.0,0.05027,0.80489,0.50984,-2.17198,1,0
luke7:item11:open,uw-174436-open,addition:adversarial,addition,adversarial,llama 1b,-0.3442,open,7,6,6,0.3,0.0,0.05027,0.80489,0.50984,-2.17198,1,0
luke7:item1:open,uw-174429-open,addition:adversarial,addition,adversarial,llama 1b,-0.3442,open,7,6,6,0.3,0.0,0.05027,0.80489,0.50984,-2.17198,1,0
luke7:item4:mcq,uw-174430-mcq,addition:adversarial,addition,adversarial,llama 1b,-0.3442,mcq,7,6,6,0.3,0.0,0.05027,0.80489,0.50984,-2.17198,1,0
luke7:item5:open,uw-174431-open,addition:adversarial,addition,adversarial,llama 1b,-0.3442,open,7,6,6,0.3,0.0,0.05027,0.80489,0.50984,-2.17198,1,0
luke7:item6:mcq,uw-174431-mcq,addition:adversarial,addition,adversarial,llama 1b,-0.3442,mcq,7,6,6,0.3,0.0,0.05027,0.80489,0.50984,-2.17198,1,0
luke7:item8:mcq,uw-174432-mcq,addition:adversarial,addition,adversarial,llama 1b,-0.3442,mcq,7,6,6,0.3,0.0,0.05027,0.80489,0.50984,-2.17198,1,0
luke7:item9:open,uw-174434-open,addition:adversarial,addition,adversarial,llama 1b,-0.3442,open,7,6,6,0.3,0.0,0.05027,0.80489,0.50984,-2.17198,1,0
luke8:item11:open,uw-174449-open,addition:adversarial,addition,adversarial,llama 1b,-0.3442,open,8,6,6,0.3,0.0,0.05027,0.80489,0.50984,-2.17198,1,0
luke8:item14:mcq,uw-174452-mcq,addition:adversarial,addition,adversarial,llama 1b,-0.3442,mcq,8,6,6,0.3,0.0,0.05027,0.80489,0.50984,-2.17198,1,0
luke8:item17:open,uw-174455-open,addition:adversarial,addition,adversarial,llama 1b,-0.3442,open,8,6,6,0.3,0.0,0.05027,0.80489,0.50984,-2.17198,1,0
luke8:item1:open,uw-174444-open,addition:adversarial,addition,adversarial,llama 1b,-0.3442,open,8,6,6,0.3,0.0,0.05027,0.80489,0.50984,-2.17198,1,0
luke8:item2:mcq,uw-174444-mcq,addition:adversarial,addition,adversarial,llama 1b,-0.3442,mcq,8,6,6,0.3,0.0,0.05027,0.80489,0.50984,-2.17198,1,0
luke8:item4:mcq,uw-174445-mcq,addition:adversarial,addition,adversarial,llama 1b,-0.3442,mcq,8,6,6,0.3,0.0,0.05027,0.80489,0.50984,-2.17198,1,0
luke8:item6:mcq,uw-174446-mcq,addition:adversarial,addition,adversarial,llama 1b,-0.3442,mcq,8,6,6,0.3,0.0,0.05027,0.80489,0.50984,-2.17198,1,0
luke8:item9:open,uw-174448-open,addition:adversarial,addition,adversarial,llama 1b,-0.3442,open,8,6,6,0.3,0.0,0.05027,0.80489,0.50984,-2.17198,1,0
luke2:item21:open,uw-174361-open,addition:adversarial,addition,adversarial,llama 1b,-0.3442,open,2,6,6,0.3,0.0,0.03113,0.63259,0.31567,0.04077,1,0
luke5:item23:open,uw-174412-open,addition:adversarial,addition,adversarial,llama 1b,-0.3442,open,5,6,6,0.3,0.0,0.03113,0.63259,0.31567,0.04077,1,0
luke7:item13:open,uw-174440-open,addition:adversarial,addition,adversarial,llama 1b,-0.3442,open,7,6,6,0.3,0.0,0.03113,0.63259,0.31567,0.04077,1,0
luke1:item10:mcq,uw-174323-mcq,addition:neutral,addition,neutral,llama 1b,-0.3442,mcq,1,6,6,0.3,0.0,0.02332,0.82799,0.2365,2.40499,1,0
luke1:item11:open,uw-174324-open,addition:neutral,addition,neutral,llama 1b,-0.3442,open,1,6,6,0.3,0.0,0.02332,0.82799,0.2365,2.40499,1,0
luke1:item12:mcq,uw-174324-mcq,addition:neutral,addition,neutral,llama 1b,-0.3442,mcq,1,6,6,0.3,0.0,0.02332,0.82799,0.2365,2.40499,1,0
luke1:item13:open,uw-174325-open,addition:neutral,addition,neutral,llama 1b,-0.3442,open,1,6,6,0.3,0.0,0.02332,0.82799,0.2365,2.40499,1,0
luke1:item14:mcq,uw-174325-mcq,addition:neutral,addition,neutral,llama 1b,-0.3442,mcq,1,6,6,0.3,0.0,0.02332,0.82799,0.2365,2.40499,1,0
luke1:item16:mcq,uw-174326-mcq,addition:neutral,addition,neutral,llama 1b,-0.3442,mcq,1,6,6,0.3,0.0,0.02332,0.82799,0.2365,2.40499,1,0
luke1:item17:open,uw-174328-open,addition:neutral,addition,neutral,llama 1b,-0.3442,open,1,6,6,0.3,0.0,0.02332,0.82799,0.2365,2.40499,1,0
luke1:item1:open,uw-174316-open,addition:neutral,addition,neutral,llama 1b,-0.3442,open,1,6,6,0.3,0.0,0.02332,0.82799,0.2365,2.40499,1,0
luke1:item20:mcq,uw-174329-mcq,addition:neutral,addition,neutral,llama 1b,-0.3442,mcq,1,6,6,0.3,0.0,0.02332,0.82799,0.2365,2.40499,1,0
luke1:item21:open,uw-174330-open,addition:neutral,addition,neutral,llama 1b,-0.3442,open,1,6,6,0.3,0.0,0.02332,0.82799,0.2365,2.40499,1,0
luke1:item22:mcq,uw-174330-mcq,addition:neutral,addition,neutral,llama 1b,-0.3442,mcq,1,6,6,0.3,0.0,0.02332,0.82799,0.2365,2.40499,1,0
luke1:item23:open,uw-174331-open,addition:neutral,addition,neutral,llama 1b,-0.3442,open,1,6,6,0.3,0.0,0.02332,0.82799,0.2365,2.40499,1,0
luke1:item24:mcq,uw-174331-mcq,addition:neutral,addition,neutral,llama 1b,-0.3442,mcq,1,6,6,0.3,0.0,0.02332,0.82799,0.2365,2.40499,1,0
luke1:item25:open,uw-174332-open,addition:neutral,addition,neutral,llama 1b,-0.3442,open,1,6,6,0.3,0.0,0.02332,0.82799,0.2365,2.40499,1,0
luke1:item26:mcq,uw-174332-mcq,addition:neutral,addition,neutral,llama 1b,-0.3442,mcq,1,6,6,0.3,0.0,0.02332,0.82799,0.2365,2.40499,1,0
luke1:item29:open,uw-174335-open,addition:neutral,addition,neutral,llama 1b,-0.3442,open,1,6,6,0.3,0.0,0.02332,0.82799,0.2365,2.40499,1,0
luke1:item2:mcq,uw-174316-mcq,addition:neutral,addition,neutral,llama 1b,-0.3442,mcq,1,6,6,0.3,0.0,0.02332,0.82799,0.2365,2.40499,1,0
luke1:item30:mcq,uw-174335-mcq,addition:neutral,addition,neutral,llama 1b,-0.3442,mcq,1,6,6,0.3,0.0,0.02332,0.82799,0.2365,2.40499,1,0
luke1:item32:mcq,uw-174336-mcq,addition:neutral,addition,neutral,llama 1b,-0.3442,mcq,1,6,6,0.3,0.0,0.02332,0.82799,0.2365,2.40499,1,0
luke1:item33:open,uw-174339-open,addition:neutral,addition,neutral,llama 1b,-0.3442,open,1,6,6,0.3,0.0,0.02332,0.82799,0.2365,2.40499,1,0
luke1:item34:mcq,uw-174339-mcq,addition:neutral,addition,neutral,llama 1b,-0.3442,mcq,1,6,6,0.3,0.0,0.02332,0.82799,0.2365,2.40499,1,0
luke1:item36:mcq,uw-174340-mcq,addition:neutral,addition,neutral,llama 1b,-0.3442,mcq,1,6,6,0.3,0.0,0.02332,0.82799,0.2365,2.40499,1,0
luke1:item38:mcq,uw-174341-mcq,addition:neutral,addition,neutral,llama 1b,-0.3442,mcq,1,6,6,0.3,0.0,0.02332,0.82799,0.2365,2.40499,1,0
luke1:item3:open,uw-174317-open,addition:neutral,addition,neutral,llama 1b,-0.3442,open,1,6,6,0.3,0.0,0.02332,0.82799,0.2365,2.40499,1,0
luke1:item41:open,uw-174343-open,addition:neutral,addition,neutral,llama 1b,-0.3442,open,1,6,6,0.3,0.0,0.02332,0.82799,0.2365,2.40499,1,0
luke1:item42:mcq,uw-174343-mcq,addition:neutral,addition,neutral,llama 1b,-0.3442,mcq,1,6,6,0.3,0.0,0.02332,0.82799,0.2365,2.40499,1,0
luke1:item43:open,uw-174344-open,addition:neutral,addition,neutral,llama 1b,-0.3442,open,1,6,6,0.3,0.0,0.02332,0.82799,0.2365,2.40499,1,0
luke1:item44:mcq,uw-174344-mcq,addition:neutral,addition,neutral,llama 1b,-0.3442,mcq,1,6,6,0.3,0.0,0.02332,0.82799,0.2365,2.40499,1,0
luke1:item4:mcq,uw-174317-mcq,addition:neutral,addition,neutral,llama 1b,-0.3442,mcq,1,6,6,0.3,0.0,0.02332,0.82799,0.2365,2.40499,1,0
luke1:item5:open,uw-174318-open,addition:neutral,addition,neutral,llama 1b,-0.3442,open,1,6,6,0.3,0.0,0.02332,0.82799,0.2365,2.40499,1,0
luke1:item6:mcq,uw-174318-mcq,addition:neutral,addition,neutral,llama 1b,-0.3442,mcq,1,6,6,0.3,0.0,0.02332,0.82799,0.2365,2.40499,1,0
luke1:item7:open,uw-174322-open,addition:neutral,addition,neutral,llama 1b,-0.3442,open,1,6,6,0.3,0.0,0.02332,0.82799,0.2365,2.40499,1,0
luke1:item8:mcq,uw-174322-mcq,addition:neutral,addition,neutral,llama 1b,-0.3442,mcq,1,6,6,0.3,0.0,0.02332,0.82799,0.2365,2.40499,1,0
luke1:item9:open,uw-174323-open,addition:neutral,addition,neutral,llama 1b,-0.3442,open,1,6,6,0.3,0.0,0.02332,0.82799,0.2365,2.40499,1,0
luke2:item14:mcq,uw-174354-mcq,addition:neutral,addition,neutral,llama 1b,-0.3442,mcq,2,6,6,0.3,0.0,0.02332,0.82799,0.2365,2.40499,1,0
luke2:item16:mcq,uw-174355-mcq,addition:neutral,addition,neutral,llama 1b,-0.3442,mcq,2,6,6,0.3,0.0,0.02332,0.82799,0.2365,2.40499,1,0
luke2:item18:mcq,uw-174357-mcq,addition:neutral,addition,neutral,llama 1b,-0.3442,mcq,2,6,6,0.3,0.0,0.02332,0.82799,0.2365,2.40499,1,0
luke2:item1:open,uw-174346-open,addition:neutral,addition,neutral,llama 1b,-0.3442,open,2,6,6,0.3,0.0,0.02332,0.82799,0.2365,2.40499,1,0
luke2:item2:mcq,uw-174346-mcq,addition:neutral,addition,neutral,llama 1b,-0.3442,mcq,2,6,6,0.3,0.0,0.02332,0.82799,0.2365,2.40499,1,0
luke2:item4:mcq,uw-174347-mcq,addition:neutral,addition,neutral,llama 1b,-0.3442,mcq,2,6,6,0.3,0.0,0.02332,0.82799,0.2365,2.40499,1,0
luke2:item6:mcq,uw-174349-mcq,addition:neutral,addition,neutral,llama 1b,-0.3442,mcq,2,6,6,0.3,0.0,0.02332,0.82799,0.2365,2.40499,1,0
luke2:item8:mcq,uw-174350-mcq,addition:neutral,addition,neutral,llama 1b,-0.3442,mcq,2,6,6,0.3,0.0,0.02332,0.82799,0.2365,2.40499,1,0
luke3:item12:mcq,uw-174374-mcq,addition:neutral,addition,neutral,llama 1b,-0.3442,mcq,3,6,6,0.3,0.0,0.02332,0.82799,0.2365,2.40499,1,0
luke3:item13:open,uw-174375-open,addition:neutral,addition,neutral,llama 1b,-0.3442,open,3,6,6,0.3,0.0,0.02332,0.82799,0.2365,2.40499,1,0
luke3:item14:mcq,uw-174375-mcq,addition:neutral,addition,neutral,llama 1b,-0.3442,mcq,3,6,6,0.3,0.0,0.02332,0.82799,0.2365,2.40499,1,0
luke3:item3:open,uw-174366-open,addition:neutral,addition,neutral,llama 1b,-0.3442,open,3,6,6,0.3,0.0,0.02332,0.82799,0.2365,2.40499,1,0
luke3:item8:mcq,uw-174368-mcq,addition:neutral,addition,neutral,llama 1b,-0.3442,mcq,3,6,6,0.3,0.0,0.02332,0.82799,0.2365,2.40499,1,0
luke4:item10:mcq,uw-174381-mcq,addition:neutral,addition,neutral,llama 1b,-0.3442,mcq,4,6,6,0.3,0.0,0.02332,0.82799,0.2365,2.40499,1,0
luke4:item13:open,uw-174384-open,addition:neutral,addition,neutral,llama 1b,-0.3442,open,4,6,6,0.3,0.0,0.02332,0.82799,0.2365,2.40499,1,0
luke4:item14:mcq,uw-174384-mcq,addition:neutral,addition,neutral,llama 1b,-0.3442,mcq,4,6,6,0.3,0.0,0.02332,0.82799,0.2365,2.40499,1,0
luke4:item17:open,uw-174388-open,addition:neutral,addition,neutral,llama 1b,-0.3442,open,4,6,6,0.3,0.0,0.02332,0.82799,0.2365,2.40499,1,0
luke4:item18:mcq,uw-174388-mcq,addition:neutral,addition,neutral,llama 1b,-0.3442,mcq,4,6,6,0.3,0.0,0.02332,0.82799,0.2365,2.40499,1,0
luke4:item1:open,uw-174377-open,addition:neutral,addition,neutral,llama 1b,-0.3442,open,4,6,6,0.3,0.0,0.02332,0.82799,0.2365,2.40499,1,0
luke4:item24:mcq,uw-174393-mcq,addition:neutral,addition,neutral,llama 1b,-0.3442,mcq,4,6,6,0.3,0.0,0.02332,0.82799,0.2365,2.40499,1,0
luke4:item26:mcq,uw-174394-mcq,addition:neutral,addition,neutral,llama 1b,-0.3442,mcq,4,6,6,0.3,0.0,0.02332,0.82799,0.2365,2.40499,1,0
luke4:item28:mcq,uw-174395-mcq,addition:neutral,addition,neutral,llama 1b,-0.3442,mcq,4,6,6,0.3,0.0,0.02332,0.82799,0.2365,2.40499,1,0
luke4:item33:open,uw-174397-open,addition:neutral,addition,neutral,llama 1b,-0.3442,open,4,6,6,0.3,0.0,0.02332,0.82799,0.2365,2.40499,1,0
luke4:item34:mcq,uw-174397-mcq,addition:neutral,addition,neutral,llama 1b,-0.3442,mcq,4,6,6,0.3,0.0,0.02332,0.82799,0.2365,2.40499,1,0
luke4:item3:open,uw-174378-open,addition:neutral,addition,neutral,llama 1b,-0.3442,open,4,6,6,0.3,0.0,0.02332,0.82799,0.2365,2.40499,1,0
luke4:item42:mcq,uw-174396-mcq,addition:neutral,addition,neutral,llama 1b,-0.3442,mcq,4,6,6,0.3,0.0,0.02332,0.82799,0.2365,2.40499,1,0
luke4:item4:mcq,uw-174378-mcq,addition:neutral,addition,neutral,llama 1b,-0.3442,mcq,4,6,6,0.3,0.0,0.02332,0.82799,0.2365,2.40499,1,0
luke4:item5:open,uw-174379-open,addition:neutral,addition,neutral,llama 1b,-0.3442,open,4,6,6,0.3,0.0,0.02332,0.82799,0.2365,2.40499,1,0
luke5:item12:mcq,uw-174404-mcq,addition:neutral,addition,neutral,llama 1b,-0.3442,mcq,5,6,6,0.3,0.0,0.02332,0.82799,0.2365,2.40499,1,0
luke5:item16:mcq,uw-174407-mcq,addition:neutral,addition,neutral,llama 1b,-0.3442,mcq,5,6,6,0.3,0.0,0.02332,0.82799,0.2365,2.40499,1,0
luke5:item18:mcq,uw-174408-mcq,addition:neutral,addition,neutral,llama 1b,-0.3442,mcq,5,6,6,0.3,0.0,0.02332,0.82799,0.2365,2.40499,1,0
luke5:item20:mcq,uw-174409-mcq,addition:neutral,addition,neutral,llama 1b,-0.3442,mcq,5,6,6,0.3,0.0,0.02332,0.82799,0.2365,2.40499,1,0
luke5:item22:mcq,uw-174410-mcq,addition:neutral,addition,neutral,llama 1b,-0.3442,mcq,5,6,6,0.3,0.0,0.02332,0.82799,0.2365,2.40499,1,0
luke5:item25:open,uw-174403-open,addition:neutral,addition,neutral,llama 1b,-0.3442,open,5,6,6,0.3,0.0,0.02332,0.82799,0.2365,2.40499,1,0
luke5:item26:mcq,uw-174403-mcq,addition:neutral,addition,neutral,llama 1b,-0.3442,mcq,5,6,6,0.3,0.0,0.02332,0.82799,0.2365,2.40499,1,0
luke6:item12:mcq,uw-174424-mcq,addition:neutral,addition,neutral,llama 1b,-0.3442,mcq,6,6,6,0.3,0.0,0.02332,0.82799,0.2365,2.40499,1,0
luke6:item14:mcq,uw-174427-mcq,addition:neutral,addition,neutral,llama 1b,-0.3442,mcq,6,6,6,0.3,0.0,0.02332,0.82799,0.2365,2.40499,1,0
luke6:item16:mcq,uw-174428-mcq,addition:neutral,addition,neutral,llama 1b,-0.3442,mcq,6,6,6,0.3,0.0,0.02332,0.82799,0.2365,2.40499,1,0
luke6:item6:mcq,uw-174421-mcq,addition:neutral,addition,neutral,llama 1b,-0.3442,mcq,6,6,6,0.3,0.0,0.02332,0.82799,0.2365,2.40499,1,0
luke6:item8:mcq,uw-174422-mcq,addition:neutral,addition,neutral,llama 1b,-0.3442,mcq,6,6,6,0.3,0.0,0.02332,0.82799,0.2365,2.40499,1,0
luke7:item12:mcq,uw-174436-mcq,addition:neutral,addition,neutral,llama 1b,-0.3442,mcq,7,6,6,0.3,0.0,0.02332,0.82799,0.2365,2.40499,1,0
luke7:item16:mcq,uw-174441-mcq,addition:neutral,addition,neutral,llama 1b,-0.3442,mcq,7,6,6,0.3,0.0,0.02332,0.82799,0.2365,2.40499,1,0
luke8:item10:mcq,uw-174448-mcq,addition:neutral,addition,neutral,llama 1b,-0.3442,mcq,8,6,6,0.3,0.0,0.02332,0.82799,0.2365,2.40499,1,0
luke8:item12:mcq,uw-174449-mcq,addition:neutral,addition,neutral,llama 1b,-0.3442,mcq,8,6,6,0.3,0.0,0.02332,0.82799,0.2365,2.40499,1,0
luke8:item16:mcq,uw-174454-mcq,addition:neutral,addition,neutral,llama 1b,-0.3442,mcq,8,6,6,0.3,0.0,0.02332,0.82799,0.2365,2.40499,1,0
luke8:item18:mcq,uw-174455-mcq,addition:neutral,addition,neutral,llama 1b,-0.3442,mcq,8,6,6,0.3,0.0,0.02332,0.82799,0.2365,2.40499,1,0
luke1:item27:open,uw-174333-open,addition:neutral,addition,neutral,llama 1b,-0.3442,open,1,6,6,0.3,0.0,0.02167,0.7991,0.21982,-2.13063,1,0
luke1:item28:mcq,uw-174333-mcq,addition:neutral,addition,neutral,llama 1b,-0.3442,mcq,1,6,6,0.3,0.0,0.02167,0.7991,0.21982,-2.13063,1,0
luke1:item31:open,uw-174336-open,addition:neutral,addition,neutral,llama 1b,-0.3442,open,1,6,6,0.3,0.0,0.02167,0.7991,0.21982,-2.13063,1,0
luke2:item11:open,uw-174352-open,addition:neutral,addition,neutral,llama 1b,-0.3442,open,2,6,6,0.3,0.0,0.02167,0.7991,0.21982,-2.13063,1,0
luke2:item15:open,uw-174355-open,addition:neutral,addition,neutral,llama 1b,-0.3442,open,2,6,6,0.3,0.0,0.02167,0.7991,0.21982,-2.13063,1,0
luke2:item22:mcq,uw-174361-mcq,addition:neutral,addition,neutral,llama 1b,-0.3442,mcq,2,6,6,0.3,0.0,0.02167,0.7991,0.21982,-2.13063,1,0
luke3:item10:mcq,uw-174370-mcq,addition:neutral,addition,neutral,llama 1b,-0.3442,mcq,3,6,6,0.3,0.0,0.02167,0.7991,0.21982,-2.13063,1,0
luke3:item1:open,uw-174365-open,addition:neutral,addition,neutral,llama 1b,-0.3442,open,3,6,6,0.3,0.0,0.02167,0.7991,0.21982,-2.13063,1,0
luke3:item5:open,uw-174367-open,addition:neutral,addition,neutral,llama 1b,-0.3442,open,3,6,6,0.3,0.0,0.02167,0.7991,0.21982,-2.13063,1,0
luke3:item9:open,uw-174370-open,addition:neutral,addition,neutral,llama 1b,-0.3442,open,3,6,6,0.3,0.0,0.02167,0.7991,0.21982,-2.13063,1,0
luke4:item16:mcq,uw-174387-mcq,addition:neutral,addition,neutral,llama 1b,-0.3442,mcq,4,6,6,0.3,0.0,0.02167,0.7991,0.21982,-2.13063,1,0
luke4:item20:mcq,uw-174389-mcq,addition:neutral,addition,neutral,llama 1b,-0.3442,mcq,4,6,6,0.3,0.0,0.02167,0.7991,0.21982,-2.13063,1,0
luke4:item27:open,uw-174395-open,addition:neutral,addition,neutral,llama 1b,-0.3442,open,4,6,6,0.3,0.0,0.02167,0.7991,0.21982,-2.13063,1,0
luke4:item2:mcq,uw-174377-mcq,addition:neutral,addition,neutral,llama 1b,-0.3442,mcq,4,6,6,0.3,0.0,0.02167,0.7991,0.21982,-2.13063,1,0
luke4:item44:mcq,uw-174398-mcq,addition:neutral,addition,neutral,llama 1b,-0.3442,mcq,4,6,6,0.3,0.0,0.02167,0.7991,0.21982,-2.13063,1,0
luke5:item11:open,uw-174404-open,addition:neutral,addition,neutral,llama 1b,-0.3442,open,5,6,6,0.3,0.0,0.02167,0.7991,0.21982,-2.13063,1,0
luke5:item14:mcq,uw-174406-mcq,addition:neutral,addition,neutral,llama 1b,-0.3442,mcq,5,6,6,0.3,0.0,0.02167,0.7991,0.21982,-2.13063,1,0
luke5:item24:mcq,uw-174412-mcq,addition:neutral,addition,neutral,llama 1b,-0.3442,mcq,5,6,6,0.3,0.0,0.02167,0.7991,0.21982,-2.13063,1,0
luke5:item6:mcq,uw-174402-mcq,addition:neutral,addition,neutral,llama 1b,-0.3442,mcq,5,6,6,0.3,0.0,0.02167,0.7991,0.21982,-2.13063,1,0
luke6:item11:open,uw-174424-open,addition:neutral,addition,neutral,llama 1b,-0.3442,open,6,6,6,0.3,0.0,0.02167,0.7991,0.21982,-2.13063,1,0
luke6:item13:open,uw-174427-open,addition:neutral,addition,neutral,llama 1b,-0.3442,open,6,6,6,0.3,0.0,0.02167,0.7991,0.21982,-2.13063,1,0
luke6:item15:open,uw-174428-open,addition:neutral,addition,neutral,llama 1b,-0.3442,open,6,6,6,0.3,0.0,0.02167,0.7991,0.21982,-2.13063,1,0
luke6:item4:mcq,uw-174415-mcq,addition:neutral,addition,neutral,llama 1b,-0.3442,mcq,6,6,6,0.3,0.0,0.02167,0.7991,0.21982,-2.13063,1,0
luke7:item17:open,uw-174442-open,addition:neutral,addition,neutral,llama 1b,-0.3442,open,7,6,6,0.3,0.0,0.02167,0.7991,0.21982,-2.13063,1,0
luke7:item1:open,uw-174429-open,addition:neutral,addition,neutral,llama 1b,-0.3442,open,7,6,6,0.3,0.0,0.02167,0.7991,0.21982,-2.13063,1,0
luke7:item4:mcq,uw-174430-mcq,addition:neutral,addition,neutral,llama 1b,-0.3442,mcq,7,6,6,0.3,0.0,0.02167,0.7991,0.21982,-2.13063,1,0
luke7:item6:mcq,uw-174431-mcq,addition:neutral,addition,neutral,llama 1b,-0.3442,mcq,7,6,6,0.3,0.0,0.02167,0.7991,0.21982,-2.13063,1,0
luke7:item8:mcq,uw-174432-mcq,addition:neutral,addition,neutral,llama 1b,-0.3442,mcq,7,6,6,0.3,0.0,0.02167,0.7991,0.21982,-2.13063,1,0
luke8:item11:open,uw-174449-open,addition:neutral,addition,neutral,llama 1b,-0.3442,open,8,6,6,0.3,0.0,0.02167,0.7991,0.21982,-2.13063,1,0
luke8:item17:open,uw-174455-open,addition:neutral,addition,neutral,llama 1b,-0.3442,open,8,6,6,0.3,0.0,0.02167,0.7991,0.21982,-2.13063,1,0
luke8:item1:open,uw-174444-open,addition:neutral,addition,neutral,llama 1b,-0.3442,open,8,6,6,0.3,0.0,0.02167,0.7991,0.21982,-2.13063,1,0
luke8:item2:mcq,uw-174444-mcq,addition:neutral,addition,neutral,llama 1b,-0.3442,mcq,8,6,6,0.3,0.0,0.02167,0.7991,0.21982,-2.13063,1,0
luke8:item4:mcq,uw-174445-mcq,addition:neutral,addition,neutral,llama 1b,-0.3442,mcq,8,6,6,0.3,0.0,0.02167,0.7991,0.21982,-2.13063,1,0
luke8:item6:mcq,uw-174446-mcq,addition:neutral,addition,neutral,llama 1b,-0.3442,mcq,8,6,6,0.3,0.0,0.02167,0.7991,0.21982,-2.13063,1,0
luke8:item9:open,uw-174448-open,addition:neutral,addition,neutral,llama 1b,-0.3442,open,8,6,6,0.3,0.0,0.02167,0.7991,0.21982,-2.13063,1,0
luke5:item23:open,uw-174412-open,addition:neutral,addition,neutral,llama 1b,-0.3442,open,5,6,6,0.3,0.0,0.0136,0.63262,0.13792,0.05966,1,0
luke6:item1:open,uw-174414-open,addition:neutral,addition,neutral,llama 1b,-0.3442,open,6,6,6,0.3,0.0,0.0136,0.63262,0.13792,0.05966,1,0
luke2:item17:open,uw-174357-open,addition:bad,addition,bad,llama 1b,-0.3442,open,2,6,6,0.3,0.0,-0.00743,0.63261,-0.07537,0.05449,1,0
luke2:item21:open,uw-174361-open,addition:bad,addition,bad,llama 1b,-0.3442,open,2,6,6,0.3,0.0,-0.00743,0.63261,-0.07537,0.05449,1,0
luke5:item21:open,uw-174410-open,addition:bad,addition,bad,llama 1b,-0.3442,open,5,6,6,0.3,0.0,-0.00743,0.63261,-0.07537,0.05449,1,0
luke5:item23:open,uw-174412-open,addition:bad,addition,bad,llama 1b,-0.3442,open,5,6,6,0.3,0.0,-0.00743,0.63261,-0.07537,0.05449,1,0
luke6:item1:open,uw-174414-open,addition:bad,addition,bad,llama 1b,-0.3442,open,6,6,6,0.3,0.0,-0.00743,0.63261,-0.07537,0.05449,1,0
luke6:item9:open,uw-174423-open,addition:bad,addition,bad,llama 1b,-0.3442,open,6,6,6,0.3,0.0,-0.00743,0.63261,-0.07537,0.05449,1,0
luke1:item18:mcq,uw-174328-mcq,addition:bad,addition,bad,llama 1b,-0.3442,mcq,1,6,6,0.3,0.0,-0.01186,0.79906,-0.12033,-2.14162,1,0
luke1:item27:open,uw-174333-open,addition:bad,addition,bad,llama 1b,-0.3442,open,1,6,6,0.3,0.0,-0.01186,0.79906,-0.12033,-2.14162,1,0
luke1:item28:mcq,uw-174333-mcq,addition:bad,addition,bad,llama 1b,-0.3442,mcq,1,6,6,0.3,0.0,-0.01186,0.79906,-0.12033,-2.14162,1,0
luke1:item37:open,uw-174341-open,addition:bad,addition,bad,llama 1b,-0.3442,open,1,6,6,0.3,0.0,-0.01186,0.79906,-0.12033,-2.14162,1,0
luke2:item11:open,uw-174352-open,addition:bad,addition,bad,llama 1b,-0.3442,open,2,6,6,0.3,0.0,-0.01186,0.79906,-0.12033,-2.14162,1,0
luke2:item15:open,uw-174355-open,addition:bad,addition,bad,llama 1b,-0.3442,open,2,6,6,0.3,0.0,-0.01186,0.79906,-0.12033,-2.14162,1,0
luke2:item22:mcq,uw-174361-mcq,addition:bad,addition,bad,llama 1b,-0.3442,mcq,2,6,6,0.3,0.0,-0.01186,0.79906,-0.12033,-2.14162,1,0
luke2:item23:open,uw-174362-open,addition:bad,addition,bad,llama 1b,-0.3442,open,2,6,6,0.3,0.0,-0.01186,0.79906,-0.12033,-2.14162,1,0
luke3:item10:mcq,uw-174370-mcq,addition:bad,addition,bad,llama 1b,-0.3442,mcq,3,6,6,0.3,0.0,-0.01186,0.79906,-0.12033,-2.14162,1,0
luke3:item11:open,uw-174374-open,addition:bad,addition,bad,llama 1b,-0.3442,open,3,6,6,0.3,0.0,-0.01186,0.79906,-0.12033,-2.14162,1,0
luke3:item1:open,uw-174365-open,addition:bad,addition,bad,llama 1b,-0.3442,open,3,6,6,0.3,0.0,-0.01186,0.79906,-0.12033,-2.14162,1,0
luke3:item5:open,uw-174367-open,addition:bad,addition,bad,llama 1b,-0.3442,open,3,6,6,0.3,0.0,-0.01186,0.79906,-0.12033,-2.14162,1,0
luke3:item9:open,uw-174370-open,addition:bad,addition,bad,llama 1b,-0.3442,open,3,6,6,0.3,0.0,-0.01186,0.79906,-0.12033,-2.14162,1,0
luke4:item11:open,uw-174382-open,addition:bad,addition,bad,llama 1b,-0.3442,open,4,6,6,0.3,0.0,-0.01186,0.79906,-0.12033,-2.14162,1,0
luke4:item12:mcq,uw-174382-mcq,addition:bad,addition,bad,llama 1b,-0.3442,mcq,4,6,6,0.3,0.0,-0.01186,0.79906,-0.12033,-2.14162,1,0
luke4:item16:mcq,uw-174387-mcq,addition:bad,addition,bad,llama 1b,-0.3442,mcq,4,6,6,0.3,0.0,-0.01186,0.79906,-0.12033,-2.14162,1,0
luke4:item19:open,uw-174389-open,addition:bad,addition,bad,llama 1b,-0.3442,open,4,6,6,0.3,0.0,-0.01186,0.79906,-0.12033,-2.14162,1,0
luke4:item20:mcq,uw-174389-mcq,addition:bad,addition,bad,llama 1b,-0.3442,mcq,4,6,6,0.3,0.0,-0.01186,0.79906,-0.12033,-2.14162,1,0
luke4:item27:open,uw-174395-open,addition:bad,addition,bad,llama 1b,-0.3442,open,4,6,6,0.3,0.0,-0.01186,0.79906,-0.12033,-2.14162,1,0
luke4:item2:mcq,uw-174377-mcq,addition:bad,addition,bad,llama 1b,-0.3442,mcq,4,6,6,0.3,0.0,-0.01186,0.79906,-0.12033,-2.14162,1,0
luke4:item44:mcq,uw-174398-mcq,addition:bad,addition,bad,llama 1b,-0.3442,mcq,4,6,6,0.3,0.0,-0.01186,0.79906,-0.12033,-2.14162,1,0
luke5:item11:open,uw-174404-open,addition:bad,addition,bad,llama 1b,-0.3442,open,5,6,6,0.3,0.0,-0.01186,0.79906,-0.12033,-2.14162,1,0
luke5:item14:mcq,uw-174406-mcq,addition:bad,addition,bad,llama 1b,-0.3442,mcq,5,6,6,0.3,0.0,-0.01186,0.79906,-0.12033,-2.14162,1,0
luke5:item17:open,uw-174408-open,addition:bad,addition,bad,llama 1b,-0.3442,open,5,6,6,0.3,0.0,-0.01186,0.79906,-0.12033,-2.14162,1,0
luke5:item2:mcq,uw-174400-mcq,addition:bad,addition,bad,llama 1b,-0.3442,mcq,5,6,6,0.3,0.0,-0.01186,0.79906,-0.12033,-2.14162,1,0
luke5:item6:mcq,uw-174402-mcq,addition:bad,addition,bad,llama 1b,-0.3442,mcq,5,6,6,0.3,0.0,-0.01186,0.79906,-0.12033,-2.14162,1,0
luke6:item11:open,uw-174424-open,addition:bad,addition,bad,llama 1b,-0.3442,open,6,6,6,0.3,0.0,-0.01186,0.79906,-0.12033,-2.14162,1,0
luke6:item15:open,uw-174428-open,addition:bad,addition,bad,llama 1b,-0.3442,open,6,6,6,0.3,0.0,-0.01186,0.79906,-0.12033,-2.14162,1,0
luke6:item4:mcq,uw-174415-mcq,addition:bad,addition,bad,llama 1b,-0.3442,mcq,6,6,6,0.3,0.0,-0.01186,0.79906,-0.12033,-2.14162,1,0
luke7:item11:open,uw-174436-open,addition:bad,addition,bad,llama 1b,-0.3442,open,7,6,6,0.3,0.0,-0.01186,0.79906,-0.12033,-2.14162,1,0
luke7:item17:open,uw-174442-open,addition:bad,addition,bad,llama 1b,-0.3442,open,7,6,6,0.3,0.0,-0.01186,0.79906,-0.12033,-2.14162,1,0
luke7:item3:open,uw-174430-open,addition:bad,addition,bad,llama 1b,-0.3442,open,7,6,6,0.3,0.0,-0.01186,0.79906,-0.12033,-2.14162,1,0
luke7:item4:mcq,uw-174430-mcq,addition:bad,addition,bad,llama 1b,-0.3442,mcq,7,6,6,0.3,0.0,-0.01186,0.79906,-0.12033,-2.14162,1,0
luke7:item5:open,uw-174431-open,addition:bad,addition,bad,llama 1b,-0.3442,open,7,6,6,0.3,0.0,-0.01186,0.79906,-0.12033,-2.14162,1,0
luke7:item6:mcq,uw-174431-mcq,addition:bad,addition,bad,llama 1b,-0.3442,mcq,7,6,6,0.3,0.0,-0.01186,0.79906,-0.12033,-2.14162,1,0
luke7:item8:mcq,uw-174432-mcq,addition:bad,addition,bad,llama 1b,-0.3442,mcq,7,6,6,0.3,0.0,-0.01186,0.79906,-0.12033,-2.14162,1,0
luke8:item11:open,uw-174449-open,addition:bad,addition,bad,llama 1b,-0.3442,open,8,6,6,0.3,0.0,-0.01186,0.79906,-0.12033,-2.14162,1,0
luke8:item1:open,uw-174444-open,addition:bad,addition,bad,llama 1b,-0.3442,open,8,6,6,0.3,0.0,-0.01186,0.79906,-0.12033,-2.14162,1,0
luke8:item4:mcq,uw-174445-mcq,addition:bad,addition,bad,llama 1b,-0.3442,mcq,8,6,6,0.3,0.0,-0.01186,0.79906,-0.12033,-2.14162,1,0
luke8:item6:mcq,uw-174446-mcq,addition:bad,addition,bad,llama 1b,-0.3442,mcq,8,6,6,0.3,0.0,-0.01186,0.79906,-0.12033,-2.14162,1,0
luke8:item9:open,uw-174448-open,addition:bad,addition,bad,llama 1b,-0.3442,open,8,6,6,0.3,0.0,-0.01186,0.79906,-0.12033,-2.14162,1,0
luke1:item10:mcq,uw-174323-mcq,addition:bad,addition,bad,llama 1b,-0.3442,mcq,1,6,6,0.3,0.0,-0.01272,0.82791,-0.12903,2.3921,1,0
luke1:item11:open,uw-174324-open,addition:bad,addition,bad,llama 1b,-0.3442,open,1,6,6,0.3,0.0,-0.01272,0.82791,-0.12903,2.3921,1,0
luke1:item12:mcq,uw-174324-mcq,addition:bad,addition,bad,llama 1b,-0.3442,mcq,1,6,6,0.3,0.0,-0.01272,0.82791,-0.12903,2.3921,1,0
luke1:item14:mcq,uw-174325-mcq,addition:bad,addition,bad,llama 1b,-0.3442,mcq,1,6,6,0.3,0.0,-0.01272,0.82791,-0.12903,2.3921,1,0
luke1:item16:mcq,uw-174326-mcq,addition:bad,addition,bad,llama 1b,-0.3442,mcq,1,6,6,0.3,0.0,-0.01272,0.82791,-0.12903,2.3921,1,0
luke1:item20:mcq,uw-174329-mcq,addition:bad,addition,bad,llama 1b,-0.3442,mcq,1,6,6,0.3,0.0,-0.01272,0.82791,-0.12903,2.3921,1,0
luke1:item21:open,uw-174330-open,addition:bad,addition,bad,llama 1b,-0.3442,open,1,6,6,0.3,0.0,-0.01272,0.82791,-0.12903,2.3921,1,0
luke1:item22:mcq,uw-174330-mcq,addition:bad,addition,bad,llama 1b,-0.3442,mcq,1,6,6,0.3,0.0,-0.01272,0.82791,-0.12903,2.3921,1,0
luke1:item23:open,uw-174331-open,addition:bad,addition,bad,llama 1b,-0.3442,open,1,6,6,0.3,0.0,-0.01272,0.82791,-0.12903,2.3921,1,0
luke1:item24:mcq,uw-174331-mcq,addition:bad,addition,bad,llama 1b,-0.3442,mcq,1,6,6,0.3,0.0,-0.01272,0.82791,-0.12903,2.3921,1,0
luke1:item25:open,uw-174332-open,addition:bad,addition,bad,llama 1b,-0.3442,open,1,6,6,0.3,0.0,-0.01272,0.82791,-0.12903,2.3921,1,0
luke1:item26:mcq,uw-174332-mcq,addition:bad,addition,bad,llama 1b,-0.3442,mcq,1,6,6,0.3,0.0,-0.01272,0.82791,-0.12903,2.3921,1,0
luke1:item29:open,uw-174335-open,addition:bad,addition,bad,llama 1b,-0.3442,open,1,6,6,0.3,0.0,-0.01272,0.82791,-0.12903,2.3921,1,0
luke1:item2:mcq,uw-174316-mcq,addition:bad,addition,bad,llama 1b,-0.3442,mcq,1,6,6,0.3,0.0,-0.01272,0.82791,-0.12903,2.3921,1,0
luke1:item30:mcq,uw-174335-mcq,addition:bad,addition,bad,llama 1b,-0.3442,mcq,1,6,6,0.3,0.0,-0.01272,0.82791,-0.12903,2.3921,1,0
luke1:item32:mcq,uw-174336-mcq,addition:bad,addition,bad,llama 1b,-0.3442,mcq,1,6,6,0.3,0.0,-0.01272,0.82791,-0.12903,2.3921,1,0
luke1:item33:open,uw-174339-open,addition:bad,addition,bad,llama 1b,-0.3442,open,1,6,6,0.3,0.0,-0.01272,0.82791,-0.12903,2.3921,1,0
luke1:item34:mcq,uw-174339-mcq,addition:bad,addition,bad,llama 1b,-0.3442,mcq,1,6,6,0.3,0.0,-0.01272,0.82791,-0.12903,2.3921,1,0
luke1:item36:mcq,uw-174340-mcq,addition:bad,addition,bad,llama 1b,-0.3442,mcq,1,6,6,0.3,0.0,-0.01272,0.82791,-0.12903,2.3921,1,0
luke1:item38:mcq,uw-174341-mcq,addition:bad,addition,bad,llama 1b,-0.3442,mcq,1,6,6,0.3,0.0,-0.01272,0.82791,-0.12903,2.3921,1,0
luke1:item3:open,uw-174317-open,addition:bad,addition,bad,llama 1b,-0.3442,open,1,6,6,0.3,0.0,-0.01272,0.82791,-0.12903,2.3921,1,0
luke1:item41:open,uw-174343-open,addition:bad,addition,bad,llama 1b,-0.3442,open,1,6,6,0.3,0.0,-0.01272,0.82791,-0.12903,2.3921,1,0
luke1:item42:mcq,uw-174343-mcq,addition:bad,addition,bad,llama 1b,-0.3442,mcq,1,6,6,0.3,0.0,-0.01272,0.82791,-0.12903,2.3921,1,0
luke1:item44:mcq,uw-174344-mcq,addition:bad,addition,bad,llama 1b,-0.3442,mcq,1,6,6,0.3,0.0,-0.01272,0.82791,-0.12903,2.3921,1,0
luke1:item4:mcq,uw-174317-mcq,addition:bad,addition,bad,llama 1b,-0.3442,mcq,1,6,6,0.3,0.0,-0.01272,0.82791,-0.12903,2.3921,1,0
luke1:item5:open,uw-174318-open,addition:bad,addition,bad,llama 1b,-0.3442,open,1,6,6,0.3,0.0,-0.01272,0.82791,-0.12903,2.3921,1,0
luke1:item6:mcq,uw-174318-mcq,addition:bad,addition,bad,llama 1b,-0.3442,mcq,1,6,6,0.3,0.0,-0.01272,0.82791,-0.12903,2.3921,1,0
luke1:item7:open,uw-174322-open,addition:bad,addition,bad,llama 1b,-0.3442,open,1,6,6,0.3,0.0,-0.01272,0.82791,-0.12903,2.3921,1,0
luke1:item8:mcq,uw-174322-mcq,addition:bad,addition,bad,llama 1b,-0.3442,mcq,1,6,6,0.3,0.0,-0.01272,0.82791,-0.12903,2.3921,1,0
luke1:item9:open,uw-174323-open,addition:bad,addition,bad,llama 1b,-0.3442,open,1,6,6,0.3,0.0,-0.01272,0.82791,-0.12903,2.3921,1,0
luke2:item14:mcq,uw-174354-mcq,addition:bad,addition,bad,llama 1b,-0.3442,mcq,2,6,6,0.3,0.0,-0.01272,0.82791,-0.12903,2.3921,1,0
luke2:item16:mcq,uw-174355-mcq,addition:bad,addition,bad,llama 1b,-0.3442,mcq,2,6,6,0.3,0.0,-0.01272,0.82791,-0.12903,2.3921,1,0
luke2:item18:mcq,uw-174357-mcq,addition:bad,addition,bad,llama 1b,-0.3442,mcq,2,6,6,0.3,0.0,-0.01272,0.82791,-0.12903,2.3921,1,0
luke2:item1:open,uw-174346-open,addition:bad,addition,bad,llama 1b,-0.3442,open,2,6,6,0.3,0.0,-0.01272,0.82791,-0.12903,2.3921,1,0
luke2:item20:mcq,uw-174359-mcq,addition:bad,addition,bad,llama 1b,-0.3442,mcq,2,6,6,0.3,0.0,-0.01272,0.82791,-0.12903,2.3921,1,0
luke2:item2:mcq,uw-174346-mcq,addition:bad,addition,bad,llama 1b,-0.3442,mcq,2,6,6,0.3,0.0,-0.01272,0.82791,-0.12903,2.3921,1,0
luke2:item4:mcq,uw-174347-mcq,addition:bad,addition,bad,llama 1b,-0.3442,mcq,2,6,6,0.3,0.0,-0.01272,0.82791,-0.12903,2.3921,1,0
luke2:item6:mcq,uw-174349-mcq,addition:bad,addition,bad,llama 1b,-0.3442,mcq,2,6,6,0.3,0.0,-0.01272,0.82791,-0.12903,2.3921,1,0
luke2:item8:mcq,uw-174350-mcq,addition:bad,addition,bad,llama 1b,-0.3442,mcq,2,6,6,0.3,0.0,-0.01272,0.82791,-0.12903,2.3921,1,0
luke3:item12:mcq,uw-174374-mcq,addition:bad,addition,bad,llama 1b,-0.3442,mcq,3,6,6,0.3,0.0,-0.01272,0.82791,-0.12903,2.3921,1,0
luke3:item13:open,uw-174375-open,addition:bad,addition,bad,llama 1b,-0.3442,open,3,6,6,0.3,0.0,-0.01272,0.82791,-0.12903,2.3921,1,0
luke3:item14:mcq,uw-174375-mcq,addition:bad,addition,bad,llama 1b,-0.3442,mcq,3,6,6,0.3,0.0,-0.01272,0.82791,-0.12903,2.3921,1,0
luke3:item3:open,uw-174366-open,addition:bad,addition,bad,llama 1b,-0.3442,open,3,6,6,0.3,0.0,-0.01272,0.82791,-0.12903,2.3921,1,0
luke3:item7:open,uw-174368-open,addition:bad,addition,bad,llama 1b,-0.3442,open,3,6,6,0.3,0.0,-0.01272,0.82791,-0.12903,2.3921,1,0
luke3:item8:mcq,uw-174368-mcq,addition:bad,addition,bad,llama 1b,-0.3442,mcq,3,6,6,0.3,0.0,-0.01272,0.82791,-0.12903,2.3921,1,0
luke4:item10:mcq,uw-174381-mcq,addition:bad,addition,bad,llama 1b,-0.3442,mcq,4,6,6,0.3,0.0,-0.01272,0.82791,-0.12903,2.3921,1,0
luke4:item14:mcq,uw-174384-mcq,addition:bad,addition,bad,llama 1b,-0.3442,mcq,4,6,6,0.3,0.0,-0.01272,0.82791,-0.12903,2.3921,1,0
luke4:item17:open,uw-174388-open,addition:bad,addition,bad,llama 1b,-0.3442,open,4,6,6,0.3,0.0,-0.01272,0.82791,-0.12903,2.3921,1,0
luke4:item1:open,uw-174377-open,addition:bad,addition,bad,llama 1b,-0.3442,open,4,6,6,0.3,0.0,-0.01272,0.82791,-0.12903,2.3921,1,0
luke4:item21:open,uw-174392-open,addition:bad,addition,bad,llama 1b,-0.3442,open,4,6,6,0.3,0.0,-0.01272,0.82791,-0.12903,2.3921,1,0
luke4:item24:mcq,uw-174393-mcq,addition:bad,addition,bad,llama 1b,-0.3442,mcq,4,6,6,0.3,0.0,-0.01272,0.82791,-0.12903,2.3921,1,0
luke4:item25:open,uw-174394-open,addition:bad,addition,bad,llama 1b,-0.3442,open,4,6,6,0.3,0.0,-0.01272,0.82791,-0.12903,2.3921,1,0
luke4:item26:mcq,uw-174394-mcq,addition:bad,addition,bad,llama 1b,-0.3442,mcq,4,6,6,0.3,0.0,-0.01272,0.82791,-0.12903,2.3921,1,0
luke4:item28:mcq,uw-174395-mcq,addition:bad,addition,bad,llama 1b,-0.3442,mcq,4,6,6,0.3,0.0,-0.01272,0.82791,-0.12903,2.3921,1,0
luke4:item33:open,uw-174397-open,addition:bad,addition,bad,llama 1b,-0.3442,open,4,6,6,0.3,0.0,-0.01272,0.82791,-0.12903,2.3921,1,0
luke4:item34:mcq,uw-174397-mcq,addition:bad,addition,bad,llama 1b,-0.3442,mcq,4,6,6,0.3,0.0,-0.01272,0.82791,-0.12903,2.3921,1,0
luke4:item3:open,uw-174378-open,addition:bad,addition,bad,llama 1b,-0.3442,open,4,6,6,0.3,0.0,-0.01272,0.82791,-0.12903,2.3921,1,0
luke4:item42:mcq,uw-174396-mcq,addition:bad,addition,bad,llama 1b,-0.3442,mcq,4,6,6,0.3,0.0,-0.01272,0.82791,-0.12903,2.3921,1,0
luke4:item4:mcq,uw-174378-mcq,addition:bad,addition,bad,llama 1b,-0.3442,mcq,4,6,6,0.3,0.0,-0.01272,0.82791,-0.12903,2.3921,1,0
luke4:item5:open,uw-174379-open,addition:bad,addition,bad,llama 1b,-0.3442,open,4,6,6,0.3,0.0,-0.01272,0.82791,-0.12903,2.3921,1,0
luke5:item12:mcq,uw-174404-mcq,addition:bad,addition,bad,llama 1b,-0.3442,mcq,5,6,6,0.3,0.0,-0.01272,0.82791,-0.12903,2.3921,1,0
luke5:item16:mcq,uw-174407-mcq,addition:bad,addition,bad,llama 1b,-0.3442,mcq,5,6,6,0.3,0.0,-0.01272,0.82791,-0.12903,2.3921,1,0
luke5:item18:mcq,uw-174408-mcq,addition:bad,addition,bad,llama 1b,-0.3442,mcq,5,6,6,0.3,0.0,-0.01272,0.82791,-0.12903,2.3921,1,0
luke5:item20:mcq,uw-174409-mcq,addition:bad,addition,bad,llama 1b,-0.3442,mcq,5,6,6,0.3,0.0,-0.01272,0.82791,-0.12903,2.3921,1,0
luke5:item22:mcq,uw-174410-mcq,addition:bad,addition,bad,llama 1b,-0.3442,mcq,5,6,6,0.3,0.0,-0.01272,0.82791,-0.12903,2.3921,1,0
luke5:item25:open,uw-174403-open,addition:bad,addition,bad,llama 1b,-0.3442,open,5,6,6,0.3,0.0,-0.01272,0.82791,-0.12903,2.3921,1,0
luke5:item26:mcq,uw-174403-mcq,addition:bad,addition,bad,llama 1b,-0.3442,mcq,5,6,6,0.3,0.0,-0.01272,0.82791,-0.12903,2.3921,1,0
luke6:item12:mcq,uw-174424-mcq,addition:bad,addition,bad,llama 1b,-0.3442,mcq,6,6,6,0.3,0.0,-0.01272,0.82791,-0.12903,2.3921,1,0
luke6:item14:mcq,uw-174427-mcq,addition:bad,addition,bad,llama 1b,-0.3442,mcq,6,6,6,0.3,0.0,-0.01272,0.82791,-0.12903,2.3921,1,0
luke6:item2:mcq,uw-174414-mcq,addition:bad,addition,bad,llama 1b,-0.3442,mcq,6,6,6,0.3,0.0,-0.01272,0.82791,-0.12903,2.3921,1,0
luke6:item7:open,uw-174422-open,addition:bad,addition,bad,llama 1b,-0.3442,open,6,6,6,0.3,0.0,-0.01272,0.82791,-0.12903,2.3921,1,0
luke6:item8:mcq,uw-174422-mcq,addition:bad,addition,bad,llama 1b,-0.3442,mcq,6,6,6,0.3,0.0,-0.01272,0.82791,-0.12903,2.3921,1,0
luke7:item12:mcq,uw-174436-mcq,addition:bad,addition,bad,llama 1b,-0.3442,mcq,7,6,6,0.3,0.0,-0.01272,0.82791,-0.12903,2.3921,1,0
luke7:item16:mcq,uw-174441-mcq,addition:bad,addition,bad,llama 1b,-0.3442,mcq,7,6,6,0.3,0.0,-0.01272,0.82791,-0.12903,2.3921,1,0
luke7:item18:mcq,uw-174442-mcq,addition:bad,addition,bad,llama 1b,-0.3442,mcq,7,6,6,0.3,0.0,-0.01272,0.82791,-0.12903,2.3921,1,0
luke7:item2:mcq,uw-174429-mcq,addition:bad,addition,bad,llama 1b,-0.3442,mcq,7,6,6,0.3,0.0,-0.01272,0.82791,-0.12903,2.3921,1,0
luke8:item10:mcq,uw-174448-mcq,addition:bad,addition,bad,llama 1b,-0.3442,mcq,8,6,6,0.3,0.0,-0.01272,0.82791,-0.12903,2.3921,1,0
luke8:item12:mcq,uw-174449-mcq,addition:bad,addition,bad,llama 1b,-0.3442,mcq,8,6,6,0.3,0.0,-0.01272,0.82791,-0.12903,2.3921,1,0
luke8:item16:mcq,uw-174454-mcq,addition:bad,addition,bad,llama 1b,-0.3442,mcq,8,6,6,0.3,0.0,-0.01272,0.82791,-0.12903,2.3921,1,0
luke8:item18:mcq,uw-174455-mcq,addition:bad,addition,bad,llama 1b,-0.3442,mcq,8,6,6,0.3,0.0,-0.01272,0.82791,-0.12903,2.3921,1,0
luke8:item3:open,uw-174445-open,addition:bad,addition,bad,llama 1b,-0.3442,open,8,6,6,0.3,0.0,-0.01272,0.82791,-0.12903,2.3921,1,0
luke8:item7:open,uw-174447-open,addition:bad,addition,bad,llama 1b,-0.3442,open,8,6,6,0.3,0.0,-0.01272,0.82791,-0.12903,2.3921,1,0
luke8:item8:mcq,uw-174447-mcq,addition:bad,addition,bad,llama 1b,-0.3442,mcq,8,6,6,0.3,0.0,-0.01272,0.82791,-0.12903,2.3921,1,0
luke2:item21:open,uw-174361-open,addition:neutral,addition,neutral,llama 1b,-0.3442,open,2,6,6,0.3,0.05556,-0.02103,0.64487,-0.21323,-0.5217,1,1
luke4:item41:open,uw-174396-open,addition:adversarial,addition,adversarial,llama 1b,-0.3442,open,4,6,6,0.3,0.13889,-0.04421,0.69548,-0.44838,-1.21377,1,1
luke5:item14:mcq,uw-174406-mcq,addition:adversarial,addition,adversarial,llama 1b,-0.3442,mcq,5,6,6,0.3,0.13889,-0.04421,0.69548,-0.44838,-1.21377,1,1
luke5:item25:open,uw-174403-open,addition:adversarial,addition,adversarial,llama 1b,-0.3442,open,5,6,6,0.3,0.03472,-0.05243,0.75917,-0.53175,1.77282,1,1
luke1:item35:open,uw-174340-open,addition:neutral,addition,neutral,llama 1b,-0.3442,open,1,6,6,0.3,0.22222,-0.05753,0.65348,-0.58351,0.65033,1,1
luke6:item9:open,uw-174423-open,addition:neutral,addition,neutral,llama 1b,-0.3442,open,6,6,6,0.3,0.05556,-0.05753,0.65348,-0.58351,0.65033,1,1
luke2:item19:open,uw-174359-open,addition:neutral,addition,neutral,llama 1b,-0.3442,open,2,6,6,0.3,0.05556,-0.06494,0.69259,-0.65858,-1.18915,1,1
luke2:item9:open,uw-174351-open,addition:adversarial,addition,adversarial,llama 1b,-0.3442,open,2,6,6,0.3,0.0625,-0.07777,0.66459,-0.78876,-0.85949,1,1
luke2:item17:open,uw-174357-open,addition:adversarial,addition,adversarial,llama 1b,-0.3442,open,2,6,6,0.3,0.0625,-0.08005,0.67633,-0.81182,0.95609,1,1
luke2:item19:open,uw-174359-open,addition:bad,addition,bad,llama 1b,-0.3442,open,2,6,6,0.3,0.05556,-0.09029,0.69272,-0.91575,-1.19685,1,1
luke5:item24:mcq,uw-174412-mcq,addition:bad,addition,bad,llama 1b,-0.3442,mcq,5,6,6,0.3,0.13889,-0.09029,0.69272,-0.91575,-1.19685,1,1
luke5:item5:open,uw-174402-open,addition:bad,addition,bad,llama 1b,-0.3442,open,5,6,6,0.3,0.05556,-0.09029,0.69272,-0.91575,-1.19685,1,1
luke2:item23:open,uw-174362-open,addition:neutral,addition,neutral,llama 1b,-0.3442,open,2,6,6,0.3,0.0625,-0.09665,0.66283,-0.98024,-0.83811,1,1
luke7:item15:open,uw-174441-open,addition:neutral,addition,neutral,llama 1b,-0.3442,open,7,6,6,0.3,0.0625,-0.10068,0.67914,-1.0211,0.97964,1,1
luke2:item19:open,uw-174359-open,addition:adversarial,addition,adversarial,llama 1b,-0.3442,open,2,6,6,0.3,0.05556,-0.10848,0.64543,-1.10022,-0.54299,1,1
luke4:item21:open,uw-174392-open,addition:adversarial,addition,adversarial,llama 1b,-0.3442,open,4,6,6,0.3,0.22222,-0.10848,0.64543,-1.10022,-0.54299,1,1
luke8:item5:open,uw-174446-open,addition:bad,addition,bad,llama 1b,-0.3442,open,8,6,6,0.3,0.03472,-0.10896,0.7646,-1.10502,1.79952,1,1
luke3:item4:mcq,uw-174366-mcq,addition:adversarial,addition,adversarial,llama 1b,-0.3442,mcq,3,6,6,0.3,0.13889,-0.13143,0.7137,-1.33291,1.329,1,1
luke5:item4:mcq,uw-174401-mcq,addition:adversarial,addition,adversarial,llama 1b,-0.3442,mcq,5,6,6,0.3,0.13889,-0.13143,0.7137,-1.33291,1.329,1,1
luke5:item15:open,uw-174407-open,addition:adversarial,addition,adversarial,llama 1b,-0.3442,open,5,6,6,0.3,0.03472,-0.14214,0.73713,-1.44153,-1.6391,1,1
luke7:item15:open,uw-174441-open,addition:bad,addition,bad,llama 1b,-0.3442,open,7,6,6,0.3,0.03472,-0.14583,0.6416,-1.47901,0.34464,1,1
luke7:item14:mcq,uw-174440-mcq,addition:bad,addition,bad,llama 1b,-0.3442,mcq,7,6,6,0.3,0.22222,-0.14833,0.64507,-1.50431,-0.52947,1,1
luke2:item9:open,uw-174351-open,addition:neutral,addition,neutral,llama 1b,-0.3442,open,2,6,6,0.3,0.11806,-0.15675,0.63612,-1.58971,-0.22799,1,1
luke7:item9:open,uw-174434-open,addition:neutral,addition,neutral,llama 1b,-0.3442,open,7,6,6,0.3,0.03472,-0.16441,0.73335,-1.66743,-1.61015,1,1
luke4:item22:mcq,uw-174392-mcq,addition:adversarial,addition,adversarial,llama 1b,-0.3442,mcq,4,6,6,0.3,0.25,-0.17234,0.63562,-1.74787,0.04114,1,1
luke5:item4:mcq,uw-174401-mcq,addition:bad,addition,bad,llama 1b,-0.3442,mcq,5,6,6,0.3,0.13889,-0.18173,0.71853,-1.84309,1.35205,1,1
luke1:item19:open,uw-174329-open,addition:neutral,addition,neutral,llama 1b,-0.3442,open,1,6,6,0.3,0.25,-0.19015,0.63646,-1.92846,0.06029,1,1
luke4:item12:mcq,uw-174382-mcq,addition:neutral,addition,neutral,llama 1b,-0.3442,mcq,4,6,6,0.3,0.25,-0.19015,0.63646,-1.92846,0.06029,1,1
luke5:item15:open,uw-174407-open,addition:bad,addition,bad,llama 1b,-0.3442,open,5,6,6,0.3,0.03472,-0.19314,0.73383,-1.95877,-1.62115,1,1
luke6:item13:open,uw-174427-open,addition:bad,addition,bad,llama 1b,-0.3442,open,6,6,6,0.3,0.03472,-0.19314,0.73383,-1.95877,-1.62115,1,1
luke8:item17:open,uw-174455-open,addition:bad,addition,bad,llama 1b,-0.3442,open,8,6,6,0.3,0.03472,-0.19314,0.73383,-1.95877,-1.62115,1,1
luke8:item15:open,uw-174454-open,addition:adversarial,addition,adversarial,llama 1b,-0.3442,open,8,6,6,0.3,0.13889,-0.21428,0.64685,-2.1732,-0.54664,1,1
luke7:item15:open,uw-174441-open,addition:adversarial,addition,adversarial,llama 1b,-0.3442,open,7,6,6,0.3,0.05556,-0.26195,0.72164,-2.65666,1.34078,1,1
luke6:item5:open,uw-174421-open,addition:bad,addition,bad,llama 1b,-0.3442,open,6,6,6,0.3,0.03472,-0.28143,0.64049,-2.85424,-0.2355,1,1
luke7:item17:open,uw-174442-open,addition:adversarial,addition,adversarial,llama 1b,-0.3442,open,7,6,6,0.3,0.05556,-0.28837,0.69391,-2.92464,-1.23133,1,1
luke1:item15:open,uw-174326-open,addition:bad,addition,bad,llama 1b,-0.3442,open,1,6,6,0.3,0.22222,-0.30014,0.66555,-3.04399,0.6564,1,1
luke4:item43:open,uw-174398-open,addition:bad,addition,bad,llama 1b,-0.3442,open,4,6,6,0.3,0.22222,-0.30014,0.66555,-3.04399,0.6564,1,1
luke7:item5:open,uw-174431-open,addition:neutral,addition,neutral,llama 1b,-0.3442,open,7,6,6,0.3,0.13889,-0.30741,0.69197,-3.11768,-1.20834,1,1
luke4:item39:open,uw-174399-open,addition:adversarial,addition,adversarial,llama 1b,-0.3442,open,4,6,6,0.3,0.22222,-0.32089,0.65036,-3.25439,-0.55249,1,1
luke5:item19:open,uw-174409-open,addition:adversarial,addition,adversarial,llama 1b,-0.3442,open,5,6,6,0.3,0.22222,-0.32089,0.65036,-3.25439,-0.55249,1,1
luke8:item13:open,uw-174452-open,addition:adversarial,addition,adversarial,llama 1b,-0.3442,open,8,6,6,0.3,0.03472,-0.35074,0.776,-3.55715,1.80389,1,1
luke1:item19:open,uw-174329-open,addition:bad,addition,bad,llama 1b,-0.3442,open,1,6,6,0.3,0.22222,-0.36104,0.65167,-3.66164,-0.54028,1,1
luke4:item22:mcq,uw-174392-mcq,addition:bad,addition,bad,llama 1b,-0.3442,mcq,4,6,6,0.3,0.22222,-0.36104,0.65167,-3.66164,-0.54028,1,1
luke8:item2:mcq,uw-174444-mcq,addition:bad,addition,bad,llama 1b,-0.3442,mcq,8,6,6,0.3,0.22222,-0.36104,0.65167,-3.66164,-0.54028,1,1
luke7:item18:mcq,uw-174442-mcq,addition:adversarial,addition,adversarial,llama 1b,-0.3442,mcq,7,6,6,0.3,0.13889,-0.39577,0.73165,-4.01383,1.36066,1,1
luke4:item27:open,uw-174395-open,addition:adversarial,addition,adversarial,llama 1b,-0.3442,open,4,6,6,0.3,0.03472,-0.4168,0.73642,-4.22714,-1.67839,1,1
luke6:item13:open,uw-174427-open,addition:adversarial,addition,adversarial,llama 1b,-0.3442,open,6,6,6,0.3,0.03472,-0.4168,0.73642,-4.22714,-1.67839,1,1
luke1:item39:open,uw-174342-open,addition:bad,addition,bad,llama 1b,-0.3442,open,1,6,6,0.3,0.25,-0.42105,0.64996,-4.27025,0.05824,1,1
luke5:item4:mcq,uw-174401-mcq,addition:neutral,addition,neutral,llama 1b,-0.3442,mcq,5,6,6,0.3,0.13889,-0.42265,0.73656,-4.28644,1.39271,1,1
luke2:item13:open,uw-174354-open,addition:neutral,addition,neutral,llama 1b,-0.3442,open,2,6,6,0.3,0.05556,-0.42931,0.69518,-4.35398,-1.22696,1,1
luke4:item11:open,uw-174382-open,addition:neutral,addition,neutral,llama 1b,-0.3442,open,4,6,6,0.3,0.03472,-0.43664,0.73366,-4.42836,-1.65157,1,1
luke4:item18:mcq,uw-174388-mcq,addition:bad,addition,bad,llama 1b,-0.3442,mcq,4,6,6,0.3,0.13889,-0.45026,0.73811,-4.56643,1.39064,1,1
luke8:item15:open,uw-174454-open,addition:bad,addition,bad,llama 1b,-0.3442,open,8,6,6,0.3,0.14583,-0.45711,0.67184,-4.63597,-0.87528,1,1
luke7:item9:open,uw-174434-open,addition:bad,addition,bad,llama 1b,-0.3442,open,7,6,6,0.3,0.05556,-0.46973,0.65811,-4.76389,-0.54872,1,1
luke6:item6:mcq,uw-174421-mcq,addition:bad,addition,bad,llama 1b,-0.3442,mcq,6,6,6,0.3,0.22222,-0.53114,0.6856,-5.38671,0.68245,1,1
luke6:item15:open,uw-174428-open,addition:adversarial,addition,adversarial,llama 1b,-0.3442,open,6,6,6,0.3,0.05556,-0.53475,0.70168,-5.42338,-1.27358,1,1
luke2:item7:open,uw-174350-open,addition:neutral,addition,neutral,llama 1b,-0.3442,open,2,6,6,0.3,0.14583,-0.5479,0.67705,-5.55672,-0.88248,1,1
luke4:item39:open,uw-174399-open,addition:bad,addition,bad,llama 1b,-0.3442,open,4,6,6,0.3,0.05556,-0.57961,0.70261,-5.87832,-1.26462,1,1
luke1:item39:open,uw-174342-open,addition:adversarial,addition,adversarial,llama 1b,-0.3442,open,1,6,6,0.3,0.25,-0.59835,0.66594,-6.06837,0.04852,1,1
luke5:item19:open,uw-174409-open,addition:bad,addition,bad,llama 1b,-0.3442,open,5,6,6,0.3,0.20139,-0.60356,0.66408,-6.12121,-0.24466,1,1
luke1:item39:open,uw-174342-open,addition:neutral,addition,neutral,llama 1b,-0.3442,open,1,6,6,0.3,0.25,-0.61837,0.66845,-6.27142,0.06955,1,1
luke3:item6:mcq,uw-174367-mcq,addition:neutral,addition,neutral,llama 1b,-0.3442,mcq,3,6,6,0.3,0.25,-0.61837,0.66845,-6.27142,0.06955,1,1
luke3:item2:mcq,uw-174365-mcq,addition:adversarial,addition,adversarial,llama 1b,-0.3442,mcq,3,6,6,0.3,0.13889,-0.67622,0.75653,-6.85816,1.42579,1,1
luke5:item17:open,uw-174408-open,addition:adversarial,addition,adversarial,llama 1b,-0.3442,open,5,6,6,0.3,0.13889,-0.67622,0.75653,-6.85816,1.42579,1,1
luke5:item3:open,uw-174401-open,addition:adversarial,addition,adversarial,llama 1b,-0.3442,open,5,6,6,0.3,0.14583,-0.69656,0.72627,-7.06444,1.0422,1,1
luke4:item22:mcq,uw-174392-mcq,addition:neutral,addition,neutral,llama 1b,-0.3442,mcq,4,6,6,0.3,0.13889,-0.70702,0.76187,-7.17044,1.46253,1,1
luke5:item1:open,uw-174400-open,addition:neutral,addition,neutral,llama 1b,-0.3442,open,5,6,6,0.3,0.13889,-0.70702,0.76187,-7.17044,1.46253,1,1
luke2:item7:open,uw-174350-open,addition:bad,addition,bad,llama 1b,-0.3442,open,2,6,6,0.3,0.11806,-0.71735,0.6761,-7.27527,-0.2484,1,1
luke1:item15:open,uw-174326-open,addition:adversarial,addition,adversarial,llama 1b,-0.3442,open,1,6,6,0.3,0.22222,-0.72792,0.7062,-7.38243,0.69924,1,1
luke3:item2:mcq,uw-174365-mcq,addition:bad,addition,bad,llama 1b,-0.3442,mcq,3,6,6,0.3,0.13889,-0.73601,0.76391,-7.4645,1.46362,1,1
luke5:item1:open,uw-174400-open,addition:bad,addition,bad,llama 1b,-0.3442,open,5,6,6,0.3,0.13889,-0.73601,0.76391,-7.4645,1.46362,1,1
luke2:item10:mcq,uw-174351-mcq,addition:neutral,addition,neutral,llama 1b,-0.3442,mcq,2,6,6,0.3,0.22222,-0.7531,0.71048,-7.63781,0.72648,1,1
luke2:item7:open,uw-174350-open,addition:adversarial,addition,adversarial,llama 1b,-0.3442,open,2,6,6,0.3,0.13889,-0.76963,0.68547,-7.80544,-0.596,1,1
luke1:item31:open,uw-174336-open,addition:adversarial,addition,adversarial,llama 1b,-0.3442,open,1,6,6,0.3,0.13889,-0.78981,0.71807,-8.01015,-1.33957,1,1
luke2:item10:mcq,uw-174351-mcq,addition:adversarial,addition,adversarial,llama 1b,-0.3442,mcq,2,6,6,0.3,0.13889,-0.78981,0.71807,-8.01015,-1.33957,1,1
luke4:item2:mcq,uw-174377-mcq,addition:adversarial,addition,adversarial,llama 1b,-0.3442,mcq,4,6,6,0.3,0.13889,-0.78981,0.71807,-8.01015,-1.33957,1,1
luke5:item1:open,uw-174400-open,addition:adversarial,addition,adversarial,llama 1b,-0.3442,open,5,6,6,0.3,0.13889,-0.78981,0.71807,-8.01015,-1.33957,1,1
luke5:item24:mcq,uw-174412-mcq,addition:adversarial,addition,adversarial,llama 1b,-0.3442,mcq,5,6,6,0.3,0.13889,-0.78981,0.71807,-8.01015,-1.33957,1,1
luke1:item18:mcq,uw-174328-mcq,addition:neutral,addition,neutral,llama 1b,-0.3442,mcq,1,6,6,0.3,0.13889,-0.80734,0.71784,-8.18797,-1.31753,1,1
luke4:item41:open,uw-174396-open,addition:neutral,addition,neutral,llama 1b,-0.3442,open,4,6,6,0.3,0.13889,-0.80734,0.71784,-8.18797,-1.31753,1,1
luke5:item3:open,uw-174401-open,addition:neutral,addition,neutral,llama 1b,-0.3442,open,5,6,6,0.3,0.13889,-0.80734,0.71784,-8.18797,-1.31753,1,1
luke8:item14:mcq,uw-174452-mcq,addition:neutral,addition,neutral,llama 1b,-0.3442,mcq,8,6,6,0.3,0.13889,-0.80734,0.71784,-8.18797,-1.31753,1,1
luke1:item31:open,uw-174336-open,addition:bad,addition,bad,llama 1b,-0.3442,open,1,6,6,0.3,0.13889,-0.83593,0.72061,-8.47792,-1.33359,1,1
luke3:item6:mcq,uw-174367-mcq,addition:bad,addition,bad,llama 1b,-0.3442,mcq,3,6,6,0.3,0.13889,-0.83593,0.72061,-8.47792,-1.33359,1,1
luke5:item3:open,uw-174401-open,addition:bad,addition,bad,llama 1b,-0.3442,open,5,6,6,0.3,0.13889,-0.83593,0.72061,-8.47792,-1.33359,1,1
luke8:item14:mcq,uw-174452-mcq,addition:bad,addition,bad,llama 1b,-0.3442,mcq,8,6,6,0.3,0.13889,-0.83593,0.72061,-8.47792,-1.33359,1,1
luke7:item3:open,uw-174430-open,addition:neutral,addition,neutral,llama 1b,-0.3442,open,7,6,6,0.3,0.20139,-0.93297,0.70281,-9.46204,-0.24926,1,1
luke7:item3:open,uw-174430-open,addition:adversarial,addition,adversarial,llama 1b,-0.3442,open,7,6,6,0.3,0.22222,-0.99225,0.73848,-10.06327,0.75615,1,1
luke3:item6:mcq,uw-174367-mcq,addition:adversarial,addition,adversarial,llama 1b,-0.3442,mcq,3,6,6,0.3,0.22222,-1.01803,0.71554,-10.32466,-0.62868,1,1
luke3:item2:mcq,uw-174365-mcq,addition:neutral,addition,neutral,llama 1b,-0.3442,mcq,3,6,6,0.3,0.22222,-1.02075,0.74318,-10.35232,0.78684,1,1
luke5:item2:mcq,uw-174400-mcq,addition:neutral,addition,neutral,llama 1b,-0.3442,mcq,5,6,6,0.3,0.22222,-1.02075,0.74318,-10.35232,0.78684,1,1
luke1:item37:open,uw-174341-open,addition:neutral,addition,neutral,llama 1b,-0.3442,open,1,6,6,0.3,0.22222,-1.03823,0.71796,-10.52957,-0.60743,1,1
luke5:item17:open,uw-174408-open,addition:neutral,addition,neutral,llama 1b,-0.3442,open,5,6,6,0.3,0.22222,-1.03823,0.71796,-10.52957,-0.60743,1,1
luke2:item12:mcq,uw-174352-mcq,addition:bad,addition,bad,llama 1b,-0.3442,mcq,2,6,6,0.3,0.22222,-1.06609,0.72174,-10.81211,-0.61777,1,1
luke4:item41:open,uw-174396-open,addition:bad,addition,bad,llama 1b,-0.3442,open,4,6,6,0.3,0.22222,-1.06609,0.72174,-10.81211,-0.61777,1,1
luke1:item19:open,uw-174329-open,addition:adversarial,addition,adversarial,llama 1b,-0.3442,open,1,6,6,0.3,0.25,-1.08792,0.72806,-11.03351,0.07373,1,1
luke2:item23:open,uw-174362-open,addition:adversarial,addition,adversarial,llama 1b,-0.3442,open,2,6,6,0.3,0.25,-1.08792,0.72806,-11.03351,0.07373,1,1
luke2:item12:mcq,uw-174352-mcq,addition:neutral,addition,neutral,llama 1b,-0.3442,mcq,2,6,6,0.3,0.25,-1.11257,0.73197,-11.2835,0.09866,1,1
luke2:item24:mcq,uw-174362-mcq,addition:neutral,addition,neutral,llama 1b,-0.3442,mcq,2,6,6,0.3,0.25,-1.11257,0.73197,-11.2835,0.09866,1,1
luke3:item11:open,uw-174374-open,addition:neutral,addition,neutral,llama 1b,-0.3442,open,3,6,6,0.3,0.25,-1.11257,0.73197,-11.2835,0.09866,1,1
luke6:item10:mcq,uw-174423-mcq,addition:neutral,addition,neutral,llama 1b,-0.3442,mcq,6,6,6,0.3,0.25,-1.11257,0.73197,-11.2835,0.09866,1,1
luke2:item10:mcq,uw-174351-mcq,addition:bad,addition,bad,llama 1b,-0.3442,mcq,2,6,6,0.3,0.25,-1.14049,0.7358,-11.56669,0.09446,1,1
luke2:item24:mcq,uw-174362-mcq,addition:bad,addition,bad,llama 1b,-0.3442,mcq,2,6,6,0.3,0.25,-1.14049,0.7358,-11.56669,0.09446,1,1
luke6:item10:mcq,uw-174423-mcq,addition:bad,addition,bad,llama 1b,-0.3442,mcq,6,6,6,0.3,0.25,-1.14049,0.7358,-11.56669,0.09446,1,1
luke7:item1:open,uw-174429-open,awkward,awkward,,1.5b,0.6571,open,7,6,6,0.3,0.25,1.13941,0.73217,11.55571,0.16339,1,1
luke8:item6:mcq,uw-174446-mcq,awkward,awkward,,1.5b,0.6571,mcq,8,6,6,0.3,0.25,1.13941,0.73217,11.55571,0.16339,1,1
luke4:item14:mcq,uw-174384-mcq,awkward,awkward,,1.5b,0.6571,mcq,4,6,6,0.3,0.22222,1.0119,0.73057,10.26259,-0.52185,1,1
luke1:item24:mcq,uw-174331-mcq,awkward,awkward,,1.5b,0.6571,mcq,1,6,6,0.3,0.13889,0.91,0.74575,9.22913,1.67909,1,1
luke1:item27:open,uw-174333-open,awkward,awkward,,1.5b,0.6571,open,1,6,6,0.3,0.13889,0.91,0.74575,9.22913,1.67909,1,1
luke2:item23:open,uw-174362-open,awkward,awkward,,1.5b,0.6571,open,2,6,6,0.3,0.13889,0.91,0.74575,9.22913,1.67909,1,1
luke2:item24:mcq,uw-174362-mcq,awkward,awkward,,1.5b,0.6571,mcq,2,6,6,0.3,0.13889,0.91,0.74575,9.22913,1.67909,1,1
luke6:item15:open,uw-174428-open,awkward,awkward,,1.5b,0.6571,open,6,6,6,0.3,0.13889,0.91,0.74575,9.22913,1.67909,1,1
luke7:item11:open,uw-174436-open,awkward,awkward,,1.5b,0.6571,open,7,6,6,0.3,0.20139,0.85304,0.69339,8.65137,0.49617,1,1
luke5:item21:open,uw-174410-open,awkward,awkward,,1.5b,0.6571,open,5,6,6,0.3,0.20139,0.73359,0.67965,7.44,0.48468,1,1
luke8:item15:open,uw-174454-open,awkward,awkward,,1.5b,0.6571,open,8,6,6,0.3,0.13889,0.68584,0.73452,6.95571,-1.15919,1,1
luke5:item23:open,uw-174412-open,awkward,awkward,,1.5b,0.6571,open,5,6,6,0.3,0.05556,0.63454,0.72947,6.43541,1.58523,1,1
luke6:item7:open,uw-174422-open,awkward,awkward,,1.5b,0.6571,open,6,6,6,0.3,0.0625,0.61199,0.69722,6.20669,1.16549,1,1
luke1:item39:open,uw-174342-open,awkward,awkward,,1.5b,0.6571,open,1,6,6,0.3,0.16667,0.5339,0.65747,5.41474,0.15892,1,1
luke7:item5:open,uw-174431-open,awkward,awkward,,1.5b,0.6571,open,7,6,6,0.3,0.08333,0.5339,0.65747,5.41474,0.15892,1,1
luke5:item3:open,uw-174401-open,awkward,awkward,,1.5b,0.6571,open,5,6,6,0.3,0.22222,0.51652,0.67123,5.23851,-0.44939,1,1
luke6:item11:open,uw-174424-open,awkward,awkward,,1.5b,0.6571,open,6,6,6,0.3,0.05556,0.50066,0.7242,5.07759,1.54978,1,1
luke2:item5:open,uw-174349-open,awkward,awkward,,1.5b,0.6571,open,2,6,6,0.3,0.22222,0.38011,0.66295,3.85497,0.77404,1,1
luke4:item15:open,uw-174387-open,awkward,awkward,,1.5b,0.6571,open,4,6,6,0.3,0.0625,0.37009,0.68556,3.75343,1.12083,1,1
luke7:item2:mcq,uw-174429-mcq,awkward,awkward,,1.5b,0.6571,mcq,7,6,6,0.3,0.13889,0.36831,0.72114,3.73536,1.52224,1,1
luke1:item1:open,uw-174316-open,awkward,awkward,,1.5b,0.6571,open,1,6,6,0.3,0.0625,0.3495,0.67516,3.54458,-0.74886,1,1
luke7:item15:open,uw-174441-open,awkward,awkward,,1.5b,0.6571,open,7,6,6,0.3,0.14583,0.25142,0.68309,2.5499,1.10634,1,1
luke2:item21:open,uw-174361-open,awkward,awkward,,1.5b,0.6571,open,2,6,6,0.3,0.03472,0.14857,0.63604,1.50677,-0.13355,1,1
luke2:item1:open,uw-174346-open,awkward,awkward,,1.5b,0.6571,open,2,6,6,0.3,0.05556,0.10483,0.72215,1.06315,1.49172,1,1
luke1:item37:open,uw-174341-open,awkward,awkward,,1.5b,0.6571,open,1,6,6,0.3,0.05556,0.08243,0.64263,0.83603,-0.42435,1,1
luke5:item15:open,uw-174407-open,awkward,awkward,,1.5b,0.6571,open,5,6,6,0.3,0.03472,0.07035,0.77852,0.71348,1.98217,1,1
luke6:item13:open,uw-174427-open,awkward,awkward,,1.5b,0.6571,open,6,6,6,0.3,0.03472,0.04643,0.6337,0.47087,-0.13291,1,1
luke1:item10:mcq,uw-174323-mcq,awkward,awkward,,1.5b,0.6571,mcq,1,6,6,0.3,0.0,0.02276,0.85385,0.23081,2.65215,1,0
luke1:item12:mcq,uw-174324-mcq,awkward,awkward,,1.5b,0.6571,mcq,1,6,6,0.3,0.0,0.02276,0.85385,0.23081,2.65215,1,0
luke1:item13:open,uw-174325-open,awkward,awkward,,1.5b,0.6571,open,1,6,6,0.3,0.0,0.02276,0.85385,0.23081,2.65215,1,0
luke1:item14:mcq,uw-174325-mcq,awkward,awkward,,1.5b,0.6571,mcq,1,6,6,0.3,0.0,0.02276,0.85385,0.23081,2.65215,1,0
luke1:item16:mcq,uw-174326-mcq,awkward,awkward,,1.5b,0.6571,mcq,1,6,6,0.3,0.0,0.02276,0.85385,0.23081,2.65215,1,0
luke1:item17:open,uw-174328-open,awkward,awkward,,1.5b,0.6571,open,1,6,6,0.3,0.0,0.02276,0.85385,0.23081,2.65215,1,0
luke1:item20:mcq,uw-174329-mcq,awkward,awkward,,1.5b,0.6571,mcq,1,6,6,0.3,0.0,0.02276,0.85385,0.23081,2.65215,1,0
luke1:item22:mcq,uw-174330-mcq,awkward,awkward,,1.5b,0.6571,mcq,1,6,6,0.3,0.0,0.02276,0.85385,0.23081,2.65215,1,0
luke1:item23:open,uw-174331-open,awkward,awkward,,1.5b,0.6571,open,1,6,6,0.3,0.0,0.02276,0.85385,0.23081,2.65215,1,0
luke1:item25:open,uw-174332-open,awkward,awkward,,1.5b,0.6571,open,1,6,6,0.3,0.0,0.02276,0.85385,0.23081,2.65215,1,0
luke1:item26:mcq,uw-174332-mcq,awkward,awkward,,1.5b,0.6571,mcq,1,6,6,0.3,0.0,0.02276,0.85385,0.23081,2.65215,1,0
luke1:item2:mcq,uw-174316-mcq,awkward,awkward,,1.5b,0.6571,mcq,1,6,6,0.3,0.0,0.02276,0.85385,0.23081,2.65215,1,0
luke1:item30:mcq,uw-174335-mcq,awkward,awkward,,1.5b,0.6571,mcq,1,6,6,0.3,0.0,0.02276,0.85385,0.23081,2.65215,1,0
luke1:item35:open,uw-174340-open,awkward,awkward,,1.5b,0.6571,open,1,6,6,0.3,0.0,0.02276,0.85385,0.23081,2.65215,1,0
luke1:item36:mcq,uw-174340-mcq,awkward,awkward,,1.5b,0.6571,mcq,1,6,6,0.3,0.0,0.02276,0.85385,0.23081,2.65215,1,0
luke1:item38:mcq,uw-174341-mcq,awkward,awkward,,1.5b,0.6571,mcq,1,6,6,0.3,0.0,0.02276,0.85385,0.23081,2.65215,1,0
luke1:item3:open,uw-174317-open,awkward,awkward,,1.5b,0.6571,open,1,6,6,0.3,0.0,0.02276,0.85385,0.23081,2.65215,1,0
luke1:item40:mcq,uw-174342-mcq,awkward,awkward,,1.5b,0.6571,mcq,1,6,6,0.3,0.0,0.02276,0.85385,0.23081,2.65215,1,0
luke1:item42:mcq,uw-174343-mcq,awkward,awkward,,1.5b,0.6571,mcq,1,6,6,0.3,0.0,0.02276,0.85385,0.23081,2.65215,1,0
luke1:item44:mcq,uw-174344-mcq,awkward,awkward,,1.5b,0.6571,mcq,1,6,6,0.3,0.0,0.02276,0.85385,0.23081,2.65215,1,0
luke1:item4:mcq,uw-174317-mcq,awkward,awkward,,1.5b,0.6571,mcq,1,6,6,0.3,0.0,0.02276,0.85385,0.23081,2.65215,1,0
luke1:item5:open,uw-174318-open,awkward,awkward,,1.5b,0.6571,open,1,6,6,0.3,0.0,0.02276,0.85385,0.23081,2.65215,1,0
luke1:item6:mcq,uw-174318-mcq,awkward,awkward,,1.5b,0.6571,mcq,1,6,6,0.3,0.0,0.02276,0.85385,0.23081,2.65215,1,0
luke1:item8:mcq,uw-174322-mcq,awkward,awkward,,1.5b,0.6571,mcq,1,6,6,0.3,0.0,0.02276,0.85385,0.23081,2.65215,1,0
luke1:item9:open,uw-174323-open,awkward,awkward,,1.5b,0.6571,open,1,6,6,0.3,0.0,0.02276,0.85385,0.23081,2.65215,1,0
luke2:item10:mcq,uw-174351-mcq,awkward,awkward,,1.5b,0.6571,mcq,2,6,6,0.3,0.0,0.02276,0.85385,0.23081,2.65215,1,0
luke2:item11:open,uw-174352-open,awkward,awkward,,1.5b,0.6571,open,2,6,6,0.3,0.0,0.02276,0.85385,0.23081,2.65215,1,0
luke2:item12:mcq,uw-174352-mcq,awkward,awkward,,1.5b,0.6571,mcq,2,6,6,0.3,0.0,0.02276,0.85385,0.23081,2.65215,1,0
luke2:item14:mcq,uw-174354-mcq,awkward,awkward,,1.5b,0.6571,mcq,2,6,6,0.3,0.0,0.02276,0.85385,0.23081,2.65215,1,0
luke2:item16:mcq,uw-174355-mcq,awkward,awkward,,1.5b,0.6571,mcq,2,6,6,0.3,0.0,0.02276,0.85385,0.23081,2.65215,1,0
luke2:item18:mcq,uw-174357-mcq,awkward,awkward,,1.5b,0.6571,mcq,2,6,6,0.3,0.0,0.02276,0.85385,0.23081,2.65215,1,0
luke2:item19:open,uw-174359-open,awkward,awkward,,1.5b,0.6571,open,2,6,6,0.3,0.0,0.02276,0.85385,0.23081,2.65215,1,0
luke2:item20:mcq,uw-174359-mcq,awkward,awkward,,1.5b,0.6571,mcq,2,6,6,0.3,0.0,0.02276,0.85385,0.23081,2.65215,1,0
luke2:item2:mcq,uw-174346-mcq,awkward,awkward,,1.5b,0.6571,mcq,2,6,6,0.3,0.0,0.02276,0.85385,0.23081,2.65215,1,0
luke2:item4:mcq,uw-174347-mcq,awkward,awkward,,1.5b,0.6571,mcq,2,6,6,0.3,0.0,0.02276,0.85385,0.23081,2.65215,1,0
luke2:item8:mcq,uw-174350-mcq,awkward,awkward,,1.5b,0.6571,mcq,2,6,6,0.3,0.0,0.02276,0.85385,0.23081,2.65215,1,0
luke3:item10:mcq,uw-174370-mcq,awkward,awkward,,1.5b,0.6571,mcq,3,6,6,0.3,0.0,0.02276,0.85385,0.23081,2.65215,1,0
luke3:item12:mcq,uw-174374-mcq,awkward,awkward,,1.5b,0.6571,mcq,3,6,6,0.3,0.0,0.02276,0.85385,0.23081,2.65215,1,0
luke3:item13:open,uw-174375-open,awkward,awkward,,1.5b,0.6571,open,3,6,6,0.3,0.0,0.02276,0.85385,0.23081,2.65215,1,0
luke3:item14:mcq,uw-174375-mcq,awkward,awkward,,1.5b,0.6571,mcq,3,6,6,0.3,0.0,0.02276,0.85385,0.23081,2.65215,1,0
luke3:item1:open,uw-174365-open,awkward,awkward,,1.5b,0.6571,open,3,6,6,0.3,0.0,0.02276,0.85385,0.23081,2.65215,1,0
luke3:item2:mcq,uw-174365-mcq,awkward,awkward,,1.5b,0.6571,mcq,3,6,6,0.3,0.0,0.02276,0.85385,0.23081,2.65215,1,0
luke3:item4:mcq,uw-174366-mcq,awkward,awkward,,1.5b,0.6571,mcq,3,6,6,0.3,0.0,0.02276,0.85385,0.23081,2.65215,1,0
luke3:item6:mcq,uw-174367-mcq,awkward,awkward,,1.5b,0.6571,mcq,3,6,6,0.3,0.0,0.02276,0.85385,0.23081,2.65215,1,0
luke3:item7:open,uw-174368-open,awkward,awkward,,1.5b,0.6571,open,3,6,6,0.3,0.0,0.02276,0.85385,0.23081,2.65215,1,0
luke3:item8:mcq,uw-174368-mcq,awkward,awkward,,1.5b,0.6571,mcq,3,6,6,0.3,0.0,0.02276,0.85385,0.23081,2.65215,1,0
luke3:item9:open,uw-174370-open,awkward,awkward,,1.5b,0.6571,open,3,6,6,0.3,0.0,0.02276,0.85385,0.23081,2.65215,1,0
luke4:item11:open,uw-174382-open,awkward,awkward,,1.5b,0.6571,open,4,6,6,0.3,0.0,0.02276,0.85385,0.23081,2.65215,1,0
luke4:item16:mcq,uw-174387-mcq,awkward,awkward,,1.5b,0.6571,mcq,4,6,6,0.3,0.0,0.02276,0.85385,0.23081,2.65215,1,0
luke4:item1:open,uw-174377-open,awkward,awkward,,1.5b,0.6571,open,4,6,6,0.3,0.0,0.02276,0.85385,0.23081,2.65215,1,0
luke4:item22:mcq,uw-174392-mcq,awkward,awkward,,1.5b,0.6571,mcq,4,6,6,0.3,0.0,0.02276,0.85385,0.23081,2.65215,1,0
luke4:item23:open,uw-174393-open,awkward,awkward,,1.5b,0.6571,open,4,6,6,0.3,0.0,0.02276,0.85385,0.23081,2.65215,1,0
luke4:item26:mcq,uw-174394-mcq,awkward,awkward,,1.5b,0.6571,mcq,4,6,6,0.3,0.0,0.02276,0.85385,0.23081,2.65215,1,0
luke4:item27:open,uw-174395-open,awkward,awkward,,1.5b,0.6571,open,4,6,6,0.3,0.0,0.02276,0.85385,0.23081,2.65215,1,0
luke4:item33:open,uw-174397-open,awkward,awkward,,1.5b,0.6571,open,4,6,6,0.3,0.0,0.02276,0.85385,0.23081,2.65215,1,0
luke4:item34:mcq,uw-174397-mcq,awkward,awkward,,1.5b,0.6571,mcq,4,6,6,0.3,0.0,0.02276,0.85385,0.23081,2.65215,1,0
luke4:item39:open,uw-174399-open,awkward,awkward,,1.5b,0.6571,open,4,6,6,0.3,0.0,0.02276,0.85385,0.23081,2.65215,1,0
luke4:item3:open,uw-174378-open,awkward,awkward,,1.5b,0.6571,open,4,6,6,0.3,0.0,0.02276,0.85385,0.23081,2.65215,1,0
luke4:item40:mcq,uw-174399-mcq,awkward,awkward,,1.5b,0.6571,mcq,4,6,6,0.3,0.0,0.02276,0.85385,0.23081,2.65215,1,0
luke4:item41:open,uw-174396-open,awkward,awkward,,1.5b,0.6571,open,4,6,6,0.3,0.0,0.02276,0.85385,0.23081,2.65215,1,0
luke4:item42:mcq,uw-174396-mcq,awkward,awkward,,1.5b,0.6571,mcq,4,6,6,0.3,0.0,0.02276,0.85385,0.23081,2.65215,1,0
luke4:item44:mcq,uw-174398-mcq,awkward,awkward,,1.5b,0.6571,mcq,4,6,6,0.3,0.0,0.02276,0.85385,0.23081,2.65215,1,0
luke4:item4:mcq,uw-174378-mcq,awkward,awkward,,1.5b,0.6571,mcq,4,6,6,0.3,0.0,0.02276,0.85385,0.23081,2.65215,1,0
luke4:item6:mcq,uw-174379-mcq,awkward,awkward,,1.5b,0.6571,mcq,4,6,6,0.3,0.0,0.02276,0.85385,0.23081,2.65215,1,0
luke4:item7:open,uw-174380-open,awkward,awkward,,1.5b,0.6571,open,4,6,6,0.3,0.0,0.02276,0.85385,0.23081,2.65215,1,0
luke4:item8:mcq,uw-174380-mcq,awkward,awkward,,1.5b,0.6571,mcq,4,6,6,0.3,0.0,0.02276,0.85385,0.23081,2.65215,1,0
luke4:item9:open,uw-174381-open,awkward,awkward,,1.5b,0.6571,open,4,6,6,0.3,0.0,0.02276,0.85385,0.23081,2.65215,1,0
luke5:item11:open,uw-174404-open,awkward,awkward,,1.5b,0.6571,open,5,6,6,0.3,0.0,0.02276,0.85385,0.23081,2.65215,1,0
luke5:item12:mcq,uw-174404-mcq,awkward,awkward,,1.5b,0.6571,mcq,5,6,6,0.3,0.0,0.02276,0.85385,0.23081,2.65215,1,0
luke5:item13:open,uw-174406-open,awkward,awkward,,1.5b,0.6571,open,5,6,6,0.3,0.0,0.02276,0.85385,0.23081,2.65215,1,0
luke5:item14:mcq,uw-174406-mcq,awkward,awkward,,1.5b,0.6571,mcq,5,6,6,0.3,0.0,0.02276,0.85385,0.23081,2.65215,1,0
luke5:item16:mcq,uw-174407-mcq,awkward,awkward,,1.5b,0.6571,mcq,5,6,6,0.3,0.0,0.02276,0.85385,0.23081,2.65215,1,0
luke5:item17:open,uw-174408-open,awkward,awkward,,1.5b,0.6571,open,5,6,6,0.3,0.0,0.02276,0.85385,0.23081,2.65215,1,0
luke5:item18:mcq,uw-174408-mcq,awkward,awkward,,1.5b,0.6571,mcq,5,6,6,0.3,0.0,0.02276,0.85385,0.23081,2.65215,1,0
luke5:item19:open,uw-174409-open,awkward,awkward,,1.5b,0.6571,open,5,6,6,0.3,0.0,0.02276,0.85385,0.23081,2.65215,1,0
luke5:item20:mcq,uw-174409-mcq,awkward,awkward,,1.5b,0.6571,mcq,5,6,6,0.3,0.0,0.02276,0.85385,0.23081,2.65215,1,0
luke5:item24:mcq,uw-174412-mcq,awkward,awkward,,1.5b,0.6571,mcq,5,6,6,0.3,0.0,0.02276,0.85385,0.23081,2.65215,1,0
luke5:item25:open,uw-174403-open,awkward,awkward,,1.5b,0.6571,open,5,6,6,0.3,0.0,0.02276,0.85385,0.23081,2.65215,1,0
luke5:item26:mcq,uw-174403-mcq,awkward,awkward,,1.5b,0.6571,mcq,5,6,6,0.3,0.0,0.02276,0.85385,0.23081,2.65215,1,0
luke5:item2:mcq,uw-174400-mcq,awkward,awkward,,1.5b,0.6571,mcq,5,6,6,0.3,0.0,0.02276,0.85385,0.23081,2.65215,1,0
luke5:item4:mcq,uw-174401-mcq,awkward,awkward,,1.5b,0.6571,mcq,5,6,6,0.3,0.0,0.02276,0.85385,0.23081,2.65215,1,0
luke5:item6:mcq,uw-174402-mcq,awkward,awkward,,1.5b,0.6571,mcq,5,6,6,0.3,0.0,0.02276,0.85385,0.23081,2.65215,1,0
luke6:item10:mcq,uw-174423-mcq,awkward,awkward,,1.5b,0.6571,mcq,6,6,6,0.3,0.0,0.02276,0.85385,0.23081,2.65215,1,0
luke6:item14:mcq,uw-174427-mcq,awkward,awkward,,1.5b,0.6571,mcq,6,6,6,0.3,0.0,0.02276,0.85385,0.23081,2.65215,1,0
luke6:item16:mcq,uw-174428-mcq,awkward,awkward,,1.5b,0.6571,mcq,6,6,6,0.3,0.0,0.02276,0.85385,0.23081,2.65215,1,0
luke6:item1:open,uw-174414-open,awkward,awkward,,1.5b,0.6571,open,6,6,6,0.3,0.0,0.02276,0.85385,0.23081,2.65215,1,0
luke6:item2:mcq,uw-174414-mcq,awkward,awkward,,1.5b,0.6571,mcq,6,6,6,0.3,0.0,0.02276,0.85385,0.23081,2.65215,1,0
luke6:item4:mcq,uw-174415-mcq,awkward,awkward,,1.5b,0.6571,mcq,6,6,6,0.3,0.0,0.02276,0.85385,0.23081,2.65215,1,0
luke6:item6:mcq,uw-174421-mcq,awkward,awkward,,1.5b,0.6571,mcq,6,6,6,0.3,0.0,0.02276,0.85385,0.23081,2.65215,1,0
luke6:item8:mcq,uw-174422-mcq,awkward,awkward,,1.5b,0.6571,mcq,6,6,6,0.3,0.0,0.02276,0.85385,0.23081,2.65215,1,0
luke7:item10:mcq,uw-174434-mcq,awkward,awkward,,1.5b,0.6571,mcq,7,6,6,0.3,0.0,0.02276,0.85385,0.23081,2.65215,1,0
luke7:item16:mcq,uw-174441-mcq,awkward,awkward,,1.5b,0.6571,mcq,7,6,6,0.3,0.0,0.02276,0.85385,0.23081,2.65215,1,0
luke7:item17:open,uw-174442-open,awkward,awkward,,1.5b,0.6571,open,7,6,6,0.3,0.0,0.02276,0.85385,0.23081,2.65215,1,0
luke7:item3:open,uw-174430-open,awkward,awkward,,1.5b,0.6571,open,7,6,6,0.3,0.0,0.02276,0.85385,0.23081,2.65215,1,0
luke7:item7:open,uw-174432-open,awkward,awkward,,1.5b,0.6571,open,7,6,6,0.3,0.0,0.02276,0.85385,0.23081,2.65215,1,0
luke8:item10:mcq,uw-174448-mcq,awkward,awkward,,1.5b,0.6571,mcq,8,6,6,0.3,0.0,0.02276,0.85385,0.23081,2.65215,1,0
luke8:item11:open,uw-174449-open,awkward,awkward,,1.5b,0.6571,open,8,6,6,0.3,0.0,0.02276,0.85385,0.23081,2.65215,1,0
luke8:item12:mcq,uw-174449-mcq,awkward,awkward,,1.5b,0.6571,mcq,8,6,6,0.3,0.0,0.02276,0.85385,0.23081,2.65215,1,0
luke8:item14:mcq,uw-174452-mcq,awkward,awkward,,1.5b,0.6571,mcq,8,6,6,0.3,0.0,0.02276,0.85385,0.23081,2.65215,1,0
luke8:item1:open,uw-174444-open,awkward,awkward,,1.5b,0.6571,open,8,6,6,0.3,0.0,0.02276,0.85385,0.23081,2.65215,1,0
luke8:item2:mcq,uw-174444-mcq,awkward,awkward,,1.5b,0.6571,mcq,8,6,6,0.3,0.0,0.02276,0.85385,0.23081,2.65215,1,0
luke8:item3:open,uw-174445-open,awkward,awkward,,1.5b,0.6571,open,8,6,6,0.3,0.0,0.02276,0.85385,0.23081,2.65215,1,0
luke8:item5:open,uw-174446-open,awkward,awkward,,1.5b,0.6571,open,8,6,6,0.3,0.0,0.02276,0.85385,0.23081,2.65215,1,0
luke8:item7:open,uw-174447-open,awkward,awkward,,1.5b,0.6571,open,8,6,6,0.3,0.0,0.02276,0.85385,0.23081,2.65215,1,0
luke8:item8:mcq,uw-174447-mcq,awkward,awkward,,1.5b,0.6571,mcq,8,6,6,0.3,0.0,0.02276,0.85385,0.23081,2.65215,1,0
luke1:item19:open,uw-174329-open,awkward,awkward,,1.5b,0.6571,open,1,6,6,0.3,0.0,0.01882,0.77723,0.19089,-1.94128,1,0
luke1:item28:mcq,uw-174333-mcq,awkward,awkward,,1.5b,0.6571,mcq,1,6,6,0.3,0.0,0.01882,0.77723,0.19089,-1.94128,1,0
luke1:item32:mcq,uw-174336-mcq,awkward,awkward,,1.5b,0.6571,mcq,1,6,6,0.3,0.0,0.01882,0.77723,0.19089,-1.94128,1,0
luke2:item22:mcq,uw-174361-mcq,awkward,awkward,,1.5b,0.6571,mcq,2,6,6,0.3,0.0,0.01882,0.77723,0.19089,-1.94128,1,0
luke2:item6:mcq,uw-174349-mcq,awkward,awkward,,1.5b,0.6571,mcq,2,6,6,0.3,0.0,0.01882,0.77723,0.19089,-1.94128,1,0
luke4:item17:open,uw-174388-open,awkward,awkward,,1.5b,0.6571,open,4,6,6,0.3,0.0,0.01882,0.77723,0.19089,-1.94128,1,0
luke4:item20:mcq,uw-174389-mcq,awkward,awkward,,1.5b,0.6571,mcq,4,6,6,0.3,0.0,0.01882,0.77723,0.19089,-1.94128,1,0
luke4:item21:open,uw-174392-open,awkward,awkward,,1.5b,0.6571,open,4,6,6,0.3,0.0,0.01882,0.77723,0.19089,-1.94128,1,0
luke4:item24:mcq,uw-174393-mcq,awkward,awkward,,1.5b,0.6571,mcq,4,6,6,0.3,0.0,0.01882,0.77723,0.19089,-1.94128,1,0
luke4:item28:mcq,uw-174395-mcq,awkward,awkward,,1.5b,0.6571,mcq,4,6,6,0.3,0.0,0.01882,0.77723,0.19089,-1.94128,1,0
luke4:item2:mcq,uw-174377-mcq,awkward,awkward,,1.5b,0.6571,mcq,4,6,6,0.3,0.0,0.01882,0.77723,0.19089,-1.94128,1,0
luke6:item5:open,uw-174421-open,awkward,awkward,,1.5b,0.6571,open,6,6,6,0.3,0.0,0.01882,0.77723,0.19089,-1.94128,1,0
luke6:item9:open,uw-174423-open,awkward,awkward,,1.5b,0.6571,open,6,6,6,0.3,0.0,0.01882,0.77723,0.19089,-1.94128,1,0
luke7:item12:mcq,uw-174436-mcq,awkward,awkward,,1.5b,0.6571,mcq,7,6,6,0.3,0.0,0.01882,0.77723,0.19089,-1.94128,1,0
luke7:item14:mcq,uw-174440-mcq,awkward,awkward,,1.5b,0.6571,mcq,7,6,6,0.3,0.0,0.01882,0.77723,0.19089,-1.94128,1,0
luke7:item18:mcq,uw-174442-mcq,awkward,awkward,,1.5b,0.6571,mcq,7,6,6,0.3,0.0,0.01882,0.77723,0.19089,-1.94128,1,0
luke7:item4:mcq,uw-174430-mcq,awkward,awkward,,1.5b,0.6571,mcq,7,6,6,0.3,0.0,0.01882,0.77723,0.19089,-1.94128,1,0
luke7:item6:mcq,uw-174431-mcq,awkward,awkward,,1.5b,0.6571,mcq,7,6,6,0.3,0.0,0.01882,0.77723,0.19089,-1.94128,1,0
luke8:item13:open,uw-174452-open,awkward,awkward,,1.5b,0.6571,open,8,6,6,0.3,0.0,0.01882,0.77723,0.19089,-1.94128,1,0
luke8:item16:mcq,uw-174454-mcq,awkward,awkward,,1.5b,0.6571,mcq,8,6,6,0.3,0.0,0.01882,0.77723,0.19089,-1.94128,1,0
luke8:item17:open,uw-174455-open,awkward,awkward,,1.5b,0.6571,open,8,6,6,0.3,0.0,0.01882,0.77723,0.19089,-1.94128,1,0
luke8:item4:mcq,uw-174445-mcq,awkward,awkward,,1.5b,0.6571,mcq,8,6,6,0.3,0.0,0.01882,0.77723,0.19089,-1.94128,1,0
luke2:item17:open,uw-174357-open,awkward,awkward,,1.5b,0.6571,open,2,6,6,0.3,0.14583,0.01465,0.68511,0.14856,1.09369,1,1
luke4:item43:open,uw-174398-open,awkward,awkward,,1.5b,0.6571,open,4,6,6,0.3,0.0625,0.01465,0.68511,0.14856,1.09369,1,1
luke1:item11:open,uw-174324-open,awkward,awkward,,1.5b,0.6571,open,1,6,6,0.3,0.0,0.01252,0.63352,0.12696,0.1533,1,0
luke1:item31:open,uw-174336-open,awkward,awkward,,1.5b,0.6571,open,1,6,6,0.3,0.0,0.01252,0.63352,0.12696,0.1533,1,0
luke2:item15:open,uw-174355-open,awkward,awkward,,1.5b,0.6571,open,2,6,6,0.3,0.0,0.01252,0.63352,0.12696,0.1533,1,0
luke4:item19:open,uw-174389-open,awkward,awkward,,1.5b,0.6571,open,4,6,6,0.3,0.0,0.01252,0.63352,0.12696,0.1533,1,0
luke4:item25:open,uw-174394-open,awkward,awkward,,1.5b,0.6571,open,4,6,6,0.3,0.0,0.01252,0.63352,0.12696,0.1533,1,0
luke8:item9:open,uw-174448-open,awkward,awkward,,1.5b,0.6571,open,8,6,6,0.3,0.0,0.01252,0.63352,0.12696,0.1533,1,0
luke1:item29:open,uw-174335-open,awkward,awkward,,1.5b,0.6571,open,1,6,6,0.3,0.05556,-0.02809,0.72634,-0.2849,1.48919,1,1
luke1:item7:open,uw-174322-open,awkward,awkward,,1.5b,0.6571,open,1,6,6,0.3,0.05556,-0.05992,0.66023,-0.60774,0.75391,1,1
luke3:item11:open,uw-174374-open,awkward,awkward,,1.5b,0.6571,open,3,6,6,0.3,0.05556,-0.05992,0.66023,-0.60774,0.75391,1,1
luke7:item13:open,uw-174440-open,awkward,awkward,,1.5b,0.6571,open,7,6,6,0.3,0.05556,-0.06419,0.68165,-0.65097,-1.06874,1,1
luke4:item13:open,uw-174384-open,awkward,awkward,,1.5b,0.6571,open,4,6,6,0.3,0.0625,-0.09576,0.65576,-0.97123,-0.73188,1,1
luke4:item12:mcq,uw-174382-mcq,awkward,awkward,,1.5b,0.6571,mcq,4,6,6,0.3,0.22222,-0.12591,0.64072,-1.27698,-0.4251,1,1
luke5:item1:open,uw-174400-open,awkward,awkward,,1.5b,0.6571,open,5,6,6,0.3,0.03472,-0.12693,0.64502,-1.28729,0.44646,1,1
luke1:item21:open,uw-174330-open,awkward,awkward,,1.5b,0.6571,open,1,6,6,0.3,0.13889,-0.163,0.73291,-1.6531,1.49553,1,1
luke4:item5:open,uw-174379-open,awkward,awkward,,1.5b,0.6571,open,4,6,6,0.3,0.25,-0.19203,0.63804,-1.9475,0.15466,1,1
luke3:item5:open,uw-174367-open,awkward,awkward,,1.5b,0.6571,open,3,6,6,0.3,0.14583,-0.2268,0.69646,-2.30015,1.10413,1,1
luke1:item41:open,uw-174343-open,awkward,awkward,,1.5b,0.6571,open,1,6,6,0.3,0.03472,-0.2421,0.7926,-2.45531,1.99648,1,1
luke2:item9:open,uw-174351-open,awkward,awkward,,1.5b,0.6571,open,2,6,6,0.3,0.03472,-0.2421,0.7926,-2.45531,1.99648,1,1
luke6:item3:open,uw-174415-open,awkward,awkward,,1.5b,0.6571,open,6,6,6,0.3,0.03472,-0.2421,0.7926,-2.45531,1.99648,1,1
luke7:item9:open,uw-174434-open,awkward,awkward,,1.5b,0.6571,open,7,6,6,0.3,0.03472,-0.2421,0.7926,-2.45531,1.99648,1,1
luke5:item5:open,uw-174402-open,awkward,awkward,,1.5b,0.6571,open,5,6,6,0.3,0.05556,-0.28443,0.67195,-2.88463,0.76579,1,1
luke5:item22:mcq,uw-174410-mcq,awkward,awkward,,1.5b,0.6571,mcq,5,6,6,0.3,0.13889,-0.29929,0.68172,-3.03539,-1.0855,1,1
luke6:item12:mcq,uw-174424-mcq,awkward,awkward,,1.5b,0.6571,mcq,6,6,6,0.3,0.22222,-0.33569,0.64704,-3.40456,-0.43284,1,1
luke2:item3:open,uw-174347-open,awkward,awkward,,1.5b,0.6571,open,2,6,6,0.3,0.03472,-0.34143,0.65711,-3.46271,0.45642,1,1
luke1:item15:open,uw-174326-open,awkward,awkward,,1.5b,0.6571,open,1,6,6,0.3,0.05556,-0.4004,0.68102,-4.0608,0.77801,1,1
luke2:item13:open,uw-174354-open,awkward,awkward,,1.5b,0.6571,open,2,6,6,0.3,0.08333,-0.40212,0.65064,-4.07824,0.15997,1,1
luke7:item8:mcq,uw-174432-mcq,awkward,awkward,,1.5b,0.6571,mcq,7,6,6,0.3,0.25,-0.40212,0.65064,-4.07824,0.15997,1,1
luke2:item7:open,uw-174350-open,awkward,awkward,,1.5b,0.6571,open,2,6,6,0.3,0.0625,-0.61185,0.72921,-6.20533,1.16802,1,1
luke3:item3:open,uw-174366-open,awkward,awkward,,1.5b,0.6571,open,3,6,6,0.3,0.16667,-0.62326,0.67142,-6.32103,0.17068,1,1
luke1:item33:open,uw-174339-open,awkward,awkward,,1.5b,0.6571,open,1,6,6,0.3,0.13889,-0.7386,0.77734,-7.49078,1.61488,1,1
luke4:item10:mcq,uw-174381-mcq,awkward,awkward,,1.5b,0.6571,mcq,4,6,6,0.3,0.13889,-0.7386,0.77734,-7.49078,1.61488,1,1
luke1:item18:mcq,uw-174328-mcq,awkward,awkward,,1.5b,0.6571,mcq,1,6,6,0.3,0.13889,-0.78551,0.70871,-7.96654,-1.18028,1,1
luke1:item43:open,uw-174344-open,awkward,awkward,,1.5b,0.6571,open,1,6,6,0.3,0.13889,-0.78551,0.70871,-7.96654,-1.18028,1,1
luke4:item18:mcq,uw-174388-mcq,awkward,awkward,,1.5b,0.6571,mcq,4,6,6,0.3,0.13889,-0.78551,0.70871,-7.96654,-1.18028,1,1
luke8:item18:mcq,uw-174455-mcq,awkward,awkward,,1.5b,0.6571,mcq,8,6,6,0.3,0.13889,-0.78551,0.70871,-7.96654,-1.18028,1,1
luke1:item34:mcq,uw-174339-mcq,awkward,awkward,,1.5b,0.6571,mcq,1,6,6,0.3,0.25,-1.12241,0.73573,-11.38331,0.21442,1,1
luke2:item7:open,uw-174350-open,awkward,awkward,,1.7b,1.1343,open,2,6,6,0.3,0.25,1.15737,0.73425,11.73789,0.22654,1,1
luke7:item4:mcq,uw-174430-mcq,awkward,awkward,,1.7b,1.1343,mcq,7,6,6,0.3,0.25,1.15737,0.73425,11.73789,0.22654,1,1
luke2:item19:open,uw-174359-open,awkward,awkward,,1.7b,1.1343,open,2,6,6,0.3,0.22222,1.135,0.73575,11.51098,0.97464,1,1
luke1:item34:mcq,uw-174339-mcq,awkward,awkward,,1.7b,1.1343,mcq,1,6,6,0.3,0.22222,1.02099,0.7295,10.35472,-0.4625,1,1
luke4:item25:open,uw-174394-open,awkward,awkward,,1.7b,1.1343,open,4,6,6,0.3,0.22222,1.02099,0.7295,10.35472,-0.4625,1,1
luke4:item43:open,uw-174398-open,awkward,awkward,,1.7b,1.1343,open,4,6,6,0.3,0.22222,1.02099,0.7295,10.35472,-0.4625,1,1
luke1:item27:open,uw-174333-open,awkward,awkward,,1.7b,1.1343,open,1,6,6,0.3,0.13889,0.94808,0.75374,9.61532,1.7783,1,1
luke5:item22:mcq,uw-174410-mcq,awkward,awkward,,1.7b,1.1343,mcq,5,6,6,0.3,0.13889,0.94808,0.75374,9.61532,1.7783,1,1
luke6:item13:open,uw-174427-open,awkward,awkward,,1.7b,1.1343,open,6,6,6,0.3,0.13889,0.94808,0.75374,9.61532,1.7783,1,1
luke7:item11:open,uw-174436-open,awkward,awkward,,1.7b,1.1343,open,7,6,6,0.3,0.13889,0.94808,0.75374,9.61532,1.7783,1,1
luke7:item17:open,uw-174442-open,awkward,awkward,,1.7b,1.1343,open,7,6,6,0.3,0.13889,0.94808,0.75374,9.61532,1.7783,1,1
luke3:item9:open,uw-174370-open,awkward,awkward,,1.7b,1.1343,open,3,6,6,0.3,0.22222,0.87232,0.70482,8.84696,0.91486,1,1
luke3:item3:open,uw-174366-open,awkward,awkward,,1.7b,1.1343,open,3,6,6,0.3,0.13889,0.69158,0.72988,7.01387,-1.09476,1,1
luke7:item3:open,uw-174430-open,awkward,awkward,,1.7b,1.1343,open,7,6,6,0.3,0.13889,0.69158,0.72988,7.01387,-1.09476,1,1
luke4:item19:open,uw-174389-open,awkward,awkward,,1.7b,1.1343,open,4,6,6,0.3,0.25,0.66071,0.66991,6.70087,0.21571,1,1
luke2:item5:open,uw-174349-open,awkward,awkward,,1.7b,1.1343,open,2,6,6,0.3,0.22222,0.39892,0.66704,4.04582,0.83462,1,1
luke4:item37:open,uw-174398-open,awkward,awkward,,1.7b,1.1343,open,4,6,6,0.3,0.13889,0.39419,0.72929,3.99786,1.60586,1,1
luke8:item18:mcq,uw-174455-mcq,awkward,awkward,,1.7b,1.1343,mcq,8,6,6,0.3,0.13889,0.39419,0.72929,3.99786,1.60586,1,1
luke4:item35:open,uw-174398-open,awkward,awkward,,1.7b,1.1343,open,4,6,6,0.3,0.25,0.23054,0.63802,2.33811,0.20585,1,1
luke7:item15:open,uw-174441-open,awkward,awkward,,1.7b,1.1343,open,7,6,6,0.3,0.13889,0.18669,0.686,1.89337,-1.01229,1,1
luke8:item15:open,uw-174454-open,awkward,awkward,,1.7b,1.1343,open,8,6,6,0.3,0.22222,0.17582,0.66102,1.78312,0.81521,1,1
luke8:item5:open,uw-174446-open,awkward,awkward,,1.7b,1.1343,open,8,6,6,0.3,0.22222,0.17582,0.66102,1.78312,0.81521,1,1
luke1:item11:open,uw-174324-open,awkward,awkward,,1.7b,1.1343,open,1,6,6,0.3,0.13889,0.12478,0.73012,1.26552,1.57075,1,1
luke7:item1:open,uw-174429-open,awkward,awkward,,1.7b,1.1343,open,7,6,6,0.3,0.13889,0.12478,0.73012,1.26552,1.57075,1,1
luke1:item26:mcq,uw-174332-mcq,awkward,awkward,,1.7b,1.1343,mcq,1,6,6,0.3,0.22222,0.09539,0.64095,0.96738,-0.37255,1,1
luke4:item36:mcq,uw-174398-mcq,awkward,awkward,,1.7b,1.1343,mcq,4,6,6,0.3,0.22222,0.09539,0.64095,0.96738,-0.37255,1,1
luke4:item38:mcq,uw-174398-mcq,awkward,awkward,,1.7b,1.1343,mcq,4,6,6,0.3,0.22222,0.09539,0.64095,0.96738,-0.37255,1,1
luke1:item10:mcq,uw-174323-mcq,awkward,awkward,,1.7b,1.1343,mcq,1,6,6,0.3,0.0,0.04822,0.8674,0.48907,2.79989,1,0
luke1:item13:open,uw-174325-open,awkward,awkward,,1.7b,1.1343,open,1,6,6,0.3,0.0,0.04822,0.8674,0.48907,2.79989,1,0
luke1:item14:mcq,uw-174325-mcq,awkward,awkward,,1.7b,1.1343,mcq,1,6,6,0.3,0.0,0.04822,0.8674,0.48907,2.79989,1,0
luke1:item16:mcq,uw-174326-mcq,awkward,awkward,,1.7b,1.1343,mcq,1,6,6,0.3,0.0,0.04822,0.8674,0.48907,2.79989,1,0
luke1:item18:mcq,uw-174328-mcq,awkward,awkward,,1.7b,1.1343,mcq,1,6,6,0.3,0.0,0.04822,0.8674,0.48907,2.79989,1,0
luke1:item19:open,uw-174329-open,awkward,awkward,,1.7b,1.1343,open,1,6,6,0.3,0.0,0.04822,0.8674,0.48907,2.79989,1,0
luke1:item1:open,uw-174316-open,awkward,awkward,,1.7b,1.1343,open,1,6,6,0.3,0.0,0.04822,0.8674,0.48907,2.79989,1,0
luke1:item20:mcq,uw-174329-mcq,awkward,awkward,,1.7b,1.1343,mcq,1,6,6,0.3,0.0,0.04822,0.8674,0.48907,2.79989,1,0
luke1:item22:mcq,uw-174330-mcq,awkward,awkward,,1.7b,1.1343,mcq,1,6,6,0.3,0.0,0.04822,0.8674,0.48907,2.79989,1,0
luke1:item23:open,uw-174331-open,awkward,awkward,,1.7b,1.1343,open,1,6,6,0.3,0.0,0.04822,0.8674,0.48907,2.79989,1,0
luke1:item24:mcq,uw-174331-mcq,awkward,awkward,,1.7b,1.1343,mcq,1,6,6,0.3,0.0,0.04822,0.8674,0.48907,2.79989,1,0
luke1:item29:open,uw-174335-open,awkward,awkward,,1.7b,1.1343,open,1,6,6,0.3,0.0,0.04822,0.8674,0.48907,2.79989,1,0
luke1:item2:mcq,uw-174316-mcq,awkward,awkward,,1.7b,1.1343,mcq,1,6,6,0.3,0.0,0.04822,0.8674,0.48907,2.79989,1,0
luke1:item30:mcq,uw-174335-mcq,awkward,awkward,,1.7b,1.1343,mcq,1,6,6,0.3,0.0,0.04822,0.8674,0.48907,2.79989,1,0
luke1:item31:open,uw-174336-open,awkward,awkward,,1.7b,1.1343,open,1,6,6,0.3,0.0,0.04822,0.8674,0.48907,2.79989,1,0
luke1:item36:mcq,uw-174340-mcq,awkward,awkward,,1.7b,1.1343,mcq,1,6,6,0.3,0.0,0.04822,0.8674,0.48907,2.79989,1,0
luke1:item38:mcq,uw-174341-mcq,awkward,awkward,,1.7b,1.1343,mcq,1,6,6,0.3,0.0,0.04822,0.8674,0.48907,2.79989,1,0
luke1:item39:open,uw-174342-open,awkward,awkward,,1.7b,1.1343,open,1,6,6,0.3,0.0,0.04822,0.8674,0.48907,2.79989,1,0
luke1:item3:open,uw-174317-open,awkward,awkward,,1.7b,1.1343,open,1,6,6,0.3,0.0,0.04822,0.8674,0.48907,2.79989,1,0
luke1:item40:mcq,uw-174342-mcq,awkward,awkward,,1.7b,1.1343,mcq,1,6,6,0.3,0.0,0.04822,0.8674,0.48907,2.79989,1,0
luke1:item42:mcq,uw-174343-mcq,awkward,awkward,,1.7b,1.1343,mcq,1,6,6,0.3,0.0,0.04822,0.8674,0.48907,2.79989,1,0
luke1:item43:open,uw-174344-open,awkward,awkward,,1.7b,1.1343,open,1,6,6,0.3,0.0,0.04822,0.8674,0.48907,2.79989,1,0
luke1:item44:mcq,uw-174344-mcq,awkward,awkward,,1.7b,1.1343,mcq,1,6,6,0.3,0.0,0.04822,0.8674,0.48907,2.79989,1,0
luke1:item4:mcq,uw-174317-mcq,awkward,awkward,,1.7b,1.1343,mcq,1,6,6,0.3,0.0,0.04822,0.8674,0.48907,2.79989,1,0
luke1:item5:open,uw-174318-open,awkward,awkward,,1.7b,1.1343,open,1,6,6,0.3,0.0,0.04822,0.8674,0.48907,2.79989,1,0
luke1:item6:mcq,uw-174318-mcq,awkward,awkward,,1.7b,1.1343,mcq,1,6,6,0.3,0.0,0.04822,0.8674,0.48907,2.79989,1,0
luke1:item7:open,uw-174322-open,awkward,awkward,,1.7b,1.1343,open,1,6,6,0.3,0.0,0.04822,0.8674,0.48907,2.79989,1,0
luke1:item8:mcq,uw-174322-mcq,awkward,awkward,,1.7b,1.1343,mcq,1,6,6,0.3,0.0,0.04822,0.8674,0.48907,2.79989,1,0
luke1:item9:open,uw-174323-open,awkward,awkward,,1.7b,1.1343,open,1,6,6,0.3,0.0,0.04822,0.8674,0.48907,2.79989,1,0
luke2:item10:mcq,uw-174351-mcq,awkward,awkward,,1.7b,1.1343,mcq,2,6,6,0.3,0.0,0.04822,0.8674,0.48907,2.79989,1,0
luke2:item11:open,uw-174352-open,awkward,awkward,,1.7b,1.1343,open,2,6,6,0.3,0.0,0.04822,0.8674,0.48907,2.79989,1,0
luke2:item12:mcq,uw-174352-mcq,awkward,awkward,,1.7b,1.1343,mcq,2,6,6,0.3,0.0,0.04822,0.8674,0.48907,2.79989,1,0
luke2:item14:mcq,uw-174354-mcq,awkward,awkward,,1.7b,1.1343,mcq,2,6,6,0.3,0.0,0.04822,0.8674,0.48907,2.79989,1,0
luke2:item15:open,uw-174355-open,awkward,awkward,,1.7b,1.1343,open,2,6,6,0.3,0.0,0.04822,0.8674,0.48907,2.79989,1,0
luke2:item16:mcq,uw-174355-mcq,awkward,awkward,,1.7b,1.1343,mcq,2,6,6,0.3,0.0,0.04822,0.8674,0.48907,2.79989,1,0
luke2:item18:mcq,uw-174357-mcq,awkward,awkward,,1.7b,1.1343,mcq,2,6,6,0.3,0.0,0.04822,0.8674,0.48907,2.79989,1,0
luke2:item1:open,uw-174346-open,awkward,awkward,,1.7b,1.1343,open,2,6,6,0.3,0.0,0.04822,0.8674,0.48907,2.79989,1,0
luke2:item20:mcq,uw-174359-mcq,awkward,awkward,,1.7b,1.1343,mcq,2,6,6,0.3,0.0,0.04822,0.8674,0.48907,2.79989,1,0
luke2:item23:open,uw-174362-open,awkward,awkward,,1.7b,1.1343,open,2,6,6,0.3,0.0,0.04822,0.8674,0.48907,2.79989,1,0
luke2:item24:mcq,uw-174362-mcq,awkward,awkward,,1.7b,1.1343,mcq,2,6,6,0.3,0.0,0.04822,0.8674,0.48907,2.79989,1,0
luke2:item2:mcq,uw-174346-mcq,awkward,awkward,,1.7b,1.1343,mcq,2,6,6,0.3,0.0,0.04822,0.8674,0.48907,2.79989,1,0
luke2:item4:mcq,uw-174347-mcq,awkward,awkward,,1.7b,1.1343,mcq,2,6,6,0.3,0.0,0.04822,0.8674,0.48907,2.79989,1,0
luke2:item6:mcq,uw-174349-mcq,awkward,awkward,,1.7b,1.1343,mcq,2,6,6,0.3,0.0,0.04822,0.8674,0.48907,2.79989,1,0
luke2:item8:mcq,uw-174350-mcq,awkward,awkward,,1.7b,1.1343,mcq,2,6,6,0.3,0.0,0.04822,0.8674,0.48907,2.79989,1,0
luke2:item9:open,uw-174351-open,awkward,awkward,,1.7b,1.1343,open,2,6,6,0.3,0.0,0.04822,0.8674,0.48907,2.79989,1,0
luke3:item10:mcq,uw-174370-mcq,awkward,awkward,,1.7b,1.1343,mcq,3,6,6,0.3,0.0,0.04822,0.8674,0.48907,2.79989,1,0
luke3:item11:open,uw-174374-open,awkward,awkward,,1.7b,1.1343,open,3,6,6,0.3,0.0,0.04822,0.8674,0.48907,2.79989,1,0
luke3:item12:mcq,uw-174374-mcq,awkward,awkward,,1.7b,1.1343,mcq,3,6,6,0.3,0.0,0.04822,0.8674,0.48907,2.79989,1,0
luke3:item13:open,uw-174375-open,awkward,awkward,,1.7b,1.1343,open,3,6,6,0.3,0.0,0.04822,0.8674,0.48907,2.79989,1,0
luke3:item14:mcq,uw-174375-mcq,awkward,awkward,,1.7b,1.1343,mcq,3,6,6,0.3,0.0,0.04822,0.8674,0.48907,2.79989,1,0
luke3:item1:open,uw-174365-open,awkward,awkward,,1.7b,1.1343,open,3,6,6,0.3,0.0,0.04822,0.8674,0.48907,2.79989,1,0
luke3:item2:mcq,uw-174365-mcq,awkward,awkward,,1.7b,1.1343,mcq,3,6,6,0.3,0.0,0.04822,0.8674,0.48907,2.79989,1,0
luke3:item4:mcq,uw-174366-mcq,awkward,awkward,,1.7b,1.1343,mcq,3,6,6,0.3,0.0,0.04822,0.8674,0.48907,2.79989,1,0
luke3:item6:mcq,uw-174367-mcq,awkward,awkward,,1.7b,1.1343,mcq,3,6,6,0.3,0.0,0.04822,0.8674,0.48907,2.79989,1,0
luke3:item7:open,uw-174368-open,awkward,awkward,,1.7b,1.1343,open,3,6,6,0.3,0.0,0.04822,0.8674,0.48907,2.79989,1,0
luke3:item8:mcq,uw-174368-mcq,awkward,awkward,,1.7b,1.1343,mcq,3,6,6,0.3,0.0,0.04822,0.8674,0.48907,2.79989,1,0
luke4:item10:mcq,uw-174381-mcq,awkward,awkward,,1.7b,1.1343,mcq,4,6,6,0.3,0.0,0.04822,0.8674,0.48907,2.79989,1,0
luke4:item11:open,uw-174382-open,awkward,awkward,,1.7b,1.1343,open,4,6,6,0.3,0.0,0.04822,0.8674,0.48907,2.79989,1,0
luke4:item13:open,uw-174384-open,awkward,awkward,,1.7b,1.1343,open,4,6,6,0.3,0.0,0.04822,0.8674,0.48907,2.79989,1,0
luke4:item14:mcq,uw-174384-mcq,awkward,awkward,,1.7b,1.1343,mcq,4,6,6,0.3,0.0,0.04822,0.8674,0.48907,2.79989,1,0
luke4:item16:mcq,uw-174387-mcq,awkward,awkward,,1.7b,1.1343,mcq,4,6,6,0.3,0.0,0.04822,0.8674,0.48907,2.79989,1,0
luke4:item1:open,uw-174377-open,awkward,awkward,,1.7b,1.1343,open,4,6,6,0.3,0.0,0.04822,0.8674,0.48907,2.79989,1,0
luke4:item21:open,uw-174392-open,awkward,awkward,,1.7b,1.1343,open,4,6,6,0.3,0.0,0.04822,0.8674,0.48907,2.79989,1,0
luke4:item22:mcq,uw-174392-mcq,awkward,awkward,,1.7b,1.1343,mcq,4,6,6,0.3,0.0,0.04822,0.8674,0.48907,2.79989,1,0
luke4:item24:mcq,uw-174393-mcq,awkward,awkward,,1.7b,1.1343,mcq,4,6,6,0.3,0.0,0.04822,0.8674,0.48907,2.79989,1,0
luke4:item26:mcq,uw-174394-mcq,awkward,awkward,,1.7b,1.1343,mcq,4,6,6,0.3,0.0,0.04822,0.8674,0.48907,2.79989,1,0
luke4:item27:open,uw-174395-open,awkward,awkward,,1.7b,1.1343,open,4,6,6,0.3,0.0,0.04822,0.8674,0.48907,2.79989,1,0
luke4:item28:mcq,uw-174395-mcq,awkward,awkward,,1.7b,1.1343,mcq,4,6,6,0.3,0.0,0.04822,0.8674,0.48907,2.79989,1,0
luke4:item29:open,uw-174396-open,awkward,awkward,,1.7b,1.1343,open,4,6,6,0.3,0.0,0.04822,0.8674,0.48907,2.79989,1,0
luke4:item30:mcq,uw-174396-mcq,awkward,awkward,,1.7b,1.1343,mcq,4,6,6,0.3,0.0,0.04822,0.8674,0.48907,2.79989,1,0
luke4:item31:open,uw-174396-open,awkward,awkward,,1.7b,1.1343,open,4,6,6,0.3,0.0,0.04822,0.8674,0.48907,2.79989,1,0
luke4:item32:mcq,uw-174396-mcq,awkward,awkward,,1.7b,1.1343,mcq,4,6,6,0.3,0.0,0.04822,0.8674,0.48907,2.79989,1,0
luke4:item33:open,uw-174397-open,awkward,awkward,,1.7b,1.1343,open,4,6,6,0.3,0.0,0.04822,0.8674,0.48907,2.79989,1,0
luke4:item34:mcq,uw-174397-mcq,awkward,awkward,,1.7b,1.1343,mcq,4,6,6,0.3,0.0,0.04822,0.8674,0.48907,2.79989,1,0
luke4:item39:open,uw-174399-open,awkward,awkward,,1.7b,1.1343,open,4,6,6,0.3,0.0,0.04822,0.8674,0.48907,2.79989,1,0
luke4:item3:open,uw-174378-open,awkward,awkward,,1.7b,1.1343,open,4,6,6,0.3,0.0,0.04822,0.8674,0.48907,2.79989,1,0
luke4:item40:mcq,uw-174399-mcq,awkward,awkward,,1.7b,1.1343,mcq,4,6,6,0.3,0.0,0.04822,0.8674,0.48907,2.79989,1,0
luke4:item41:open,uw-174396-open,awkward,awkward,,1.7b,1.1343,open,4,6,6,0.3,0.0,0.04822,0.8674,0.48907,2.79989,1,0
luke4:item42:mcq,uw-174396-mcq,awkward,awkward,,1.7b,1.1343,mcq,4,6,6,0.3,0.0,0.04822,0.8674,0.48907,2.79989,1,0
luke4:item4:mcq,uw-174378-mcq,awkward,awkward,,1.7b,1.1343,mcq,4,6,6,0.3,0.0,0.04822,0.8674,0.48907,2.79989,1,0
luke4:item5:open,uw-174379-open,awkward,awkward,,1.7b,1.1343,open,4,6,6,0.3,0.0,0.04822,0.8674,0.48907,2.79989,1,0
luke4:item6:mcq,uw-174379-mcq,awkward,awkward,,1.7b,1.1343,mcq,4,6,6,0.3,0.0,0.04822,0.8674,0.48907,2.79989,1,0
luke4:item7:open,uw-174380-open,awkward,awkward,,1.7b,1.1343,open,4,6,6,0.3,0.0,0.04822,0.8674,0.48907,2.79989,1,0
luke4:item8:mcq,uw-174380-mcq,awkward,awkward,,1.7b,1.1343,mcq,4,6,6,0.3,0.0,0.04822,0.8674,0.48907,2.79989,1,0
luke4:item9:open,uw-174381-open,awkward,awkward,,1.7b,1.1343,open,4,6,6,0.3,0.0,0.04822,0.8674,0.48907,2.79989,1,0
luke5:item10:mcq,uw-174403-mcq,awkward,awkward,,1.7b,1.1343,mcq,5,6,6,0.3,0.0,0.04822,0.8674,0.48907,2.79989,1,0
luke5:item12:mcq,uw-174404-mcq,awkward,awkward,,1.7b,1.1343,mcq,5,6,6,0.3,0.0,0.04822,0.8674,0.48907,2.79989,1,0
luke5:item13:open,uw-174406-open,awkward,awkward,,1.7b,1.1343,open,5,6,6,0.3,0.0,0.04822,0.8674,0.48907,2.79989,1,0
luke5:item14:mcq,uw-174406-mcq,awkward,awkward,,1.7b,1.1343,mcq,5,6,6,0.3,0.0,0.04822,0.8674,0.48907,2.79989,1,0
luke5:item15:open,uw-174407-open,awkward,awkward,,1.7b,1.1343,open,5,6,6,0.3,0.0,0.04822,0.8674,0.48907,2.79989,1,0
luke5:item16:mcq,uw-174407-mcq,awkward,awkward,,1.7b,1.1343,mcq,5,6,6,0.3,0.0,0.04822,0.8674,0.48907,2.79989,1,0
luke5:item17:open,uw-174408-open,awkward,awkward,,1.7b,1.1343,open,5,6,6,0.3,0.0,0.04822,0.8674,0.48907,2.79989,1,0
luke5:item18:mcq,uw-174408-mcq,awkward,awkward,,1.7b,1.1343,mcq,5,6,6,0.3,0.0,0.04822,0.8674,0.48907,2.79989,1,0
luke5:item19:open,uw-174409-open,awkward,awkward,,1.7b,1.1343,open,5,6,6,0.3,0.0,0.04822,0.8674,0.48907,2.79989,1,0
luke5:item1:open,uw-174400-open,awkward,awkward,,1.7b,1.1343,open,5,6,6,0.3,0.0,0.04822,0.8674,0.48907,2.79989,1,0
luke5:item20:mcq,uw-174409-mcq,awkward,awkward,,1.7b,1.1343,mcq,5,6,6,0.3,0.0,0.04822,0.8674,0.48907,2.79989,1,0
luke5:item23:open,uw-174412-open,awkward,awkward,,1.7b,1.1343,open,5,6,6,0.3,0.0,0.04822,0.8674,0.48907,2.79989,1,0
luke5:item24:mcq,uw-174412-mcq,awkward,awkward,,1.7b,1.1343,mcq,5,6,6,0.3,0.0,0.04822,0.8674,0.48907,2.79989,1,0
luke5:item25:open,uw-174403-open,awkward,awkward,,1.7b,1.1343,open,5,6,6,0.3,0.0,0.04822,0.8674,0.48907,2.79989,1,0
luke5:item26:mcq,uw-174403-mcq,awkward,awkward,,1.7b,1.1343,mcq,5,6,6,0.3,0.0,0.04822,0.8674,0.48907,2.79989,1,0
luke5:item2:mcq,uw-174400-mcq,awkward,awkward,,1.7b,1.1343,mcq,5,6,6,0.3,0.0,0.04822,0.8674,0.48907,2.79989,1,0
luke5:item4:mcq,uw-174401-mcq,awkward,awkward,,1.7b,1.1343,mcq,5,6,6,0.3,0.0,0.04822,0.8674,0.48907,2.79989,1,0
luke5:item5:open,uw-174402-open,awkward,awkward,,1.7b,1.1343,open,5,6,6,0.3,0.0,0.04822,0.8674,0.48907,2.79989,1,0
luke5:item6:mcq,uw-174402-mcq,awkward,awkward,,1.7b,1.1343,mcq,5,6,6,0.3,0.0,0.04822,0.8674,0.48907,2.79989,1,0
luke5:item7:open,uw-174403-open,awkward,awkward,,1.7b,1.1343,open,5,6,6,0.3,0.0,0.04822,0.8674,0.48907,2.79989,1,0
luke5:item8:mcq,uw-174403-mcq,awkward,awkward,,1.7b,1.1343,mcq,5,6,6,0.3,0.0,0.04822,0.8674,0.48907,2.79989,1,0
luke6:item10:mcq,uw-174423-mcq,awkward,awkward,,1.7b,1.1343,mcq,6,6,6,0.3,0.0,0.04822,0.8674,0.48907,2.79989,1,0
luke6:item11:open,uw-174424-open,awkward,awkward,,1.7b,1.1343,open,6,6,6,0.3,0.0,0.04822,0.8674,0.48907,2.79989,1,0
luke6:item12:mcq,uw-174424-mcq,awkward,awkward,,1.7b,1.1343,mcq,6,6,6,0.3,0.0,0.04822,0.8674,0.48907,2.79989,1,0
luke6:item14:mcq,uw-174427-mcq,awkward,awkward,,1.7b,1.1343,mcq,6,6,6,0.3,0.0,0.04822,0.8674,0.48907,2.79989,1,0
luke6:item15:open,uw-174428-open,awkward,awkward,,1.7b,1.1343,open,6,6,6,0.3,0.0,0.04822,0.8674,0.48907,2.79989,1,0
luke6:item1:open,uw-174414-open,awkward,awkward,,1.7b,1.1343,open,6,6,6,0.3,0.0,0.04822,0.8674,0.48907,2.79989,1,0
luke6:item2:mcq,uw-174414-mcq,awkward,awkward,,1.7b,1.1343,mcq,6,6,6,0.3,0.0,0.04822,0.8674,0.48907,2.79989,1,0
luke6:item3:open,uw-174415-open,awkward,awkward,,1.7b,1.1343,open,6,6,6,0.3,0.0,0.04822,0.8674,0.48907,2.79989,1,0
luke6:item4:mcq,uw-174415-mcq,awkward,awkward,,1.7b,1.1343,mcq,6,6,6,0.3,0.0,0.04822,0.8674,0.48907,2.79989,1,0
luke6:item6:mcq,uw-174421-mcq,awkward,awkward,,1.7b,1.1343,mcq,6,6,6,0.3,0.0,0.04822,0.8674,0.48907,2.79989,1,0
luke6:item7:open,uw-174422-open,awkward,awkward,,1.7b,1.1343,open,6,6,6,0.3,0.0,0.04822,0.8674,0.48907,2.79989,1,0
luke6:item8:mcq,uw-174422-mcq,awkward,awkward,,1.7b,1.1343,mcq,6,6,6,0.3,0.0,0.04822,0.8674,0.48907,2.79989,1,0
luke7:item10:mcq,uw-174434-mcq,awkward,awkward,,1.7b,1.1343,mcq,7,6,6,0.3,0.0,0.04822,0.8674,0.48907,2.79989,1,0
luke7:item12:mcq,uw-174436-mcq,awkward,awkward,,1.7b,1.1343,mcq,7,6,6,0.3,0.0,0.04822,0.8674,0.48907,2.79989,1,0
luke7:item13:open,uw-174440-open,awkward,awkward,,1.7b,1.1343,open,7,6,6,0.3,0.0,0.04822,0.8674,0.48907,2.79989,1,0
luke7:item14:mcq,uw-174440-mcq,awkward,awkward,,1.7b,1.1343,mcq,7,6,6,0.3,0.0,0.04822,0.8674,0.48907,2.79989,1,0
luke7:item16:mcq,uw-174441-mcq,awkward,awkward,,1.7b,1.1343,mcq,7,6,6,0.3,0.0,0.04822,0.8674,0.48907,2.79989,1,0
luke7:item2:mcq,uw-174429-mcq,awkward,awkward,,1.7b,1.1343,mcq,7,6,6,0.3,0.0,0.04822,0.8674,0.48907,2.79989,1,0
luke7:item6:mcq,uw-174431-mcq,awkward,awkward,,1.7b,1.1343,mcq,7,6,6,0.3,0.0,0.04822,0.8674,0.48907,2.79989,1,0
luke7:item7:open,uw-174432-open,awkward,awkward,,1.7b,1.1343,open,7,6,6,0.3,0.0,0.04822,0.8674,0.48907,2.79989,1,0
luke7:item9:open,uw-174434-open,awkward,awkward,,1.7b,1.1343,open,7,6,6,0.3,0.0,0.04822,0.8674,0.48907,2.79989,1,0
luke8:item10:mcq,uw-174448-mcq,awkward,awkward,,1.7b,1.1343,mcq,8,6,6,0.3,0.0,0.04822,0.8674,0.48907,2.79989,1,0
luke8:item12:mcq,uw-174449-mcq,awkward,awkward,,1.7b,1.1343,mcq,8,6,6,0.3,0.0,0.04822,0.8674,0.48907,2.79989,1,0
luke8:item14:mcq,uw-174452-mcq,awkward,awkward,,1.7b,1.1343,mcq,8,6,6,0.3,0.0,0.04822,0.8674,0.48907,2.79989,1,0
luke8:item16:mcq,uw-174454-mcq,awkward,awkward,,1.7b,1.1343,mcq,8,6,6,0.3,0.0,0.04822,0.8674,0.48907,2.79989,1,0
luke8:item1:open,uw-174444-open,awkward,awkward,,1.7b,1.1343,open,8,6,6,0.3,0.0,0.04822,0.8674,0.48907,2.79989,1,0
luke8:item2:mcq,uw-174444-mcq,awkward,awkward,,1.7b,1.1343,mcq,8,6,6,0.3,0.0,0.04822,0.8674,0.48907,2.79989,1,0
luke8:item3:open,uw-174445-open,awkward,awkward,,1.7b,1.1343,open,8,6,6,0.3,0.0,0.04822,0.8674,0.48907,2.79989,1,0
luke8:item4:mcq,uw-174445-mcq,awkward,awkward,,1.7b,1.1343,mcq,8,6,6,0.3,0.0,0.04822,0.8674,0.48907,2.79989,1,0
luke8:item6:mcq,uw-174446-mcq,awkward,awkward,,1.7b,1.1343,mcq,8,6,6,0.3,0.0,0.04822,0.8674,0.48907,2.79989,1,0
luke8:item7:open,uw-174447-open,awkward,awkward,,1.7b,1.1343,open,8,6,6,0.3,0.0,0.04822,0.8674,0.48907,2.79989,1,0
luke8:item8:mcq,uw-174447-mcq,awkward,awkward,,1.7b,1.1343,mcq,8,6,6,0.3,0.0,0.04822,0.8674,0.48907,2.79989,1,0
luke1:item12:mcq,uw-174324-mcq,awkward,awkward,,1.7b,1.1343,mcq,1,6,6,0.3,0.0,0.03758,0.76714,0.38109,-1.84732,1,0
luke1:item17:open,uw-174328-open,awkward,awkward,,1.7b,1.1343,open,1,6,6,0.3,0.0,0.03758,0.76714,0.38109,-1.84732,1,0
luke1:item37:open,uw-174341-open,awkward,awkward,,1.7b,1.1343,open,1,6,6,0.3,0.0,0.03758,0.76714,0.38109,-1.84732,1,0
luke1:item41:open,uw-174343-open,awkward,awkward,,1.7b,1.1343,open,1,6,6,0.3,0.0,0.03758,0.76714,0.38109,-1.84732,1,0
luke2:item17:open,uw-174357-open,awkward,awkward,,1.7b,1.1343,open,2,6,6,0.3,0.0,0.03758,0.76714,0.38109,-1.84732,1,0
luke2:item22:mcq,uw-174361-mcq,awkward,awkward,,1.7b,1.1343,mcq,2,6,6,0.3,0.0,0.03758,0.76714,0.38109,-1.84732,1,0
luke2:item3:open,uw-174347-open,awkward,awkward,,1.7b,1.1343,open,2,6,6,0.3,0.0,0.03758,0.76714,0.38109,-1.84732,1,0
luke4:item12:mcq,uw-174382-mcq,awkward,awkward,,1.7b,1.1343,mcq,4,6,6,0.3,0.0,0.03758,0.76714,0.38109,-1.84732,1,0
luke4:item17:open,uw-174388-open,awkward,awkward,,1.7b,1.1343,open,4,6,6,0.3,0.0,0.03758,0.76714,0.38109,-1.84732,1,0
luke4:item18:mcq,uw-174388-mcq,awkward,awkward,,1.7b,1.1343,mcq,4,6,6,0.3,0.0,0.03758,0.76714,0.38109,-1.84732,1,0
luke4:item2:mcq,uw-174377-mcq,awkward,awkward,,1.7b,1.1343,mcq,4,6,6,0.3,0.0,0.03758,0.76714,0.38109,-1.84732,1,0
luke4:item44:mcq,uw-174398-mcq,awkward,awkward,,1.7b,1.1343,mcq,4,6,6,0.3,0.0,0.03758,0.76714,0.38109,-1.84732,1,0
luke5:item3:open,uw-174401-open,awkward,awkward,,1.7b,1.1343,open,5,6,6,0.3,0.0,0.03758,0.76714,0.38109,-1.84732,1,0
luke6:item5:open,uw-174421-open,awkward,awkward,,1.7b,1.1343,open,6,6,6,0.3,0.0,0.03758,0.76714,0.38109,-1.84732,1,0
luke7:item5:open,uw-174431-open,awkward,awkward,,1.7b,1.1343,open,7,6,6,0.3,0.0,0.03758,0.76714,0.38109,-1.84732,1,0
luke8:item11:open,uw-174449-open,awkward,awkward,,1.7b,1.1343,open,8,6,6,0.3,0.0,0.03758,0.76714,0.38109,-1.84732,1,0
luke8:item17:open,uw-174455-open,awkward,awkward,,1.7b,1.1343,open,8,6,6,0.3,0.0,0.03758,0.76714,0.38109,-1.84732,1,0
luke8:item9:open,uw-174448-open,awkward,awkward,,1.7b,1.1343,open,8,6,6,0.3,0.25,0.02575,0.63432,0.26112,0.20386,1,1
luke1:item15:open,uw-174326-open,awkward,awkward,,1.7b,1.1343,open,1,6,6,0.3,0.22222,-0.04619,0.6638,-0.46849,0.81067,1,1
luke1:item21:open,uw-174330-open,awkward,awkward,,1.7b,1.1343,open,1,6,6,0.3,0.22222,-0.04619,0.6638,-0.46849,0.81067,1,1
luke1:item28:mcq,uw-174333-mcq,awkward,awkward,,1.7b,1.1343,mcq,1,6,6,0.3,0.22222,-0.04619,0.6638,-0.46849,0.81067,1,1
luke5:item9:open,uw-174403-open,awkward,awkward,,1.7b,1.1343,open,5,6,6,0.3,0.22222,-0.04619,0.6638,-0.46849,0.81067,1,1
luke3:item5:open,uw-174367-open,awkward,awkward,,1.7b,1.1343,open,3,6,6,0.3,0.13889,-0.04817,0.67662,-0.48857,-1.00604,1,1
luke6:item9:open,uw-174423-open,awkward,awkward,,1.7b,1.1343,open,6,6,6,0.3,0.13889,-0.04817,0.67662,-0.48857,-1.00604,1,1
luke2:item13:open,uw-174354-open,awkward,awkward,,1.7b,1.1343,open,2,6,6,0.3,0.22222,-0.11181,0.63884,-1.13396,-0.37277,1,1
luke6:item16:mcq,uw-174428-mcq,awkward,awkward,,1.7b,1.1343,mcq,6,6,6,0.3,0.25,-0.17925,0.63865,-1.81795,0.20536,1,1
luke4:item23:open,uw-174393-open,awkward,awkward,,1.7b,1.1343,open,4,6,6,0.3,0.22222,-0.27307,0.67541,-2.76943,0.82247,1,1
luke8:item13:open,uw-174452-open,awkward,awkward,,1.7b,1.1343,open,8,6,6,0.3,0.13889,-0.27974,0.67644,-2.83709,-1.02026,1,1
luke5:item11:open,uw-174404-open,awkward,awkward,,1.7b,1.1343,open,5,6,6,0.3,0.22222,-0.32029,0.64492,-3.24837,-0.37906,1,1
luke2:item21:open,uw-174361-open,awkward,awkward,,1.7b,1.1343,open,2,6,6,0.3,0.25,-0.3897,0.6511,-3.95224,0.21165,1,1
luke1:item35:open,uw-174340-open,awkward,awkward,,1.7b,1.1343,open,1,6,6,0.3,0.13889,-0.43387,0.75981,-4.40024,1.61305,1,1
luke1:item33:open,uw-174339-open,awkward,awkward,,1.7b,1.1343,open,1,6,6,0.3,0.13889,-0.73594,0.78429,-7.46382,1.6944,1,1
luke7:item8:mcq,uw-174432-mcq,awkward,awkward,,1.7b,1.1343,mcq,7,6,6,0.3,0.13889,-0.73594,0.78429,-7.46382,1.6944,1,1
luke1:item32:mcq,uw-174336-mcq,awkward,awkward,,1.7b,1.1343,mcq,1,6,6,0.3,0.13889,-0.75811,0.7028,-7.68862,-1.10538,1,1
luke4:item20:mcq,uw-174389-mcq,awkward,awkward,,1.7b,1.1343,mcq,4,6,6,0.3,0.13889,-0.75811,0.7028,-7.68862,-1.10538,1,1
luke5:item21:open,uw-174410-open,awkward,awkward,,1.7b,1.1343,open,5,6,6,0.3,0.22222,-0.76306,0.68197,-7.73884,-0.40592,1,1
luke1:item25:open,uw-174332-open,awkward,awkward,,1.7b,1.1343,open,1,6,6,0.3,0.22222,-1.04238,0.75524,-10.57164,0.97709,1,1
luke4:item15:open,uw-174387-open,awkward,awkward,,1.7b,1.1343,open,4,6,6,0.3,0.22222,-1.04238,0.75524,-10.57164,0.97709,1,1
luke7:item18:mcq,uw-174442-mcq,awkward,awkward,,1.7b,1.1343,mcq,7,6,6,0.3,0.25,-1.11035,0.73553,-11.26101,0.27474,1,1
luke7:item18:mcq,uw-174442-mcq,awkward,awkward,,llama 1b,-0.3442,mcq,7,6,6,0.3,0.25,1.13984,0.73416,11.56011,0.00047,1,1
luke8:item16:mcq,uw-174454-mcq,awkward,awkward,,llama 1b,-0.3442,mcq,8,6,6,0.3,0.25,1.13984,0.73416,11.56011,0.00047,1,1
luke2:item20:mcq,uw-174359-mcq,awkward,awkward,,llama 1b,-0.3442,mcq,2,6,6,0.3,0.22222,1.08051,0.72475,10.95837,0.71923,1,1
luke7:item14:mcq,uw-174440-mcq,awkward,awkward,,llama 1b,-0.3442,mcq,7,6,6,0.3,0.22222,1.08051,0.72475,10.95837,0.71923,1,1
luke1:item28:mcq,uw-174333-mcq,awkward,awkward,,llama 1b,-0.3442,mcq,1,6,6,0.3,0.22222,1.03483,0.74021,10.49513,-0.68775,1,1
luke4:item15:open,uw-174387-open,awkward,awkward,,llama 1b,-0.3442,open,4,6,6,0.3,0.22222,1.03483,0.74021,10.49513,-0.68775,1,1
luke2:item14:mcq,uw-174354-mcq,awkward,awkward,,llama 1b,-0.3442,mcq,2,6,6,0.3,0.13889,0.86234,0.72936,8.74567,1.45549,1,1
luke2:item8:mcq,uw-174350-mcq,awkward,awkward,,llama 1b,-0.3442,mcq,2,6,6,0.3,0.13889,0.86234,0.72936,8.74567,1.45549,1,1
luke3:item2:mcq,uw-174365-mcq,awkward,awkward,,llama 1b,-0.3442,mcq,3,6,6,0.3,0.13889,0.86234,0.72936,8.74567,1.45549,1,1
luke4:item1:open,uw-174377-open,awkward,awkward,,llama 1b,-0.3442,open,4,6,6,0.3,0.13889,0.86234,0.72936,8.74567,1.45549,1,1
luke4:item5:open,uw-174379-open,awkward,awkward,,llama 1b,-0.3442,open,4,6,6,0.3,0.13889,0.86234,0.72936,8.74567,1.45549,1,1
luke4:item6:mcq,uw-174379-mcq,awkward,awkward,,llama 1b,-0.3442,mcq,4,6,6,0.3,0.13889,0.86234,0.72936,8.74567,1.45549,1,1
luke4:item7:open,uw-174380-open,awkward,awkward,,llama 1b,-0.3442,open,4,6,6,0.3,0.13889,0.86234,0.72936,8.74567,1.45549,1,1
luke5:item12:mcq,uw-174404-mcq,awkward,awkward,,llama 1b,-0.3442,mcq,5,6,6,0.3,0.13889,0.86234,0.72936,8.74567,1.45549,1,1
luke6:item6:mcq,uw-174421-mcq,awkward,awkward,,llama 1b,-0.3442,mcq,6,6,6,0.3,0.13889,0.86234,0.72936,8.74567,1.45549,1,1
luke7:item2:mcq,uw-174429-mcq,awkward,awkward,,llama 1b,-0.3442,mcq,7,6,6,0.3,0.22222,0.82599,0.69335,8.37711,0.67917,1,1
luke1:item32:mcq,uw-174336-mcq,awkward,awkward,,llama 1b,-0.3442,mcq,1,6,6,0.3,0.13889,0.71737,0.75261,7.27543,-1.34711,1,1
luke7:item7:open,uw-174432-open,awkward,awkward,,llama 1b,-0.3442,open,7,6,6,0.3,0.13889,0.71737,0.75261,7.27543,-1.34711,1,1
luke2:item17:open,uw-174357-open,awkward,awkward,,llama 1b,-0.3442,open,2,6,6,0.3,0.14583,0.70773,0.6945,7.17774,1.0146,1,1
luke4:item13:open,uw-174384-open,awkward,awkward,,llama 1b,-0.3442,open,4,6,6,0.3,0.14583,0.70773,0.6945,7.17774,1.0146,1,1
luke2:item21:open,uw-174361-open,awkward,awkward,,llama 1b,-0.3442,open,2,6,6,0.3,0.0625,0.60665,0.7107,6.1526,-0.9433,1,1
luke1:item35:open,uw-174340-open,awkward,awkward,,llama 1b,-0.3442,open,1,6,6,0.3,0.05556,0.59948,0.71182,6.07981,1.37786,1,1
luke1:item17:open,uw-174328-open,awkward,awkward,,llama 1b,-0.3442,open,1,6,6,0.3,0.0625,0.58713,0.68521,5.95459,0.9904,1,1
luke4:item33:open,uw-174397-open,awkward,awkward,,llama 1b,-0.3442,open,4,6,6,0.3,0.0625,0.58713,0.68521,5.95459,0.9904,1,1
luke1:item40:mcq,uw-174342-mcq,awkward,awkward,,llama 1b,-0.3442,mcq,1,6,6,0.3,0.22222,0.52611,0.67985,5.33577,-0.59513,1,1
luke8:item12:mcq,uw-174449-mcq,awkward,awkward,,llama 1b,-0.3442,mcq,8,6,6,0.3,0.22222,0.52611,0.67985,5.33577,-0.59513,1,1
luke6:item7:open,uw-174422-open,awkward,awkward,,llama 1b,-0.3442,open,6,6,6,0.3,0.14583,0.46939,0.67804,4.76049,0.9703,1,1
luke6:item13:open,uw-174427-open,awkward,awkward,,llama 1b,-0.3442,open,6,6,6,0.3,0.13889,0.44023,0.72672,4.46479,-1.28066,1,1
luke8:item15:open,uw-174454-open,awkward,awkward,,llama 1b,-0.3442,open,8,6,6,0.3,0.05556,0.44023,0.72672,4.46479,-1.28066,1,1
luke1:item15:open,uw-174326-open,awkward,awkward,,llama 1b,-0.3442,open,1,6,6,0.3,0.05556,0.41083,0.66909,4.16656,-0.58197,1,1
luke2:item3:open,uw-174347-open,awkward,awkward,,llama 1b,-0.3442,open,2,6,6,0.3,0.03472,0.40024,0.76774,4.05918,-1.70502,1,1
luke5:item15:open,uw-174407-open,awkward,awkward,,llama 1b,-0.3442,open,5,6,6,0.3,0.14583,0.35926,0.68742,3.64358,-0.90264,1,1
luke8:item18:mcq,uw-174455-mcq,awkward,awkward,,llama 1b,-0.3442,mcq,8,6,6,0.3,0.13889,0.34639,0.7026,3.51299,1.32605,1,1
luke1:item3:open,uw-174317-open,awkward,awkward,,llama 1b,-0.3442,open,1,6,6,0.3,0.08333,0.31776,0.64188,3.22264,0.02184,1,1
luke2:item5:open,uw-174349-open,awkward,awkward,,llama 1b,-0.3442,open,2,6,6,0.3,0.20139,0.28595,0.64196,2.90002,0.31474,1,1
luke4:item21:open,uw-174392-open,awkward,awkward,,llama 1b,-0.3442,open,4,6,6,0.3,0.03472,0.28595,0.64196,2.90002,0.31474,1,1
luke4:item39:open,uw-174399-open,awkward,awkward,,llama 1b,-0.3442,open,4,6,6,0.3,0.0625,0.24101,0.67876,2.44433,-0.89033,1,1
luke1:item7:open,uw-174322-open,awkward,awkward,,llama 1b,-0.3442,open,1,6,6,0.3,0.03472,0.20483,0.74776,2.07734,1.75071,1,1
luke6:item1:open,uw-174414-open,awkward,awkward,,llama 1b,-0.3442,open,6,6,6,0.3,0.03472,0.18209,0.63837,1.84677,0.31198,1,1
luke4:item23:open,uw-174393-open,awkward,awkward,,llama 1b,-0.3442,open,4,6,6,0.3,0.0625,0.12567,0.66974,1.27456,0.93539,1,1
luke5:item21:open,uw-174410-open,awkward,awkward,,llama 1b,-0.3442,open,5,6,6,0.3,0.0625,0.12538,0.67226,1.27158,-0.88296,1,1
luke1:item8:mcq,uw-174322-mcq,awkward,awkward,,llama 1b,-0.3442,mcq,1,6,6,0.3,0.13889,0.09661,0.70267,0.97978,1.3011,1,1
luke3:item4:mcq,uw-174366-mcq,awkward,awkward,,llama 1b,-0.3442,mcq,3,6,6,0.3,0.13889,0.09661,0.70267,0.97978,1.3011,1,1
luke2:item19:open,uw-174359-open,awkward,awkward,,llama 1b,-0.3442,open,2,6,6,0.3,0.05556,0.0819,0.6492,0.83064,-0.56236,1,1
luke4:item25:open,uw-174394-open,awkward,awkward,,llama 1b,-0.3442,open,4,6,6,0.3,0.03472,0.06251,0.75108,0.63392,1.74063,1,1
luke8:item13:open,uw-174452-open,awkward,awkward,,llama 1b,-0.3442,open,8,6,6,0.3,0.03472,0.06251,0.75108,0.63392,1.74063,1,1
luke1:item10:mcq,uw-174323-mcq,awkward,awkward,,llama 1b,-0.3442,mcq,1,6,6,0.3,0.0,0.0174,0.81825,0.1765,2.31413,1,0
luke1:item11:open,uw-174324-open,awkward,awkward,,llama 1b,-0.3442,open,1,6,6,0.3,0.0,0.0174,0.81825,0.1765,2.31413,1,0
luke1:item12:mcq,uw-174324-mcq,awkward,awkward,,llama 1b,-0.3442,mcq,1,6,6,0.3,0.0,0.0174,0.81825,0.1765,2.31413,1,0
luke1:item16:mcq,uw-174326-mcq,awkward,awkward,,llama 1b,-0.3442,mcq,1,6,6,0.3,0.0,0.0174,0.81825,0.1765,2.31413,1,0
luke1:item24:mcq,uw-174331-mcq,awkward,awkward,,llama 1b,-0.3442,mcq,1,6,6,0.3,0.0,0.0174,0.81825,0.1765,2.31413,1,0
luke1:item25:open,uw-174332-open,awkward,awkward,,llama 1b,-0.3442,open,1,6,6,0.3,0.0,0.0174,0.81825,0.1765,2.31413,1,0
luke1:item2:mcq,uw-174316-mcq,awkward,awkward,,llama 1b,-0.3442,mcq,1,6,6,0.3,0.0,0.0174,0.81825,0.1765,2.31413,1,0
luke1:item33:open,uw-174339-open,awkward,awkward,,llama 1b,-0.3442,open,1,6,6,0.3,0.0,0.0174,0.81825,0.1765,2.31413,1,0
luke1:item36:mcq,uw-174340-mcq,awkward,awkward,,llama 1b,-0.3442,mcq,1,6,6,0.3,0.0,0.0174,0.81825,0.1765,2.31413,1,0
luke1:item37:open,uw-174341-open,awkward,awkward,,llama 1b,-0.3442,open,1,6,6,0.3,0.0,0.0174,0.81825,0.1765,2.31413,1,0
luke1:item42:mcq,uw-174343-mcq,awkward,awkward,,llama 1b,-0.3442,mcq,1,6,6,0.3,0.0,0.0174,0.81825,0.1765,2.31413,1,0
luke1:item44:mcq,uw-174344-mcq,awkward,awkward,,llama 1b,-0.3442,mcq,1,6,6,0.3,0.0,0.0174,0.81825,0.1765,2.31413,1,0
luke1:item4:mcq,uw-174317-mcq,awkward,awkward,,llama 1b,-0.3442,mcq,1,6,6,0.3,0.0,0.0174,0.81825,0.1765,2.31413,1,0
luke1:item9:open,uw-174323-open,awkward,awkward,,llama 1b,-0.3442,open,1,6,6,0.3,0.0,0.0174,0.81825,0.1765,2.31413,1,0
luke2:item16:mcq,uw-174355-mcq,awkward,awkward,,llama 1b,-0.3442,mcq,2,6,6,0.3,0.0,0.0174,0.81825,0.1765,2.31413,1,0
luke2:item18:mcq,uw-174357-mcq,awkward,awkward,,llama 1b,-0.3442,mcq,2,6,6,0.3,0.0,0.0174,0.81825,0.1765,2.31413,1,0
luke2:item1:open,uw-174346-open,awkward,awkward,,llama 1b,-0.3442,open,2,6,6,0.3,0.0,0.0174,0.81825,0.1765,2.31413,1,0
luke2:item2:mcq,uw-174346-mcq,awkward,awkward,,llama 1b,-0.3442,mcq,2,6,6,0.3,0.0,0.0174,0.81825,0.1765,2.31413,1,0
luke2:item4:mcq,uw-174347-mcq,awkward,awkward,,llama 1b,-0.3442,mcq,2,6,6,0.3,0.0,0.0174,0.81825,0.1765,2.31413,1,0
luke2:item6:mcq,uw-174349-mcq,awkward,awkward,,llama 1b,-0.3442,mcq,2,6,6,0.3,0.0,0.0174,0.81825,0.1765,2.31413,1,0
luke3:item12:mcq,uw-174374-mcq,awkward,awkward,,llama 1b,-0.3442,mcq,3,6,6,0.3,0.0,0.0174,0.81825,0.1765,2.31413,1,0
luke3:item13:open,uw-174375-open,awkward,awkward,,llama 1b,-0.3442,open,3,6,6,0.3,0.0,0.0174,0.81825,0.1765,2.31413,1,0
luke3:item14:mcq,uw-174375-mcq,awkward,awkward,,llama 1b,-0.3442,mcq,3,6,6,0.3,0.0,0.0174,0.81825,0.1765,2.31413,1,0
luke3:item3:open,uw-174366-open,awkward,awkward,,llama 1b,-0.3442,open,3,6,6,0.3,0.0,0.0174,0.81825,0.1765,2.31413,1,0
luke3:item8:mcq,uw-174368-mcq,awkward,awkward,,llama 1b,-0.3442,mcq,3,6,6,0.3,0.0,0.0174,0.81825,0.1765,2.31413,1,0
luke4:item10:mcq,uw-174381-mcq,awkward,awkward,,llama 1b,-0.3442,mcq,4,6,6,0.3,0.0,0.0174,0.81825,0.1765,2.31413,1,0
luke4:item14:mcq,uw-174384-mcq,awkward,awkward,,llama 1b,-0.3442,mcq,4,6,6,0.3,0.0,0.0174,0.81825,0.1765,2.31413,1,0
luke4:item17:open,uw-174388-open,awkward,awkward,,llama 1b,-0.3442,open,4,6,6,0.3,0.0,0.0174,0.81825,0.1765,2.31413,1,0
luke4:item18:mcq,uw-174388-mcq,awkward,awkward,,llama 1b,-0.3442,mcq,4,6,6,0.3,0.0,0.0174,0.81825,0.1765,2.31413,1,0
luke4:item24:mcq,uw-174393-mcq,awkward,awkward,,llama 1b,-0.3442,mcq,4,6,6,0.3,0.0,0.0174,0.81825,0.1765,2.31413,1,0
luke4:item26:mcq,uw-174394-mcq,awkward,awkward,,llama 1b,-0.3442,mcq,4,6,6,0.3,0.0,0.0174,0.81825,0.1765,2.31413,1,0
luke4:item28:mcq,uw-174395-mcq,awkward,awkward,,llama 1b,-0.3442,mcq,4,6,6,0.3,0.0,0.0174,0.81825,0.1765,2.31413,1,0
luke4:item34:mcq,uw-174397-mcq,awkward,awkward,,llama 1b,-0.3442,mcq,4,6,6,0.3,0.0,0.0174,0.81825,0.1765,2.31413,1,0
luke4:item3:open,uw-174378-open,awkward,awkward,,llama 1b,-0.3442,open,4,6,6,0.3,0.0,0.0174,0.81825,0.1765,2.31413,1,0
luke4:item40:mcq,uw-174399-mcq,awkward,awkward,,llama 1b,-0.3442,mcq,4,6,6,0.3,0.0,0.0174,0.81825,0.1765,2.31413,1,0
luke4:item42:mcq,uw-174396-mcq,awkward,awkward,,llama 1b,-0.3442,mcq,4,6,6,0.3,0.0,0.0174,0.81825,0.1765,2.31413,1,0
luke4:item4:mcq,uw-174378-mcq,awkward,awkward,,llama 1b,-0.3442,mcq,4,6,6,0.3,0.0,0.0174,0.81825,0.1765,2.31413,1,0
luke4:item8:mcq,uw-174380-mcq,awkward,awkward,,llama 1b,-0.3442,mcq,4,6,6,0.3,0.0,0.0174,0.81825,0.1765,2.31413,1,0
luke5:item13:open,uw-174406-open,awkward,awkward,,llama 1b,-0.3442,open,5,6,6,0.3,0.0,0.0174,0.81825,0.1765,2.31413,1,0
luke5:item16:mcq,uw-174407-mcq,awkward,awkward,,llama 1b,-0.3442,mcq,5,6,6,0.3,0.0,0.0174,0.81825,0.1765,2.31413,1,0
luke5:item18:mcq,uw-174408-mcq,awkward,awkward,,llama 1b,-0.3442,mcq,5,6,6,0.3,0.0,0.0174,0.81825,0.1765,2.31413,1,0
luke5:item20:mcq,uw-174409-mcq,awkward,awkward,,llama 1b,-0.3442,mcq,5,6,6,0.3,0.0,0.0174,0.81825,0.1765,2.31413,1,0
luke5:item22:mcq,uw-174410-mcq,awkward,awkward,,llama 1b,-0.3442,mcq,5,6,6,0.3,0.0,0.0174,0.81825,0.1765,2.31413,1,0
luke5:item26:mcq,uw-174403-mcq,awkward,awkward,,llama 1b,-0.3442,mcq,5,6,6,0.3,0.0,0.0174,0.81825,0.1765,2.31413,1,0
luke5:item4:mcq,uw-174401-mcq,awkward,awkward,,llama 1b,-0.3442,mcq,5,6,6,0.3,0.0,0.0174,0.81825,0.1765,2.31413,1,0
luke6:item12:mcq,uw-174424-mcq,awkward,awkward,,llama 1b,-0.3442,mcq,6,6,6,0.3,0.0,0.0174,0.81825,0.1765,2.31413,1,0
luke6:item14:mcq,uw-174427-mcq,awkward,awkward,,llama 1b,-0.3442,mcq,6,6,6,0.3,0.0,0.0174,0.81825,0.1765,2.31413,1,0
luke6:item2:mcq,uw-174414-mcq,awkward,awkward,,llama 1b,-0.3442,mcq,6,6,6,0.3,0.0,0.0174,0.81825,0.1765,2.31413,1,0
luke6:item3:open,uw-174415-open,awkward,awkward,,llama 1b,-0.3442,open,6,6,6,0.3,0.0,0.0174,0.81825,0.1765,2.31413,1,0
luke6:item8:mcq,uw-174422-mcq,awkward,awkward,,llama 1b,-0.3442,mcq,6,6,6,0.3,0.0,0.0174,0.81825,0.1765,2.31413,1,0
luke7:item12:mcq,uw-174436-mcq,awkward,awkward,,llama 1b,-0.3442,mcq,7,6,6,0.3,0.0,0.0174,0.81825,0.1765,2.31413,1,0
luke7:item16:mcq,uw-174441-mcq,awkward,awkward,,llama 1b,-0.3442,mcq,7,6,6,0.3,0.0,0.0174,0.81825,0.1765,2.31413,1,0
luke8:item10:mcq,uw-174448-mcq,awkward,awkward,,llama 1b,-0.3442,mcq,8,6,6,0.3,0.0,0.0174,0.81825,0.1765,2.31413,1,0
luke8:item3:open,uw-174445-open,awkward,awkward,,llama 1b,-0.3442,open,8,6,6,0.3,0.0,0.0174,0.81825,0.1765,2.31413,1,0
luke8:item7:open,uw-174447-open,awkward,awkward,,llama 1b,-0.3442,open,8,6,6,0.3,0.0,0.0174,0.81825,0.1765,2.31413,1,0
luke8:item8:mcq,uw-174447-mcq,awkward,awkward,,llama 1b,-0.3442,mcq,8,6,6,0.3,0.0,0.0174,0.81825,0.1765,2.31413,1,0
luke1:item19:open,uw-174329-open,awkward,awkward,,llama 1b,-0.3442,open,1,6,6,0.3,0.0,0.01695,0.8082,0.17192,-2.21253,1,0
luke1:item1:open,uw-174316-open,awkward,awkward,,llama 1b,-0.3442,open,1,6,6,0.3,0.0,0.01695,0.8082,0.17192,-2.21253,1,0
luke1:item20:mcq,uw-174329-mcq,awkward,awkward,,llama 1b,-0.3442,mcq,1,6,6,0.3,0.0,0.01695,0.8082,0.17192,-2.21253,1,0
luke1:item22:mcq,uw-174330-mcq,awkward,awkward,,llama 1b,-0.3442,mcq,1,6,6,0.3,0.0,0.01695,0.8082,0.17192,-2.21253,1,0
luke1:item27:open,uw-174333-open,awkward,awkward,,llama 1b,-0.3442,open,1,6,6,0.3,0.0,0.01695,0.8082,0.17192,-2.21253,1,0
luke1:item29:open,uw-174335-open,awkward,awkward,,llama 1b,-0.3442,open,1,6,6,0.3,0.0,0.01695,0.8082,0.17192,-2.21253,1,0
luke1:item34:mcq,uw-174339-mcq,awkward,awkward,,llama 1b,-0.3442,mcq,1,6,6,0.3,0.0,0.01695,0.8082,0.17192,-2.21253,1,0
luke1:item38:mcq,uw-174341-mcq,awkward,awkward,,llama 1b,-0.3442,mcq,1,6,6,0.3,0.0,0.01695,0.8082,0.17192,-2.21253,1,0
luke1:item41:open,uw-174343-open,awkward,awkward,,llama 1b,-0.3442,open,1,6,6,0.3,0.0,0.01695,0.8082,0.17192,-2.21253,1,0
luke1:item43:open,uw-174344-open,awkward,awkward,,llama 1b,-0.3442,open,1,6,6,0.3,0.0,0.01695,0.8082,0.17192,-2.21253,1,0
luke1:item5:open,uw-174318-open,awkward,awkward,,llama 1b,-0.3442,open,1,6,6,0.3,0.0,0.01695,0.8082,0.17192,-2.21253,1,0
luke2:item11:open,uw-174352-open,awkward,awkward,,llama 1b,-0.3442,open,2,6,6,0.3,0.0,0.01695,0.8082,0.17192,-2.21253,1,0
luke2:item12:mcq,uw-174352-mcq,awkward,awkward,,llama 1b,-0.3442,mcq,2,6,6,0.3,0.0,0.01695,0.8082,0.17192,-2.21253,1,0
luke2:item15:open,uw-174355-open,awkward,awkward,,llama 1b,-0.3442,open,2,6,6,0.3,0.0,0.01695,0.8082,0.17192,-2.21253,1,0
luke2:item22:mcq,uw-174361-mcq,awkward,awkward,,llama 1b,-0.3442,mcq,2,6,6,0.3,0.0,0.01695,0.8082,0.17192,-2.21253,1,0
luke2:item23:open,uw-174362-open,awkward,awkward,,llama 1b,-0.3442,open,2,6,6,0.3,0.0,0.01695,0.8082,0.17192,-2.21253,1,0
luke2:item24:mcq,uw-174362-mcq,awkward,awkward,,llama 1b,-0.3442,mcq,2,6,6,0.3,0.0,0.01695,0.8082,0.17192,-2.21253,1,0
luke2:item7:open,uw-174350-open,awkward,awkward,,llama 1b,-0.3442,open,2,6,6,0.3,0.0,0.01695,0.8082,0.17192,-2.21253,1,0
luke3:item10:mcq,uw-174370-mcq,awkward,awkward,,llama 1b,-0.3442,mcq,3,6,6,0.3,0.0,0.01695,0.8082,0.17192,-2.21253,1,0
luke3:item1:open,uw-174365-open,awkward,awkward,,llama 1b,-0.3442,open,3,6,6,0.3,0.0,0.01695,0.8082,0.17192,-2.21253,1,0
luke3:item6:mcq,uw-174367-mcq,awkward,awkward,,llama 1b,-0.3442,mcq,3,6,6,0.3,0.0,0.01695,0.8082,0.17192,-2.21253,1,0
luke3:item9:open,uw-174370-open,awkward,awkward,,llama 1b,-0.3442,open,3,6,6,0.3,0.0,0.01695,0.8082,0.17192,-2.21253,1,0
luke4:item19:open,uw-174389-open,awkward,awkward,,llama 1b,-0.3442,open,4,6,6,0.3,0.0,0.01695,0.8082,0.17192,-2.21253,1,0
luke4:item22:mcq,uw-174392-mcq,awkward,awkward,,llama 1b,-0.3442,mcq,4,6,6,0.3,0.0,0.01695,0.8082,0.17192,-2.21253,1,0
luke4:item2:mcq,uw-174377-mcq,awkward,awkward,,llama 1b,-0.3442,mcq,4,6,6,0.3,0.0,0.01695,0.8082,0.17192,-2.21253,1,0
luke4:item41:open,uw-174396-open,awkward,awkward,,llama 1b,-0.3442,open,4,6,6,0.3,0.0,0.01695,0.8082,0.17192,-2.21253,1,0
luke4:item43:open,uw-174398-open,awkward,awkward,,llama 1b,-0.3442,open,4,6,6,0.3,0.0,0.01695,0.8082,0.17192,-2.21253,1,0
luke4:item44:mcq,uw-174398-mcq,awkward,awkward,,llama 1b,-0.3442,mcq,4,6,6,0.3,0.0,0.01695,0.8082,0.17192,-2.21253,1,0
luke5:item14:mcq,uw-174406-mcq,awkward,awkward,,llama 1b,-0.3442,mcq,5,6,6,0.3,0.0,0.01695,0.8082,0.17192,-2.21253,1,0
luke5:item17:open,uw-174408-open,awkward,awkward,,llama 1b,-0.3442,open,5,6,6,0.3,0.0,0.01695,0.8082,0.17192,-2.21253,1,0
luke5:item24:mcq,uw-174412-mcq,awkward,awkward,,llama 1b,-0.3442,mcq,5,6,6,0.3,0.0,0.01695,0.8082,0.17192,-2.21253,1,0
luke5:item2:mcq,uw-174400-mcq,awkward,awkward,,llama 1b,-0.3442,mcq,5,6,6,0.3,0.0,0.01695,0.8082,0.17192,-2.21253,1,0
luke5:item5:open,uw-174402-open,awkward,awkward,,llama 1b,-0.3442,open,5,6,6,0.3,0.0,0.01695,0.8082,0.17192,-2.21253,1,0
luke5:item6:mcq,uw-174402-mcq,awkward,awkward,,llama 1b,-0.3442,mcq,5,6,6,0.3,0.0,0.01695,0.8082,0.17192,-2.21253,1,0
luke6:item11:open,uw-174424-open,awkward,awkward,,llama 1b,-0.3442,open,6,6,6,0.3,0.0,0.01695,0.8082,0.17192,-2.21253,1,0
luke6:item4:mcq,uw-174415-mcq,awkward,awkward,,llama 1b,-0.3442,mcq,6,6,6,0.3,0.0,0.01695,0.8082,0.17192,-2.21253,1,0
luke6:item5:open,uw-174421-open,awkward,awkward,,llama 1b,-0.3442,open,6,6,6,0.3,0.0,0.01695,0.8082,0.17192,-2.21253,1,0
luke7:item11:open,uw-174436-open,awkward,awkward,,llama 1b,-0.3442,open,7,6,6,0.3,0.0,0.01695,0.8082,0.17192,-2.21253,1,0
luke7:item3:open,uw-174430-open,awkward,awkward,,llama 1b,-0.3442,open,7,6,6,0.3,0.0,0.01695,0.8082,0.17192,-2.21253,1,0
luke7:item4:mcq,uw-174430-mcq,awkward,awkward,,llama 1b,-0.3442,mcq,7,6,6,0.3,0.0,0.01695,0.8082,0.17192,-2.21253,1,0
luke7:item5:open,uw-174431-open,awkward,awkward,,llama 1b,-0.3442,open,7,6,6,0.3,0.0,0.01695,0.8082,0.17192,-2.21253,1,0
luke7:item6:mcq,uw-174431-mcq,awkward,awkward,,llama 1b,-0.3442,mcq,7,6,6,0.3,0.0,0.01695,0.8082,0.17192,-2.21253,1,0
luke7:item8:mcq,uw-174432-mcq,awkward,awkward,,llama 1b,-0.3442,mcq,7,6,6,0.3,0.0,0.01695,0.8082,0.17192,-2.21253,1,0
luke7:item9:open,uw-174434-open,awkward,awkward,,llama 1b,-0.3442,open,7,6,6,0.3,0.0,0.01695,0.8082,0.17192,-2.21253,1,0
luke8:item11:open,uw-174449-open,awkward,awkward,,llama 1b,-0.3442,open,8,6,6,0.3,0.0,0.01695,0.8082,0.17192,-2.21253,1,0
luke8:item14:mcq,uw-174452-mcq,awkward,awkward,,llama 1b,-0.3442,mcq,8,6,6,0.3,0.0,0.01695,0.8082,0.17192,-2.21253,1,0
luke8:item17:open,uw-174455-open,awkward,awkward,,llama 1b,-0.3442,open,8,6,6,0.3,0.0,0.01695,0.8082,0.17192,-2.21253,1,0
luke8:item1:open,uw-174444-open,awkward,awkward,,llama 1b,-0.3442,open,8,6,6,0.3,0.0,0.01695,0.8082,0.17192,-2.21253,1,0
luke8:item4:mcq,uw-174445-mcq,awkward,awkward,,llama 1b,-0.3442,mcq,8,6,6,0.3,0.0,0.01695,0.8082,0.17192,-2.21253,1,0
luke8:item6:mcq,uw-174446-mcq,awkward,awkward,,llama 1b,-0.3442,mcq,8,6,6,0.3,0.0,0.01695,0.8082,0.17192,-2.21253,1,0
luke8:item9:open,uw-174448-open,awkward,awkward,,llama 1b,-0.3442,open,8,6,6,0.3,0.0,0.01695,0.8082,0.17192,-2.21253,1,0
luke1:item39:open,uw-174342-open,awkward,awkward,,llama 1b,-0.3442,open,1,6,6,0.3,0.0,0.01039,0.63248,0.10537,0.02212,1,0
luke6:item9:open,uw-174423-open,awkward,awkward,,llama 1b,-0.3442,open,6,6,6,0.3,0.03472,-0.02376,0.63728,-0.24101,0.30998,1,1
luke8:item5:open,uw-174446-open,awkward,awkward,,llama 1b,-0.3442,open,8,6,6,0.3,0.03472,-0.08154,0.75678,-0.82697,1.74134,1,1
luke1:item31:open,uw-174336-open,awkward,awkward,,llama 1b,-0.3442,open,1,6,6,0.3,0.16667,-0.09112,0.63335,-0.92415,0.02218,1,1
luke1:item21:open,uw-174330-open,awkward,awkward,,llama 1b,-0.3442,open,1,6,6,0.3,0.14583,-0.10322,0.67547,-1.04683,0.9345,1,1
luke5:item23:open,uw-174412-open,awkward,awkward,,llama 1b,-0.3442,open,5,6,6,0.3,0.03472,-0.16038,0.63689,-1.62659,-0.26626,1,1
luke3:item5:open,uw-174367-open,awkward,awkward,,llama 1b,-0.3442,open,3,6,6,0.3,0.03472,-0.17185,0.73997,-1.74288,-1.6723,1,1
luke7:item13:open,uw-174440-open,awkward,awkward,,llama 1b,-0.3442,open,7,6,6,0.3,0.0625,-0.21356,0.66616,-2.1659,-0.88794,1,1
luke1:item23:open,uw-174331-open,awkward,awkward,,llama 1b,-0.3442,open,1,6,6,0.3,0.13889,-0.2786,0.66184,-2.82556,0.61909,1,1
luke5:item25:open,uw-174403-open,awkward,awkward,,llama 1b,-0.3442,open,5,6,6,0.3,0.05556,-0.28679,0.72069,-2.90859,1.31764,1,1
luke4:item12:mcq,uw-174382-mcq,awkward,awkward,,llama 1b,-0.3442,mcq,4,6,6,0.3,0.13889,-0.31547,0.69655,-3.1994,-1.26017,1,1
luke3:item7:open,uw-174368-open,awkward,awkward,,llama 1b,-0.3442,open,3,6,6,0.3,0.03472,-0.37827,0.77431,-3.83639,1.77628,1,1
luke1:item30:mcq,uw-174335-mcq,awkward,awkward,,llama 1b,-0.3442,mcq,1,6,6,0.3,0.13889,-0.42032,0.73104,-4.26286,1.33866,1,1
luke6:item16:mcq,uw-174428-mcq,awkward,awkward,,llama 1b,-0.3442,mcq,6,6,6,0.3,0.13889,-0.42032,0.73104,-4.26286,1.33866,1,1
luke1:item13:open,uw-174325-open,awkward,awkward,,llama 1b,-0.3442,open,1,6,6,0.3,0.20139,-0.44662,0.65954,-4.52953,0.32462,1,1
luke2:item13:open,uw-174354-open,awkward,awkward,,llama 1b,-0.3442,open,2,6,6,0.3,0.03472,-0.44894,0.74005,-4.5531,-1.71658,1,1
luke3:item11:open,uw-174374-open,awkward,awkward,,llama 1b,-0.3442,open,3,6,6,0.3,0.03472,-0.44894,0.74005,-4.5531,-1.71658,1,1
luke4:item11:open,uw-174382-open,awkward,awkward,,llama 1b,-0.3442,open,4,6,6,0.3,0.03472,-0.44894,0.74005,-4.5531,-1.71658,1,1
luke7:item17:open,uw-174442-open,awkward,awkward,,llama 1b,-0.3442,open,7,6,6,0.3,0.0625,-0.55653,0.68007,-5.64423,-0.92981,1,1
luke1:item26:mcq,uw-174332-mcq,awkward,awkward,,llama 1b,-0.3442,mcq,1,6,6,0.3,0.25,-0.62095,0.66795,-6.2976,0.02916,1,1
luke2:item9:open,uw-174351-open,awkward,awkward,,llama 1b,-0.3442,open,2,6,6,0.3,0.08333,-0.62095,0.66795,-6.2976,0.02916,1,1
luke6:item15:open,uw-174428-open,awkward,awkward,,llama 1b,-0.3442,open,6,6,6,0.3,0.25,-0.62095,0.66795,-6.2976,0.02916,1,1
luke7:item15:open,uw-174441-open,awkward,awkward,,llama 1b,-0.3442,open,7,6,6,0.3,0.08333,-0.62095,0.66795,-6.2976,0.02916,1,1
luke5:item19:open,uw-174409-open,awkward,awkward,,llama 1b,-0.3442,open,5,6,6,0.3,0.13889,-0.62637,0.69337,-6.3526,0.65983,1,1
luke1:item14:mcq,uw-174325-mcq,awkward,awkward,,llama 1b,-0.3442,mcq,1,6,6,0.3,0.13889,-0.70052,0.75644,-7.10461,1.40565,1,1
luke4:item9:open,uw-174381-open,awkward,awkward,,llama 1b,-0.3442,open,4,6,6,0.3,0.13889,-0.70052,0.75644,-7.10461,1.40565,1,1
luke5:item3:open,uw-174401-open,awkward,awkward,,llama 1b,-0.3442,open,5,6,6,0.3,0.13889,-0.70052,0.75644,-7.10461,1.40565,1,1
luke6:item10:mcq,uw-174423-mcq,awkward,awkward,,llama 1b,-0.3442,mcq,6,6,6,0.3,0.13889,-0.70052,0.75644,-7.10461,1.40565,1,1
luke2:item10:mcq,uw-174351-mcq,awkward,awkward,,llama 1b,-0.3442,mcq,2,6,6,0.3,0.22222,-0.75075,0.70763,-7.61394,0.68155,1,1
luke1:item6:mcq,uw-174318-mcq,awkward,awkward,,llama 1b,-0.3442,mcq,1,6,6,0.3,0.13889,-0.82182,0.72221,-8.33479,-1.37645,1,1
luke4:item16:mcq,uw-174387-mcq,awkward,awkward,,llama 1b,-0.3442,mcq,4,6,6,0.3,0.13889,-0.82182,0.72221,-8.33479,-1.37645,1,1
luke4:item20:mcq,uw-174389-mcq,awkward,awkward,,llama 1b,-0.3442,mcq,4,6,6,0.3,0.13889,-0.82182,0.72221,-8.33479,-1.37645,1,1
luke4:item27:open,uw-174395-open,awkward,awkward,,llama 1b,-0.3442,open,4,6,6,0.3,0.13889,-0.88052,0.7234,-8.93005,0.70776,1,1
luke5:item11:open,uw-174404-open,awkward,awkward,,llama 1b,-0.3442,open,5,6,6,0.3,0.22222,-1.01631,0.74038,-10.30722,0.73863,1,1
luke7:item10:mcq,uw-174434-mcq,awkward,awkward,,llama 1b,-0.3442,mcq,7,6,6,0.3,0.22222,-1.01631,0.74038,-10.30722,0.73863,1,1
luke7:item1:open,uw-174429-open,awkward,awkward,,llama 1b,-0.3442,open,7,6,6,0.3,0.22222,-1.04711,0.71964,-10.61962,-0.65663,1,1
luke1:item18:mcq,uw-174328-mcq,awkward,awkward,,llama 1b,-0.3442,mcq,1,6,6,0.3,0.25,-1.11434,0.7314,-11.30151,0.05269,1,1
luke5:item1:open,uw-174400-open,awkward,awkward,,llama 1b,-0.3442,open,5,6,6,0.3,0.25,-1.11434,0.7314,-11.30151,0.05269,1,1
luke8:item2:mcq,uw-174444-mcq,awkward,awkward,,llama 1b,-0.3442,mcq,8,6,6,0.3,0.25,-1.11434,0.7314,-11.30151,0.05269,1,1
luke8:item6:mcq,uw-174446-mcq,grammar,grammar,,1.5b,0.6571,mcq,8,6,6,0.3,0.25,1.13455,0.73151,11.50644,0.15933,1,1
luke4:item15:open,uw-174387-open,grammar,grammar,,1.5b,0.6571,open,4,6,6,0.3,0.13889,0.90374,0.74497,9.16559,1.67133,1,1
luke7:item7:open,uw-174432-open,grammar,grammar,,1.5b,0.6571,open,7,6,6,0.3,0.13889,0.90374,0.74497,9.16559,1.67133,1,1
luke5:item5:open,uw-174402-open,grammar,grammar,,1.5b,0.6571,open,5,6,6,0.3,0.14583,0.85965,0.7165,8.71847,1.22437,1,1
luke7:item11:open,uw-174436-open,grammar,grammar,,1.5b,0.6571,open,7,6,6,0.3,0.20139,0.72916,0.67911,7.39501,0.48052,1,1
luke5:item21:open,uw-174410-open,grammar,grammar,,1.5b,0.6571,open,5,6,6,0.3,0.05556,0.62883,0.72877,6.37749,1.57844,1,1
luke1:item35:open,uw-174340-open,grammar,grammar,,1.5b,0.6571,open,1,6,6,0.3,0.0625,0.60696,0.69661,6.1557,1.16001,1,1
luke8:item15:open,uw-174454-open,grammar,grammar,,1.5b,0.6571,open,8,6,6,0.3,0.11806,0.57081,0.6654,5.78907,-0.14934,1,1
luke1:item3:open,uw-174317-open,grammar,grammar,,1.5b,0.6571,open,1,6,6,0.3,0.03472,0.51999,0.7727,5.27369,2.04791,1,1
luke6:item3:open,uw-174415-open,grammar,grammar,,1.5b,0.6571,open,6,6,6,0.3,0.03472,0.51999,0.7727,5.27369,2.04791,1,1
luke8:item5:open,uw-174446-open,grammar,grammar,,1.5b,0.6571,open,8,6,6,0.3,0.03472,0.51999,0.7727,5.27369,2.04791,1,1
luke7:item1:open,uw-174429-open,grammar,grammar,,1.5b,0.6571,open,7,6,6,0.3,0.05556,0.51269,0.67103,5.19965,-0.45256,1,1
luke1:item15:open,uw-174326-open,grammar,grammar,,1.5b,0.6571,open,1,6,6,0.3,0.05556,0.37585,0.66256,3.81185,0.76983,1,1
luke1:item7:open,uw-174322-open,grammar,grammar,,1.5b,0.6571,open,1,6,6,0.3,0.05556,0.37585,0.66256,3.81185,0.76983,1,1
luke7:item15:open,uw-174441-open,grammar,grammar,,1.5b,0.6571,open,7,6,6,0.3,0.22222,0.37585,0.66256,3.81185,0.76983,1,1
luke1:item41:open,uw-174343-open,grammar,grammar,,1.5b,0.6571,open,1,6,6,0.3,0.03472,0.37417,0.74428,3.79479,-1.49677,1,1
luke4:item12:mcq,uw-174382-mcq,grammar,grammar,,1.5b,0.6571,mcq,4,6,6,0.3,0.13889,0.36307,0.72057,3.68216,1.5163,1,1
luke1:item1:open,uw-174316-open,grammar,grammar,,1.5b,0.6571,open,1,6,6,0.3,0.03472,0.35303,0.64661,3.58036,-0.14071,1,1
luke1:item33:open,uw-174339-open,grammar,grammar,,1.5b,0.6571,open,1,6,6,0.3,0.20139,0.35303,0.64661,3.58036,-0.14071,1,1
luke5:item15:open,uw-174407-open,grammar,grammar,,1.5b,0.6571,open,5,6,6,0.3,0.0625,0.24692,0.68269,2.50426,1.10172,1,1
luke1:item19:open,uw-174329-open,grammar,grammar,,1.5b,0.6571,open,1,6,6,0.3,0.03472,0.23561,0.7345,2.38956,-1.47664,1,1
luke1:item39:open,uw-174342-open,grammar,grammar,,1.5b,0.6571,open,1,6,6,0.3,0.05556,0.23161,0.71993,2.34895,1.49726,1,1
luke7:item17:open,uw-174442-open,grammar,grammar,,1.5b,0.6571,open,7,6,6,0.3,0.03472,0.21731,0.77396,2.20394,1.98735,1,1
luke2:item13:open,uw-174354-open,grammar,grammar,,1.5b,0.6571,open,2,6,6,0.3,0.08333,0.21303,0.63686,2.16047,0.15124,1,1
luke4:item19:open,uw-174389-open,grammar,grammar,,1.5b,0.6571,open,4,6,6,0.3,0.08333,0.21303,0.63686,2.16047,0.15124,1,1
luke6:item12:mcq,uw-174424-mcq,grammar,grammar,,1.5b,0.6571,mcq,6,6,6,0.3,0.13889,0.16995,0.69101,1.72359,-1.07784,1,1
luke8:item4:mcq,uw-174445-mcq,grammar,grammar,,1.5b,0.6571,mcq,8,6,6,0.3,0.13889,0.16995,0.69101,1.72359,-1.07784,1,1
luke1:item11:open,uw-174324-open,grammar,grammar,,1.5b,0.6571,open,1,6,6,0.3,0.03472,0.14492,0.63598,1.46973,-0.1368,1,1
luke2:item5:open,uw-174349-open,grammar,grammar,,1.5b,0.6571,open,2,6,6,0.3,0.13889,0.09994,0.72173,1.0136,1.48651,1,1
luke1:item10:mcq,uw-174323-mcq,grammar,grammar,,1.5b,0.6571,mcq,1,6,6,0.3,0.0,0.0161,0.85315,0.16327,2.64289,1,0
luke1:item12:mcq,uw-174324-mcq,grammar,grammar,,1.5b,0.6571,mcq,1,6,6,0.3,0.0,0.0161,0.85315,0.16327,2.64289,1,0
luke1:item13:open,uw-174325-open,grammar,grammar,,1.5b,0.6571,open,1,6,6,0.3,0.0,0.0161,0.85315,0.16327,2.64289,1,0
luke1:item14:mcq,uw-174325-mcq,grammar,grammar,,1.5b,0.6571,mcq,1,6,6,0.3,0.0,0.0161,0.85315,0.16327,2.64289,1,0
luke1:item16:mcq,uw-174326-mcq,grammar,grammar,,1.5b,0.6571,mcq,1,6,6,0.3,0.0,0.0161,0.85315,0.16327,2.64289,1,0
luke1:item17:open,uw-174328-open,grammar,grammar,,1.5b,0.6571,open,1,6,6,0.3,0.0,0.0161,0.85315,0.16327,2.64289,1,0
luke1:item20:mcq,uw-174329-mcq,grammar,grammar,,1.5b,0.6571,mcq,1,6,6,0.3,0.0,0.0161,0.85315,0.16327,2.64289,1,0
luke1:item21:open,uw-174330-open,grammar,grammar,,1.5b,0.6571,open,1,6,6,0.3,0.0,0.0161,0.85315,0.16327,2.64289,1,0
luke1:item22:mcq,uw-174330-mcq,grammar,grammar,,1.5b,0.6571,mcq,1,6,6,0.3,0.0,0.0161,0.85315,0.16327,2.64289,1,0
luke1:item23:open,uw-174331-open,grammar,grammar,,1.5b,0.6571,open,1,6,6,0.3,0.0,0.0161,0.85315,0.16327,2.64289,1,0
luke1:item24:mcq,uw-174331-mcq,grammar,grammar,,1.5b,0.6571,mcq,1,6,6,0.3,0.0,0.0161,0.85315,0.16327,2.64289,1,0
luke1:item25:open,uw-174332-open,grammar,grammar,,1.5b,0.6571,open,1,6,6,0.3,0.0,0.0161,0.85315,0.16327,2.64289,1,0
luke1:item26:mcq,uw-174332-mcq,grammar,grammar,,1.5b,0.6571,mcq,1,6,6,0.3,0.0,0.0161,0.85315,0.16327,2.64289,1,0
luke1:item27:open,uw-174333-open,grammar,grammar,,1.5b,0.6571,open,1,6,6,0.3,0.0,0.0161,0.85315,0.16327,2.64289,1,0
luke1:item29:open,uw-174335-open,grammar,grammar,,1.5b,0.6571,open,1,6,6,0.3,0.0,0.0161,0.85315,0.16327,2.64289,1,0
luke1:item2:mcq,uw-174316-mcq,grammar,grammar,,1.5b,0.6571,mcq,1,6,6,0.3,0.0,0.0161,0.85315,0.16327,2.64289,1,0
luke1:item30:mcq,uw-174335-mcq,grammar,grammar,,1.5b,0.6571,mcq,1,6,6,0.3,0.0,0.0161,0.85315,0.16327,2.64289,1,0
luke1:item36:mcq,uw-174340-mcq,grammar,grammar,,1.5b,0.6571,mcq,1,6,6,0.3,0.0,0.0161,0.85315,0.16327,2.64289,1,0
luke1:item38:mcq,uw-174341-mcq,grammar,grammar,,1.5b,0.6571,mcq,1,6,6,0.3,0.0,0.0161,0.85315,0.16327,2.64289,1,0
luke1:item40:mcq,uw-174342-mcq,grammar,grammar,,1.5b,0.6571,mcq,1,6,6,0.3,0.0,0.0161,0.85315,0.16327,2.64289,1,0
luke1:item42:mcq,uw-174343-mcq,grammar,grammar,,1.5b,0.6571,mcq,1,6,6,0.3,0.0,0.0161,0.85315,0.16327,2.64289,1,0
luke1:item44:mcq,uw-174344-mcq,grammar,grammar,,1.5b,0.6571,mcq,1,6,6,0.3,0.0,0.0161,0.85315,0.16327,2.64289,1,0
luke1:item4:mcq,uw-174317-mcq,grammar,grammar,,1.5b,0.6571,mcq,1,6,6,0.3,0.0,0.0161,0.85315,0.16327,2.64289,1,0
luke1:item5:open,uw-174318-open,grammar,grammar,,1.5b,0.6571,open,1,6,6,0.3,0.0,0.0161,0.85315,0.16327,2.64289,1,0
luke1:item6:mcq,uw-174318-mcq,grammar,grammar,,1.5b,0.6571,mcq,1,6,6,0.3,0.0,0.0161,0.85315,0.16327,2.64289,1,0
luke1:item8:mcq,uw-174322-mcq,grammar,grammar,,1.5b,0.6571,mcq,1,6,6,0.3,0.0,0.0161,0.85315,0.16327,2.64289,1,0
luke1:item9:open,uw-174323-open,grammar,grammar,,1.5b,0.6571,open,1,6,6,0.3,0.0,0.0161,0.85315,0.16327,2.64289,1,0
luke2:item10:mcq,uw-174351-mcq,grammar,grammar,,1.5b,0.6571,mcq,2,6,6,0.3,0.0,0.0161,0.85315,0.16327,2.64289,1,0
luke2:item11:open,uw-174352-open,grammar,grammar,,1.5b,0.6571,open,2,6,6,0.3,0.0,0.0161,0.85315,0.16327,2.64289,1,0
luke2:item12:mcq,uw-174352-mcq,grammar,grammar,,1.5b,0.6571,mcq,2,6,6,0.3,0.0,0.0161,0.85315,0.16327,2.64289,1,0
luke2:item14:mcq,uw-174354-mcq,grammar,grammar,,1.5b,0.6571,mcq,2,6,6,0.3,0.0,0.0161,0.85315,0.16327,2.64289,1,0
luke2:item16:mcq,uw-174355-mcq,grammar,grammar,,1.5b,0.6571,mcq,2,6,6,0.3,0.0,0.0161,0.85315,0.16327,2.64289,1,0
luke2:item18:mcq,uw-174357-mcq,grammar,grammar,,1.5b,0.6571,mcq,2,6,6,0.3,0.0,0.0161,0.85315,0.16327,2.64289,1,0
luke2:item19:open,uw-174359-open,grammar,grammar,,1.5b,0.6571,open,2,6,6,0.3,0.0,0.0161,0.85315,0.16327,2.64289,1,0
luke2:item20:mcq,uw-174359-mcq,grammar,grammar,,1.5b,0.6571,mcq,2,6,6,0.3,0.0,0.0161,0.85315,0.16327,2.64289,1,0
luke2:item24:mcq,uw-174362-mcq,grammar,grammar,,1.5b,0.6571,mcq,2,6,6,0.3,0.0,0.0161,0.85315,0.16327,2.64289,1,0
luke2:item2:mcq,uw-174346-mcq,grammar,grammar,,1.5b,0.6571,mcq,2,6,6,0.3,0.0,0.0161,0.85315,0.16327,2.64289,1,0
luke2:item4:mcq,uw-174347-mcq,grammar,grammar,,1.5b,0.6571,mcq,2,6,6,0.3,0.0,0.0161,0.85315,0.16327,2.64289,1,0
luke2:item8:mcq,uw-174350-mcq,grammar,grammar,,1.5b,0.6571,mcq,2,6,6,0.3,0.0,0.0161,0.85315,0.16327,2.64289,1,0
luke2:item9:open,uw-174351-open,grammar,grammar,,1.5b,0.6571,open,2,6,6,0.3,0.0,0.0161,0.85315,0.16327,2.64289,1,0
luke3:item10:mcq,uw-174370-mcq,grammar,grammar,,1.5b,0.6571,mcq,3,6,6,0.3,0.0,0.0161,0.85315,0.16327,2.64289,1,0
luke3:item12:mcq,uw-174374-mcq,grammar,grammar,,1.5b,0.6571,mcq,3,6,6,0.3,0.0,0.0161,0.85315,0.16327,2.64289,1,0
luke3:item13:open,uw-174375-open,grammar,grammar,,1.5b,0.6571,open,3,6,6,0.3,0.0,0.0161,0.85315,0.16327,2.64289,1,0
luke3:item14:mcq,uw-174375-mcq,grammar,grammar,,1.5b,0.6571,mcq,3,6,6,0.3,0.0,0.0161,0.85315,0.16327,2.64289,1,0
luke3:item1:open,uw-174365-open,grammar,grammar,,1.5b,0.6571,open,3,6,6,0.3,0.0,0.0161,0.85315,0.16327,2.64289,1,0
luke3:item2:mcq,uw-174365-mcq,grammar,grammar,,1.5b,0.6571,mcq,3,6,6,0.3,0.0,0.0161,0.85315,0.16327,2.64289,1,0
luke3:item4:mcq,uw-174366-mcq,grammar,grammar,,1.5b,0.6571,mcq,3,6,6,0.3,0.0,0.0161,0.85315,0.16327,2.64289,1,0
luke3:item6:mcq,uw-174367-mcq,grammar,grammar,,1.5b,0.6571,mcq,3,6,6,0.3,0.0,0.0161,0.85315,0.16327,2.64289,1,0
luke3:item7:open,uw-174368-open,grammar,grammar,,1.5b,0.6571,open,3,6,6,0.3,0.0,0.0161,0.85315,0.16327,2.64289,1,0
luke3:item8:mcq,uw-174368-mcq,grammar,grammar,,1.5b,0.6571,mcq,3,6,6,0.3,0.0,0.0161,0.85315,0.16327,2.64289,1,0
luke3:item9:open,uw-174370-open,grammar,grammar,,1.5b,0.6571,open,3,6,6,0.3,0.0,0.0161,0.85315,0.16327,2.64289,1,0
luke4:item11:open,uw-174382-open,grammar,grammar,,1.5b,0.6571,open,4,6,6,0.3,0.0,0.0161,0.85315,0.16327,2.64289,1,0
luke4:item16:mcq,uw-174387-mcq,grammar,grammar,,1.5b,0.6571,mcq,4,6,6,0.3,0.0,0.0161,0.85315,0.16327,2.64289,1,0
luke4:item1:open,uw-174377-open,grammar,grammar,,1.5b,0.6571,open,4,6,6,0.3,0.0,0.0161,0.85315,0.16327,2.64289,1,0
luke4:item22:mcq,uw-174392-mcq,grammar,grammar,,1.5b,0.6571,mcq,4,6,6,0.3,0.0,0.0161,0.85315,0.16327,2.64289,1,0
luke4:item23:open,uw-174393-open,grammar,grammar,,1.5b,0.6571,open,4,6,6,0.3,0.0,0.0161,0.85315,0.16327,2.64289,1,0
luke4:item26:mcq,uw-174394-mcq,grammar,grammar,,1.5b,0.6571,mcq,4,6,6,0.3,0.0,0.0161,0.85315,0.16327,2.64289,1,0
luke4:item27:open,uw-174395-open,grammar,grammar,,1.5b,0.6571,open,4,6,6,0.3,0.0,0.0161,0.85315,0.16327,2.64289,1,0
luke4:item33:open,uw-174397-open,grammar,grammar,,1.5b,0.6571,open,4,6,6,0.3,0.0,0.0161,0.85315,0.16327,2.64289,1,0
luke4:item34:mcq,uw-174397-mcq,grammar,grammar,,1.5b,0.6571,mcq,4,6,6,0.3,0.0,0.0161,0.85315,0.16327,2.64289,1,0
luke4:item3:open,uw-174378-open,grammar,grammar,,1.5b,0.6571,open,4,6,6,0.3,0.0,0.0161,0.85315,0.16327,2.64289,1,0
luke4:item40:mcq,uw-174399-mcq,grammar,grammar,,1.5b,0.6571,mcq,4,6,6,0.3,0.0,0.0161,0.85315,0.16327,2.64289,1,0
luke4:item41:open,uw-174396-open,grammar,grammar,,1.5b,0.6571,open,4,6,6,0.3,0.0,0.0161,0.85315,0.16327,2.64289,1,0
luke4:item42:mcq,uw-174396-mcq,grammar,grammar,,1.5b,0.6571,mcq,4,6,6,0.3,0.0,0.0161,0.85315,0.16327,2.64289,1,0
luke4:item44:mcq,uw-174398-mcq,grammar,grammar,,1.5b,0.6571,mcq,4,6,6,0.3,0.0,0.0161,0.85315,0.16327,2.64289,1,0
luke4:item4:mcq,uw-174378-mcq,grammar,grammar,,1.5b,0.6571,mcq,4,6,6,0.3,0.0,0.0161,0.85315,0.16327,2.64289,1,0
luke4:item6:mcq,uw-174379-mcq,grammar,grammar,,1.5b,0.6571,mcq,4,6,6,0.3,0.0,0.0161,0.85315,0.16327,2.64289,1,0
luke4:item7:open,uw-174380-open,grammar,grammar,,1.5b,0.6571,open,4,6,6,0.3,0.0,0.0161,0.85315,0.16327,2.64289,1,0
luke4:item8:mcq,uw-174380-mcq,grammar,grammar,,1.5b,0.6571,mcq,4,6,6,0.3,0.0,0.0161,0.85315,0.16327,2.64289,1,0
luke4:item9:open,uw-174381-open,grammar,grammar,,1.5b,0.6571,open,4,6,6,0.3,0.0,0.0161,0.85315,0.16327,2.64289,1,0
luke5:item11:open,uw-174404-open,grammar,grammar,,1.5b,0.6571,open,5,6,6,0.3,0.0,0.0161,0.85315,0.16327,2.64289,1,0
luke5:item12:mcq,uw-174404-mcq,grammar,grammar,,1.5b,0.6571,mcq,5,6,6,0.3,0.0,0.0161,0.85315,0.16327,2.64289,1,0
luke5:item13:open,uw-174406-open,grammar,grammar,,1.5b,0.6571,open,5,6,6,0.3,0.0,0.0161,0.85315,0.16327,2.64289,1,0
luke5:item14:mcq,uw-174406-mcq,grammar,grammar,,1.5b,0.6571,mcq,5,6,6,0.3,0.0,0.0161,0.85315,0.16327,2.64289,1,0
luke5:item16:mcq,uw-174407-mcq,grammar,grammar,,1.5b,0.6571,mcq,5,6,6,0.3,0.0,0.0161,0.85315,0.16327,2.64289,1,0
luke5:item17:open,uw-174408-open,grammar,grammar,,1.5b,0.6571,open,5,6,6,0.3,0.0,0.0161,0.85315,0.16327,2.64289,1,0
luke5:item18:mcq,uw-174408-mcq,grammar,grammar,,1.5b,0.6571,mcq,5,6,6,0.3,0.0,0.0161,0.85315,0.16327,2.64289,1,0
luke5:item19:open,uw-174409-open,grammar,grammar,,1.5b,0.6571,open,5,6,6,0.3,0.0,0.0161,0.85315,0.16327,2.64289,1,0
luke5:item20:mcq,uw-174409-mcq,grammar,grammar,,1.5b,0.6571,mcq,5,6,6,0.3,0.0,0.0161,0.85315,0.16327,2.64289,1,0
luke5:item24:mcq,uw-174412-mcq,grammar,grammar,,1.5b,0.6571,mcq,5,6,6,0.3,0.0,0.0161,0.85315,0.16327,2.64289,1,0
luke5:item25:open,uw-174403-open,grammar,grammar,,1.5b,0.6571,open,5,6,6,0.3,0.0,0.0161,0.85315,0.16327,2.64289,1,0
luke5:item26:mcq,uw-174403-mcq,grammar,grammar,,1.5b,0.6571,mcq,5,6,6,0.3,0.0,0.0161,0.85315,0.16327,2.64289,1,0
luke5:item2:mcq,uw-174400-mcq,grammar,grammar,,1.5b,0.6571,mcq,5,6,6,0.3,0.0,0.0161,0.85315,0.16327,2.64289,1,0
luke5:item4:mcq,uw-174401-mcq,grammar,grammar,,1.5b,0.6571,mcq,5,6,6,0.3,0.0,0.0161,0.85315,0.16327,2.64289,1,0
luke5:item6:mcq,uw-174402-mcq,grammar,grammar,,1.5b,0.6571,mcq,5,6,6,0.3,0.0,0.0161,0.85315,0.16327,2.64289,1,0
luke6:item10:mcq,uw-174423-mcq,grammar,grammar,,1.5b,0.6571,mcq,6,6,6,0.3,0.0,0.0161,0.85315,0.16327,2.64289,1,0
luke6:item11:open,uw-174424-open,grammar,grammar,,1.5b,0.6571,open,6,6,6,0.3,0.0,0.0161,0.85315,0.16327,2.64289,1,0
luke6:item14:mcq,uw-174427-mcq,grammar,grammar,,1.5b,0.6571,mcq,6,6,6,0.3,0.0,0.0161,0.85315,0.16327,2.64289,1,0
luke6:item16:mcq,uw-174428-mcq,grammar,grammar,,1.5b,0.6571,mcq,6,6,6,0.3,0.0,0.0161,0.85315,0.16327,2.64289,1,0
luke6:item1:open,uw-174414-open,grammar,grammar,,1.5b,0.6571,open,6,6,6,0.3,0.0,0.0161,0.85315,0.16327,2.64289,1,0
luke6:item2:mcq,uw-174414-mcq,grammar,grammar,,1.5b,0.6571,mcq,6,6,6,0.3,0.0,0.0161,0.85315,0.16327,2.64289,1,0
luke6:item4:mcq,uw-174415-mcq,grammar,grammar,,1.5b,0.6571,mcq,6,6,6,0.3,0.0,0.0161,0.85315,0.16327,2.64289,1,0
luke6:item6:mcq,uw-174421-mcq,grammar,grammar,,1.5b,0.6571,mcq,6,6,6,0.3,0.0,0.0161,0.85315,0.16327,2.64289,1,0
luke6:item7:open,uw-174422-open,grammar,grammar,,1.5b,0.6571,open,6,6,6,0.3,0.0,0.0161,0.85315,0.16327,2.64289,1,0
luke6:item8:mcq,uw-174422-mcq,grammar,grammar,,1.5b,0.6571,mcq,6,6,6,0.3,0.0,0.0161,0.85315,0.16327,2.64289,1,0
luke7:item10:mcq,uw-174434-mcq,grammar,grammar,,1.5b,0.6571,mcq,7,6,6,0.3,0.0,0.0161,0.85315,0.16327,2.64289,1,0
luke7:item16:mcq,uw-174441-mcq,grammar,grammar,,1.5b,0.6571,mcq,7,6,6,0.3,0.0,0.0161,0.85315,0.16327,2.64289,1,0
luke7:item2:mcq,uw-174429-mcq,grammar,grammar,,1.5b,0.6571,mcq,7,6,6,0.3,0.0,0.0161,0.85315,0.16327,2.64289,1,0
luke8:item10:mcq,uw-174448-mcq,grammar,grammar,,1.5b,0.6571,mcq,8,6,6,0.3,0.0,0.0161,0.85315,0.16327,2.64289,1,0
luke8:item11:open,uw-174449-open,grammar,grammar,,1.5b,0.6571,open,8,6,6,0.3,0.0,0.0161,0.85315,0.16327,2.64289,1,0
luke8:item12:mcq,uw-174449-mcq,grammar,grammar,,1.5b,0.6571,mcq,8,6,6,0.3,0.0,0.0161,0.85315,0.16327,2.64289,1,0
luke8:item14:mcq,uw-174452-mcq,grammar,grammar,,1.5b,0.6571,mcq,8,6,6,0.3,0.0,0.0161,0.85315,0.16327,2.64289,1,0
luke8:item1:open,uw-174444-open,grammar,grammar,,1.5b,0.6571,open,8,6,6,0.3,0.0,0.0161,0.85315,0.16327,2.64289,1,0
luke8:item2:mcq,uw-174444-mcq,grammar,grammar,,1.5b,0.6571,mcq,8,6,6,0.3,0.0,0.0161,0.85315,0.16327,2.64289,1,0
luke8:item3:open,uw-174445-open,grammar,grammar,,1.5b,0.6571,open,8,6,6,0.3,0.0,0.0161,0.85315,0.16327,2.64289,1,0
luke8:item7:open,uw-174447-open,grammar,grammar,,1.5b,0.6571,open,8,6,6,0.3,0.0,0.0161,0.85315,0.16327,2.64289,1,0
luke8:item8:mcq,uw-174447-mcq,grammar,grammar,,1.5b,0.6571,mcq,8,6,6,0.3,0.0,0.0161,0.85315,0.16327,2.64289,1,0
luke1:item18:mcq,uw-174328-mcq,grammar,grammar,,1.5b,0.6571,mcq,1,6,6,0.3,0.0,0.01336,0.77774,0.1355,-1.94752,1,0
luke1:item28:mcq,uw-174333-mcq,grammar,grammar,,1.5b,0.6571,mcq,1,6,6,0.3,0.0,0.01336,0.77774,0.1355,-1.94752,1,0
luke1:item43:open,uw-174344-open,grammar,grammar,,1.5b,0.6571,open,1,6,6,0.3,0.0,0.01336,0.77774,0.1355,-1.94752,1,0
luke2:item22:mcq,uw-174361-mcq,grammar,grammar,,1.5b,0.6571,mcq,2,6,6,0.3,0.0,0.01336,0.77774,0.1355,-1.94752,1,0
luke2:item6:mcq,uw-174349-mcq,grammar,grammar,,1.5b,0.6571,mcq,2,6,6,0.3,0.0,0.01336,0.77774,0.1355,-1.94752,1,0
luke3:item5:open,uw-174367-open,grammar,grammar,,1.5b,0.6571,open,3,6,6,0.3,0.0,0.01336,0.77774,0.1355,-1.94752,1,0
luke4:item17:open,uw-174388-open,grammar,grammar,,1.5b,0.6571,open,4,6,6,0.3,0.0,0.01336,0.77774,0.1355,-1.94752,1,0
luke4:item20:mcq,uw-174389-mcq,grammar,grammar,,1.5b,0.6571,mcq,4,6,6,0.3,0.0,0.01336,0.77774,0.1355,-1.94752,1,0
luke4:item2:mcq,uw-174377-mcq,grammar,grammar,,1.5b,0.6571,mcq,4,6,6,0.3,0.0,0.01336,0.77774,0.1355,-1.94752,1,0
luke4:item5:open,uw-174379-open,grammar,grammar,,1.5b,0.6571,open,4,6,6,0.3,0.0,0.01336,0.77774,0.1355,-1.94752,1,0
luke5:item22:mcq,uw-174410-mcq,grammar,grammar,,1.5b,0.6571,mcq,5,6,6,0.3,0.0,0.01336,0.77774,0.1355,-1.94752,1,0
luke6:item5:open,uw-174421-open,grammar,grammar,,1.5b,0.6571,open,6,6,6,0.3,0.0,0.01336,0.77774,0.1355,-1.94752,1,0
luke6:item9:open,uw-174423-open,grammar,grammar,,1.5b,0.6571,open,6,6,6,0.3,0.0,0.01336,0.77774,0.1355,-1.94752,1,0
luke7:item12:mcq,uw-174436-mcq,grammar,grammar,,1.5b,0.6571,mcq,7,6,6,0.3,0.0,0.01336,0.77774,0.1355,-1.94752,1,0
luke7:item18:mcq,uw-174442-mcq,grammar,grammar,,1.5b,0.6571,mcq,7,6,6,0.3,0.0,0.01336,0.77774,0.1355,-1.94752,1,0
luke7:item4:mcq,uw-174430-mcq,grammar,grammar,,1.5b,0.6571,mcq,7,6,6,0.3,0.0,0.01336,0.77774,0.1355,-1.94752,1,0
luke7:item6:mcq,uw-174431-mcq,grammar,grammar,,1.5b,0.6571,mcq,7,6,6,0.3,0.0,0.01336,0.77774,0.1355,-1.94752,1,0
luke7:item8:mcq,uw-174432-mcq,grammar,grammar,,1.5b,0.6571,mcq,7,6,6,0.3,0.0,0.01336,0.77774,0.1355,-1.94752,1,0
luke8:item13:open,uw-174452-open,grammar,grammar,,1.5b,0.6571,open,8,6,6,0.3,0.0,0.01336,0.77774,0.1355,-1.94752,1,0
luke8:item16:mcq,uw-174454-mcq,grammar,grammar,,1.5b,0.6571,mcq,8,6,6,0.3,0.0,0.01336,0.77774,0.1355,-1.94752,1,0
luke8:item17:open,uw-174455-open,grammar,grammar,,1.5b,0.6571,open,8,6,6,0.3,0.0,0.01336,0.77774,0.1355,-1.94752,1,0
luke2:item1:open,uw-174346-open,grammar,grammar,,1.5b,0.6571,open,2,6,6,0.3,0.0625,0.01037,0.68486,0.10519,1.08953,1,1
luke1:item31:open,uw-174336-open,grammar,grammar,,1.5b,0.6571,open,1,6,6,0.3,0.0,0.00887,0.63349,0.08996,0.15002,1,0
luke1:item37:open,uw-174341-open,grammar,grammar,,1.5b,0.6571,open,1,6,6,0.3,0.0,0.00887,0.63349,0.08996,0.15002,1,0
luke2:item15:open,uw-174355-open,grammar,grammar,,1.5b,0.6571,open,2,6,6,0.3,0.0,0.00887,0.63349,0.08996,0.15002,1,0
luke2:item3:open,uw-174347-open,grammar,grammar,,1.5b,0.6571,open,2,6,6,0.3,0.0,0.00887,0.63349,0.08996,0.15002,1,0
luke2:item7:open,uw-174350-open,grammar,grammar,,1.5b,0.6571,open,2,6,6,0.3,0.0,0.00887,0.63349,0.08996,0.15002,1,0
luke5:item3:open,uw-174401-open,grammar,grammar,,1.5b,0.6571,open,5,6,6,0.3,0.16667,0.00887,0.63349,0.08996,0.15002,1,1
luke6:item13:open,uw-174427-open,grammar,grammar,,1.5b,0.6571,open,6,6,6,0.3,0.0,0.00887,0.63349,0.08996,0.15002,1,0
luke8:item9:open,uw-174448-open,grammar,grammar,,1.5b,0.6571,open,8,6,6,0.3,0.0,0.00887,0.63349,0.08996,0.15002,1,0
luke4:item25:open,uw-174394-open,grammar,grammar,,1.5b,0.6571,open,4,6,6,0.3,0.03472,-0.02571,0.64202,-0.26073,0.44158,1,1
luke7:item3:open,uw-174430-open,grammar,grammar,,1.5b,0.6571,open,7,6,6,0.3,0.20139,-0.02571,0.64202,-0.26073,0.44158,1,1
luke2:item23:open,uw-174362-open,grammar,grammar,,1.5b,0.6571,open,2,6,6,0.3,0.20139,-0.05893,0.63341,-0.59767,-0.13621,1,1
luke3:item3:open,uw-174366-open,grammar,grammar,,1.5b,0.6571,open,3,6,6,0.3,0.20139,-0.05893,0.63341,-0.59767,-0.13621,1,1
luke5:item23:open,uw-174412-open,grammar,grammar,,1.5b,0.6571,open,5,6,6,0.3,0.03472,-0.08989,0.78415,-0.91166,1.9766,1,1
luke7:item5:open,uw-174431-open,grammar,grammar,,1.5b,0.6571,open,7,6,6,0.3,0.14583,-0.10928,0.68946,-1.10833,1.09194,1,1
luke7:item13:open,uw-174440-open,grammar,grammar,,1.5b,0.6571,open,7,6,6,0.3,0.03472,-0.13065,0.64501,-1.32503,0.44314,1,1
luke4:item14:mcq,uw-174384-mcq,grammar,grammar,,1.5b,0.6571,mcq,4,6,6,0.3,0.13889,-0.16763,0.73264,-1.70006,1.49094,1,1
luke4:item43:open,uw-174398-open,grammar,grammar,,1.5b,0.6571,open,4,6,6,0.3,0.05556,-0.16763,0.73264,-1.70006,1.49094,1,1
luke3:item11:open,uw-174374-open,grammar,grammar,,1.5b,0.6571,open,3,6,6,0.3,0.05556,-0.17507,0.66495,-1.77553,0.75437,1,1
luke4:item39:open,uw-174399-open,grammar,grammar,,1.5b,0.6571,open,4,6,6,0.3,0.05556,-0.17507,0.66495,-1.77553,0.75437,1,1
luke2:item21:open,uw-174361-open,grammar,grammar,,1.5b,0.6571,open,2,6,6,0.3,0.08333,-0.19569,0.63812,-1.98466,0.15141,1,1
luke2:item17:open,uw-174357-open,grammar,grammar,,1.5b,0.6571,open,2,6,6,0.3,0.03472,-0.2637,0.63885,-2.67443,-0.1377,1,1
luke7:item9:open,uw-174434-open,grammar,grammar,,1.5b,0.6571,open,7,6,6,0.3,0.05556,-0.2883,0.67196,-2.92393,0.76242,1,1
luke1:item34:mcq,uw-174339-mcq,grammar,grammar,,1.5b,0.6571,mcq,1,6,6,0.3,0.13889,-0.30383,0.68215,-3.08138,-1.09019,1,1
luke4:item21:open,uw-174392-open,grammar,grammar,,1.5b,0.6571,open,4,6,6,0.3,0.11806,-0.36806,0.6446,-3.73281,-0.13884,1,1
luke6:item15:open,uw-174428-open,grammar,grammar,,1.5b,0.6571,open,6,6,6,0.3,0.03472,-0.40831,0.80157,-4.14097,2.01809,1,1
luke5:item1:open,uw-174400-open,grammar,grammar,,1.5b,0.6571,open,5,6,6,0.3,0.14583,-0.42964,0.66439,-4.35731,-0.75971,1,1
luke4:item13:open,uw-174384-open,grammar,grammar,,1.5b,0.6571,open,4,6,6,0.3,0.05556,-0.54252,0.69149,-5.50215,-1.12818,1,1
luke4:item28:mcq,uw-174395-mcq,grammar,grammar,,1.5b,0.6571,mcq,4,6,6,0.3,0.22222,-0.55653,0.66209,-5.64426,-0.45048,1,1
luke4:item10:mcq,uw-174381-mcq,grammar,grammar,,1.5b,0.6571,mcq,4,6,6,0.3,0.22222,-0.7762,0.71984,-7.8721,0.84013,1,1
luke1:item32:mcq,uw-174336-mcq,grammar,grammar,,1.5b,0.6571,mcq,1,6,6,0.3,0.13889,-0.79084,0.7094,-8.02056,-1.18617,1,1
luke4:item24:mcq,uw-174393-mcq,grammar,grammar,,1.5b,0.6571,mcq,4,6,6,0.3,0.13889,-0.79084,0.7094,-8.02056,-1.18617,1,1
luke7:item14:mcq,uw-174440-mcq,grammar,grammar,,1.5b,0.6571,mcq,7,6,6,0.3,0.13889,-0.79084,0.7094,-8.02056,-1.18617,1,1
luke8:item18:mcq,uw-174455-mcq,grammar,grammar,,1.5b,0.6571,mcq,8,6,6,0.3,0.13889,-0.79084,0.7094,-8.02056,-1.18617,1,1
luke4:item18:mcq,uw-174388-mcq,grammar,grammar,,1.5b,0.6571,mcq,4,6,6,0.3,0.25,-1.12699,0.73628,-11.42974,0.21091,1,1
luke1:item11:open,uw-174324-open,grammar,grammar,,1.7b,1.1343,open,1,6,6,0.3,0.25,1.15515,0.73409,11.71534,0.20387,1,1
luke2:item5:open,uw-174349-open,grammar,grammar,,1.7b,1.1343,open,2,6,6,0.3,0.22222,1.12897,0.73451,11.44983,0.94828,1,1
luke4:item25:open,uw-174394-open,grammar,grammar,,1.7b,1.1343,open,4,6,6,0.3,0.22222,1.12897,0.73451,11.44983,0.94828,1,1
luke1:item34:mcq,uw-174339-mcq,grammar,grammar,,1.7b,1.1343,mcq,1,6,6,0.3,0.22222,1.02194,0.73042,10.36435,-0.48448,1,1
luke4:item43:open,uw-174398-open,grammar,grammar,,1.7b,1.1343,open,4,6,6,0.3,0.22222,1.02194,0.73042,10.36435,-0.48448,1,1
luke1:item1:open,uw-174316-open,grammar,grammar,,1.7b,1.1343,open,1,6,6,0.3,0.13889,0.93874,0.75116,9.52056,1.74404,1,1
luke1:item31:open,uw-174336-open,grammar,grammar,,1.7b,1.1343,open,1,6,6,0.3,0.13889,0.93874,0.75116,9.52056,1.74404,1,1
luke3:item9:open,uw-174370-open,grammar,grammar,,1.7b,1.1343,open,3,6,6,0.3,0.13889,0.93874,0.75116,9.52056,1.74404,1,1
luke8:item16:mcq,uw-174454-mcq,grammar,grammar,,1.7b,1.1343,mcq,8,6,6,0.3,0.13889,0.93874,0.75116,9.52056,1.74404,1,1
luke4:item15:open,uw-174387-open,grammar,grammar,,1.7b,1.1343,open,4,6,6,0.3,0.25,0.65872,0.66973,6.68062,0.19593,1,1
luke4:item35:open,uw-174398-open,grammar,grammar,,1.7b,1.1343,open,4,6,6,0.3,0.25,0.65872,0.66973,6.68062,0.19593,1,1
luke6:item16:mcq,uw-174428-mcq,grammar,grammar,,1.7b,1.1343,mcq,6,6,6,0.3,0.25,0.65872,0.66973,6.68062,0.19593,1,1
luke4:item37:open,uw-174398-open,grammar,grammar,,1.7b,1.1343,open,4,6,6,0.3,0.22222,0.62489,0.68039,6.33753,0.84539,1,1
luke1:item19:open,uw-174329-open,grammar,grammar,,1.7b,1.1343,open,1,6,6,0.3,0.25,0.4385,0.64961,4.44718,0.19126,1,1
luke8:item15:open,uw-174454-open,grammar,grammar,,1.7b,1.1343,open,8,6,6,0.3,0.13889,0.43193,0.70622,4.38056,-1.06385,1,1
luke4:item27:open,uw-174395-open,grammar,grammar,,1.7b,1.1343,open,4,6,6,0.3,0.13889,0.389,0.72638,3.94519,1.5763,1,1
luke4:item31:open,uw-174396-open,grammar,grammar,,1.7b,1.1343,open,4,6,6,0.3,0.13889,0.389,0.72638,3.94519,1.5763,1,1
luke4:item3:open,uw-174378-open,grammar,grammar,,1.7b,1.1343,open,4,6,6,0.3,0.13889,0.389,0.72638,3.94519,1.5763,1,1
luke5:item12:mcq,uw-174404-mcq,grammar,grammar,,1.7b,1.1343,mcq,5,6,6,0.3,0.13889,0.389,0.72638,3.94519,1.5763,1,1
luke7:item11:open,uw-174436-open,grammar,grammar,,1.7b,1.1343,open,7,6,6,0.3,0.13889,0.389,0.72638,3.94519,1.5763,1,1
luke8:item7:open,uw-174447-open,grammar,grammar,,1.7b,1.1343,open,8,6,6,0.3,0.13889,0.389,0.72638,3.94519,1.5763,1,1
luke8:item9:open,uw-174448-open,grammar,grammar,,1.7b,1.1343,open,8,6,6,0.3,0.13889,0.389,0.72638,3.94519,1.5763,1,1
luke1:item15:open,uw-174326-open,grammar,grammar,,1.7b,1.1343,open,1,6,6,0.3,0.22222,0.30576,0.65201,3.10101,-0.39854,1,1
luke4:item11:open,uw-174382-open,grammar,grammar,,1.7b,1.1343,open,4,6,6,0.3,0.22222,0.30576,0.65201,3.10101,-0.39854,1,1
luke3:item3:open,uw-174366-open,grammar,grammar,,1.7b,1.1343,open,3,6,6,0.3,0.25,0.22883,0.63776,2.32079,0.1875,1,1
luke7:item9:open,uw-174434-open,grammar,grammar,,1.7b,1.1343,open,7,6,6,0.3,0.25,0.22883,0.63776,2.32079,0.1875,1,1
luke4:item44:mcq,uw-174398-mcq,grammar,grammar,,1.7b,1.1343,mcq,4,6,6,0.3,0.13889,0.186,0.68792,1.88643,-1.03449,1,1
luke7:item15:open,uw-174441-open,grammar,grammar,,1.7b,1.1343,open,7,6,6,0.3,0.13889,0.186,0.68792,1.88643,-1.03449,1,1
luke2:item19:open,uw-174359-open,grammar,grammar,,1.7b,1.1343,open,2,6,6,0.3,0.22222,0.17346,0.65966,1.75918,0.79446,1,1
luke5:item9:open,uw-174403-open,grammar,grammar,,1.7b,1.1343,open,5,6,6,0.3,0.22222,0.17346,0.65966,1.75918,0.79446,1,1
luke6:item15:open,uw-174428-open,grammar,grammar,,1.7b,1.1343,open,6,6,6,0.3,0.13889,0.12177,0.72712,1.23495,1.54233,1,1
luke6:item3:open,uw-174415-open,grammar,grammar,,1.7b,1.1343,open,6,6,6,0.3,0.13889,0.12177,0.72712,1.23495,1.54233,1,1
luke6:item6:mcq,uw-174421-mcq,grammar,grammar,,1.7b,1.1343,mcq,6,6,6,0.3,0.13889,0.12177,0.72712,1.23495,1.54233,1,1
luke8:item5:open,uw-174446-open,grammar,grammar,,1.7b,1.1343,open,8,6,6,0.3,0.13889,0.12177,0.72712,1.23495,1.54233,1,1
luke1:item33:open,uw-174339-open,grammar,grammar,,1.7b,1.1343,open,1,6,6,0.3,0.22222,0.09406,0.64162,0.95394,-0.39109,1,1
luke6:item5:open,uw-174421-open,grammar,grammar,,1.7b,1.1343,open,6,6,6,0.3,0.22222,0.09406,0.64162,0.95394,-0.39109,1,1
luke1:item10:mcq,uw-174323-mcq,grammar,grammar,,1.7b,1.1343,mcq,1,6,6,0.3,0.0,0.04489,0.86233,0.45524,2.74582,1,0
luke1:item13:open,uw-174325-open,grammar,grammar,,1.7b,1.1343,open,1,6,6,0.3,0.0,0.04489,0.86233,0.45524,2.74582,1,0
luke1:item14:mcq,uw-174325-mcq,grammar,grammar,,1.7b,1.1343,mcq,1,6,6,0.3,0.0,0.04489,0.86233,0.45524,2.74582,1,0
luke1:item16:mcq,uw-174326-mcq,grammar,grammar,,1.7b,1.1343,mcq,1,6,6,0.3,0.0,0.04489,0.86233,0.45524,2.74582,1,0
luke1:item18:mcq,uw-174328-mcq,grammar,grammar,,1.7b,1.1343,mcq,1,6,6,0.3,0.0,0.04489,0.86233,0.45524,2.74582,1,0
luke1:item20:mcq,uw-174329-mcq,grammar,grammar,,1.7b,1.1343,mcq,1,6,6,0.3,0.0,0.04489,0.86233,0.45524,2.74582,1,0
luke1:item22:mcq,uw-174330-mcq,grammar,grammar,,1.7b,1.1343,mcq,1,6,6,0.3,0.0,0.04489,0.86233,0.45524,2.74582,1,0
luke1:item23:open,uw-174331-open,grammar,grammar,,1.7b,1.1343,open,1,6,6,0.3,0.0,0.04489,0.86233,0.45524,2.74582,1,0
luke1:item24:mcq,uw-174331-mcq,grammar,grammar,,1.7b,1.1343,mcq,1,6,6,0.3,0.0,0.04489,0.86233,0.45524,2.74582,1,0
luke1:item27:open,uw-174333-open,grammar,grammar,,1.7b,1.1343,open,1,6,6,0.3,0.0,0.04489,0.86233,0.45524,2.74582,1,0
luke1:item28:mcq,uw-174333-mcq,grammar,grammar,,1.7b,1.1343,mcq,1,6,6,0.3,0.0,0.04489,0.86233,0.45524,2.74582,1,0
luke1:item29:open,uw-174335-open,grammar,grammar,,1.7b,1.1343,open,1,6,6,0.3,0.0,0.04489,0.86233,0.45524,2.74582,1,0
luke1:item2:mcq,uw-174316-mcq,grammar,grammar,,1.7b,1.1343,mcq,1,6,6,0.3,0.0,0.04489,0.86233,0.45524,2.74582,1,0
luke1:item30:mcq,uw-174335-mcq,grammar,grammar,,1.7b,1.1343,mcq,1,6,6,0.3,0.0,0.04489,0.86233,0.45524,2.74582,1,0
luke1:item36:mcq,uw-174340-mcq,grammar,grammar,,1.7b,1.1343,mcq,1,6,6,0.3,0.0,0.04489,0.86233,0.45524,2.74582,1,0
luke1:item38:mcq,uw-174341-mcq,grammar,grammar,,1.7b,1.1343,mcq,1,6,6,0.3,0.0,0.04489,0.86233,0.45524,2.74582,1,0
luke1:item39:open,uw-174342-open,grammar,grammar,,1.7b,1.1343,open,1,6,6,0.3,0.0,0.04489,0.86233,0.45524,2.74582,1,0
luke1:item3:open,uw-174317-open,grammar,grammar,,1.7b,1.1343,open,1,6,6,0.3,0.0,0.04489,0.86233,0.45524,2.74582,1,0
luke1:item40:mcq,uw-174342-mcq,grammar,grammar,,1.7b,1.1343,mcq,1,6,6,0.3,0.0,0.04489,0.86233,0.45524,2.74582,1,0
luke1:item42:mcq,uw-174343-mcq,grammar,grammar,,1.7b,1.1343,mcq,1,6,6,0.3,0.0,0.04489,0.86233,0.45524,2.74582,1,0
luke1:item43:open,uw-174344-open,grammar,grammar,,1.7b,1.1343,open,1,6,6,0.3,0.0,0.04489,0.86233,0.45524,2.74582,1,0
luke1:item44:mcq,uw-174344-mcq,grammar,grammar,,1.7b,1.1343,mcq,1,6,6,0.3,0.0,0.04489,0.86233,0.45524,2.74582,1,0
luke1:item4:mcq,uw-174317-mcq,grammar,grammar,,1.7b,1.1343,mcq,1,6,6,0.3,0.0,0.04489,0.86233,0.45524,2.74582,1,0
luke1:item5:open,uw-174318-open,grammar,grammar,,1.7b,1.1343,open,1,6,6,0.3,0.0,0.04489,0.86233,0.45524,2.74582,1,0
luke1:item6:mcq,uw-174318-mcq,grammar,grammar,,1.7b,1.1343,mcq,1,6,6,0.3,0.0,0.04489,0.86233,0.45524,2.74582,1,0
luke1:item7:open,uw-174322-open,grammar,grammar,,1.7b,1.1343,open,1,6,6,0.3,0.0,0.04489,0.86233,0.45524,2.74582,1,0
luke1:item8:mcq,uw-174322-mcq,grammar,grammar,,1.7b,1.1343,mcq,1,6,6,0.3,0.0,0.04489,0.86233,0.45524,2.74582,1,0
luke1:item9:open,uw-174323-open,grammar,grammar,,1.7b,1.1343,open,1,6,6,0.3,0.0,0.04489,0.86233,0.45524,2.74582,1,0
luke2:item10:mcq,uw-174351-mcq,grammar,grammar,,1.7b,1.1343,mcq,2,6,6,0.3,0.0,0.04489,0.86233,0.45524,2.74582,1,0
luke2:item11:open,uw-174352-open,grammar,grammar,,1.7b,1.1343,open,2,6,6,0.3,0.0,0.04489,0.86233,0.45524,2.74582,1,0
luke2:item12:mcq,uw-174352-mcq,grammar,grammar,,1.7b,1.1343,mcq,2,6,6,0.3,0.0,0.04489,0.86233,0.45524,2.74582,1,0
luke2:item14:mcq,uw-174354-mcq,grammar,grammar,,1.7b,1.1343,mcq,2,6,6,0.3,0.0,0.04489,0.86233,0.45524,2.74582,1,0
luke2:item15:open,uw-174355-open,grammar,grammar,,1.7b,1.1343,open,2,6,6,0.3,0.0,0.04489,0.86233,0.45524,2.74582,1,0
luke2:item16:mcq,uw-174355-mcq,grammar,grammar,,1.7b,1.1343,mcq,2,6,6,0.3,0.0,0.04489,0.86233,0.45524,2.74582,1,0
luke2:item18:mcq,uw-174357-mcq,grammar,grammar,,1.7b,1.1343,mcq,2,6,6,0.3,0.0,0.04489,0.86233,0.45524,2.74582,1,0
luke2:item1:open,uw-174346-open,grammar,grammar,,1.7b,1.1343,open,2,6,6,0.3,0.0,0.04489,0.86233,0.45524,2.74582,1,0
luke2:item20:mcq,uw-174359-mcq,grammar,grammar,,1.7b,1.1343,mcq,2,6,6,0.3,0.0,0.04489,0.86233,0.45524,2.74582,1,0
luke2:item21:open,uw-174361-open,grammar,grammar,,1.7b,1.1343,open,2,6,6,0.3,0.0,0.04489,0.86233,0.45524,2.74582,1,0
luke2:item24:mcq,uw-174362-mcq,grammar,grammar,,1.7b,1.1343,mcq,2,6,6,0.3,0.0,0.04489,0.86233,0.45524,2.74582,1,0
luke2:item2:mcq,uw-174346-mcq,grammar,grammar,,1.7b,1.1343,mcq,2,6,6,0.3,0.0,0.04489,0.86233,0.45524,2.74582,1,0
luke2:item4:mcq,uw-174347-mcq,grammar,grammar,,1.7b,1.1343,mcq,2,6,6,0.3,0.0,0.04489,0.86233,0.45524,2.74582,1,0
luke2:item6:mcq,uw-174349-mcq,grammar,grammar,,1.7b,1.1343,mcq,2,6,6,0.3,0.0,0.04489,0.86233,0.45524,2.74582,1,0
luke2:item8:mcq,uw-174350-mcq,grammar,grammar,,1.7b,1.1343,mcq,2,6,6,0.3,0.0,0.04489,0.86233,0.45524,2.74582,1,0
luke3:item10:mcq,uw-174370-mcq,grammar,grammar,,1.7b,1.1343,mcq,3,6,6,0.3,0.0,0.04489,0.86233,0.45524,2.74582,1,0
luke3:item11:open,uw-174374-open,grammar,grammar,,1.7b,1.1343,open,3,6,6,0.3,0.0,0.04489,0.86233,0.45524,2.74582,1,0
luke3:item12:mcq,uw-174374-mcq,grammar,grammar,,1.7b,1.1343,mcq,3,6,6,0.3,0.0,0.04489,0.86233,0.45524,2.74582,1,0
luke3:item13:open,uw-174375-open,grammar,grammar,,1.7b,1.1343,open,3,6,6,0.3,0.0,0.04489,0.86233,0.45524,2.74582,1,0
luke3:item14:mcq,uw-174375-mcq,grammar,grammar,,1.7b,1.1343,mcq,3,6,6,0.3,0.0,0.04489,0.86233,0.45524,2.74582,1,0
luke3:item1:open,uw-174365-open,grammar,grammar,,1.7b,1.1343,open,3,6,6,0.3,0.0,0.04489,0.86233,0.45524,2.74582,1,0
luke3:item2:mcq,uw-174365-mcq,grammar,grammar,,1.7b,1.1343,mcq,3,6,6,0.3,0.0,0.04489,0.86233,0.45524,2.74582,1,0
luke3:item4:mcq,uw-174366-mcq,grammar,grammar,,1.7b,1.1343,mcq,3,6,6,0.3,0.0,0.04489,0.86233,0.45524,2.74582,1,0
luke3:item6:mcq,uw-174367-mcq,grammar,grammar,,1.7b,1.1343,mcq,3,6,6,0.3,0.0,0.04489,0.86233,0.45524,2.74582,1,0
luke3:item7:open,uw-174368-open,grammar,grammar,,1.7b,1.1343,open,3,6,6,0.3,0.0,0.04489,0.86233,0.45524,2.74582,1,0
luke3:item8:mcq,uw-174368-mcq,grammar,grammar,,1.7b,1.1343,mcq,3,6,6,0.3,0.0,0.04489,0.86233,0.45524,2.74582,1,0
luke4:item10:mcq,uw-174381-mcq,grammar,grammar,,1.7b,1.1343,mcq,4,6,6,0.3,0.0,0.04489,0.86233,0.45524,2.74582,1,0
luke4:item13:open,uw-174384-open,grammar,grammar,,1.7b,1.1343,open,4,6,6,0.3,0.0,0.04489,0.86233,0.45524,2.74582,1,0
luke4:item14:mcq,uw-174384-mcq,grammar,grammar,,1.7b,1.1343,mcq,4,6,6,0.3,0.0,0.04489,0.86233,0.45524,2.74582,1,0
luke4:item16:mcq,uw-174387-mcq,grammar,grammar,,1.7b,1.1343,mcq,4,6,6,0.3,0.0,0.04489,0.86233,0.45524,2.74582,1,0
luke4:item1:open,uw-174377-open,grammar,grammar,,1.7b,1.1343,open,4,6,6,0.3,0.0,0.04489,0.86233,0.45524,2.74582,1,0
luke4:item21:open,uw-174392-open,grammar,grammar,,1.7b,1.1343,open,4,6,6,0.3,0.0,0.04489,0.86233,0.45524,2.74582,1,0
luke4:item22:mcq,uw-174392-mcq,grammar,grammar,,1.7b,1.1343,mcq,4,6,6,0.3,0.0,0.04489,0.86233,0.45524,2.74582,1,0
luke4:item24:mcq,uw-174393-mcq,grammar,grammar,,1.7b,1.1343,mcq,4,6,6,0.3,0.0,0.04489,0.86233,0.45524,2.74582,1,0
luke4:item26:mcq,uw-174394-mcq,grammar,grammar,,1.7b,1.1343,mcq,4,6,6,0.3,0.0,0.04489,0.86233,0.45524,2.74582,1,0
luke4:item28:mcq,uw-174395-mcq,grammar,grammar,,1.7b,1.1343,mcq,4,6,6,0.3,0.0,0.04489,0.86233,0.45524,2.74582,1,0
luke4:item29:open,uw-174396-open,grammar,grammar,,1.7b,1.1343,open,4,6,6,0.3,0.0,0.04489,0.86233,0.45524,2.74582,1,0
luke4:item30:mcq,uw-174396-mcq,grammar,grammar,,1.7b,1.1343,mcq,4,6,6,0.3,0.0,0.04489,0.86233,0.45524,2.74582,1,0
luke4:item32:mcq,uw-174396-mcq,grammar,grammar,,1.7b,1.1343,mcq,4,6,6,0.3,0.0,0.04489,0.86233,0.45524,2.74582,1,0
luke4:item33:open,uw-174397-open,grammar,grammar,,1.7b,1.1343,open,4,6,6,0.3,0.0,0.04489,0.86233,0.45524,2.74582,1,0
luke4:item34:mcq,uw-174397-mcq,grammar,grammar,,1.7b,1.1343,mcq,4,6,6,0.3,0.0,0.04489,0.86233,0.45524,2.74582,1,0
luke4:item39:open,uw-174399-open,grammar,grammar,,1.7b,1.1343,open,4,6,6,0.3,0.0,0.04489,0.86233,0.45524,2.74582,1,0
luke4:item40:mcq,uw-174399-mcq,grammar,grammar,,1.7b,1.1343,mcq,4,6,6,0.3,0.0,0.04489,0.86233,0.45524,2.74582,1,0
luke4:item41:open,uw-174396-open,grammar,grammar,,1.7b,1.1343,open,4,6,6,0.3,0.0,0.04489,0.86233,0.45524,2.74582,1,0
luke4:item42:mcq,uw-174396-mcq,grammar,grammar,,1.7b,1.1343,mcq,4,6,6,0.3,0.0,0.04489,0.86233,0.45524,2.74582,1,0
luke4:item4:mcq,uw-174378-mcq,grammar,grammar,,1.7b,1.1343,mcq,4,6,6,0.3,0.0,0.04489,0.86233,0.45524,2.74582,1,0
luke4:item5:open,uw-174379-open,grammar,grammar,,1.7b,1.1343,open,4,6,6,0.3,0.0,0.04489,0.86233,0.45524,2.74582,1,0
luke4:item6:mcq,uw-174379-mcq,grammar,grammar,,1.7b,1.1343,mcq,4,6,6,0.3,0.0,0.04489,0.86233,0.45524,2.74582,1,0
luke4:item7:open,uw-174380-open,grammar,grammar,,1.7b,1.1343,open,4,6,6,0.3,0.0,0.04489,0.86233,0.45524,2.74582,1,0
luke4:item8:mcq,uw-174380-mcq,grammar,grammar,,1.7b,1.1343,mcq,4,6,6,0.3,0.0,0.04489,0.86233,0.45524,2.74582,1,0
luke4:item9:open,uw-174381-open,grammar,grammar,,1.7b,1.1343,open,4,6,6,0.3,0.0,0.04489,0.86233,0.45524,2.74582,1,0
luke5:item10:mcq,uw-174403-mcq,grammar,grammar,,1.7b,1.1343,mcq,5,6,6,0.3,0.0,0.04489,0.86233,0.45524,2.74582,1,0
luke5:item13:open,uw-174406-open,grammar,grammar,,1.7b,1.1343,open,5,6,6,0.3,0.0,0.04489,0.86233,0.45524,2.74582,1,0
luke5:item14:mcq,uw-174406-mcq,grammar,grammar,,1.7b,1.1343,mcq,5,6,6,0.3,0.0,0.04489,0.86233,0.45524,2.74582,1,0
luke5:item16:mcq,uw-174407-mcq,grammar,grammar,,1.7b,1.1343,mcq,5,6,6,0.3,0.0,0.04489,0.86233,0.45524,2.74582,1,0
luke5:item17:open,uw-174408-open,grammar,grammar,,1.7b,1.1343,open,5,6,6,0.3,0.0,0.04489,0.86233,0.45524,2.74582,1,0
luke5:item18:mcq,uw-174408-mcq,grammar,grammar,,1.7b,1.1343,mcq,5,6,6,0.3,0.0,0.04489,0.86233,0.45524,2.74582,1,0
luke5:item19:open,uw-174409-open,grammar,grammar,,1.7b,1.1343,open,5,6,6,0.3,0.0,0.04489,0.86233,0.45524,2.74582,1,0
luke5:item1:open,uw-174400-open,grammar,grammar,,1.7b,1.1343,open,5,6,6,0.3,0.0,0.04489,0.86233,0.45524,2.74582,1,0
luke5:item20:mcq,uw-174409-mcq,grammar,grammar,,1.7b,1.1343,mcq,5,6,6,0.3,0.0,0.04489,0.86233,0.45524,2.74582,1,0
luke5:item22:mcq,uw-174410-mcq,grammar,grammar,,1.7b,1.1343,mcq,5,6,6,0.3,0.0,0.04489,0.86233,0.45524,2.74582,1,0
luke5:item23:open,uw-174412-open,grammar,grammar,,1.7b,1.1343,open,5,6,6,0.3,0.0,0.04489,0.86233,0.45524,2.74582,1,0
luke5:item24:mcq,uw-174412-mcq,grammar,grammar,,1.7b,1.1343,mcq,5,6,6,0.3,0.0,0.04489,0.86233,0.45524,2.74582,1,0
luke5:item25:open,uw-174403-open,grammar,grammar,,1.7b,1.1343,open,5,6,6,0.3,0.0,0.04489,0.86233,0.45524,2.74582,1,0
luke5:item26:mcq,uw-174403-mcq,grammar,grammar,,1.7b,1.1343,mcq,5,6,6,0.3,0.0,0.04489,0.86233,0.45524,2.74582,1,0
luke5:item2:mcq,uw-174400-mcq,grammar,grammar,,1.7b,1.1343,mcq,5,6,6,0.3,0.0,0.04489,0.86233,0.45524,2.74582,1,0
luke5:item4:mcq,uw-174401-mcq,grammar,grammar,,1.7b,1.1343,mcq,5,6,6,0.3,0.0,0.04489,0.86233,0.45524,2.74582,1,0
luke5:item6:mcq,uw-174402-mcq,grammar,grammar,,1.7b,1.1343,mcq,5,6,6,0.3,0.0,0.04489,0.86233,0.45524,2.74582,1,0
luke5:item7:open,uw-174403-open,grammar,grammar,,1.7b,1.1343,open,5,6,6,0.3,0.0,0.04489,0.86233,0.45524,2.74582,1,0
luke5:item8:mcq,uw-174403-mcq,grammar,grammar,,1.7b,1.1343,mcq,5,6,6,0.3,0.0,0.04489,0.86233,0.45524,2.74582,1,0
luke6:item10:mcq,uw-174423-mcq,grammar,grammar,,1.7b,1.1343,mcq,6,6,6,0.3,0.0,0.04489,0.86233,0.45524,2.74582,1,0
luke6:item11:open,uw-174424-open,grammar,grammar,,1.7b,1.1343,open,6,6,6,0.3,0.0,0.04489,0.86233,0.45524,2.74582,1,0
luke6:item12:mcq,uw-174424-mcq,grammar,grammar,,1.7b,1.1343,mcq,6,6,6,0.3,0.0,0.04489,0.86233,0.45524,2.74582,1,0
luke6:item13:open,uw-174427-open,grammar,grammar,,1.7b,1.1343,open,6,6,6,0.3,0.0,0.04489,0.86233,0.45524,2.74582,1,0
luke6:item14:mcq,uw-174427-mcq,grammar,grammar,,1.7b,1.1343,mcq,6,6,6,0.3,0.0,0.04489,0.86233,0.45524,2.74582,1,0
luke6:item1:open,uw-174414-open,grammar,grammar,,1.7b,1.1343,open,6,6,6,0.3,0.0,0.04489,0.86233,0.45524,2.74582,1,0
luke6:item2:mcq,uw-174414-mcq,grammar,grammar,,1.7b,1.1343,mcq,6,6,6,0.3,0.0,0.04489,0.86233,0.45524,2.74582,1,0
luke6:item4:mcq,uw-174415-mcq,grammar,grammar,,1.7b,1.1343,mcq,6,6,6,0.3,0.0,0.04489,0.86233,0.45524,2.74582,1,0
luke6:item7:open,uw-174422-open,grammar,grammar,,1.7b,1.1343,open,6,6,6,0.3,0.0,0.04489,0.86233,0.45524,2.74582,1,0
luke6:item8:mcq,uw-174422-mcq,grammar,grammar,,1.7b,1.1343,mcq,6,6,6,0.3,0.0,0.04489,0.86233,0.45524,2.74582,1,0
luke7:item10:mcq,uw-174434-mcq,grammar,grammar,,1.7b,1.1343,mcq,7,6,6,0.3,0.0,0.04489,0.86233,0.45524,2.74582,1,0
luke7:item12:mcq,uw-174436-mcq,grammar,grammar,,1.7b,1.1343,mcq,7,6,6,0.3,0.0,0.04489,0.86233,0.45524,2.74582,1,0
luke7:item13:open,uw-174440-open,grammar,grammar,,1.7b,1.1343,open,7,6,6,0.3,0.0,0.04489,0.86233,0.45524,2.74582,1,0
luke7:item14:mcq,uw-174440-mcq,grammar,grammar,,1.7b,1.1343,mcq,7,6,6,0.3,0.0,0.04489,0.86233,0.45524,2.74582,1,0
luke7:item16:mcq,uw-174441-mcq,grammar,grammar,,1.7b,1.1343,mcq,7,6,6,0.3,0.0,0.04489,0.86233,0.45524,2.74582,1,0
luke7:item2:mcq,uw-174429-mcq,grammar,grammar,,1.7b,1.1343,mcq,7,6,6,0.3,0.0,0.04489,0.86233,0.45524,2.74582,1,0
luke7:item4:mcq,uw-174430-mcq,grammar,grammar,,1.7b,1.1343,mcq,7,6,6,0.3,0.0,0.04489,0.86233,0.45524,2.74582,1,0
luke7:item6:mcq,uw-174431-mcq,grammar,grammar,,1.7b,1.1343,mcq,7,6,6,0.3,0.0,0.04489,0.86233,0.45524,2.74582,1,0
luke8:item10:mcq,uw-174448-mcq,grammar,grammar,,1.7b,1.1343,mcq,8,6,6,0.3,0.0,0.04489,0.86233,0.45524,2.74582,1,0
luke8:item12:mcq,uw-174449-mcq,grammar,grammar,,1.7b,1.1343,mcq,8,6,6,0.3,0.0,0.04489,0.86233,0.45524,2.74582,1,0
luke8:item14:mcq,uw-174452-mcq,grammar,grammar,,1.7b,1.1343,mcq,8,6,6,0.3,0.0,0.04489,0.86233,0.45524,2.74582,1,0
luke8:item18:mcq,uw-174455-mcq,grammar,grammar,,1.7b,1.1343,mcq,8,6,6,0.3,0.0,0.04489,0.86233,0.45524,2.74582,1,0
luke8:item1:open,uw-174444-open,grammar,grammar,,1.7b,1.1343,open,8,6,6,0.3,0.0,0.04489,0.86233,0.45524,2.74582,1,0
luke8:item2:mcq,uw-174444-mcq,grammar,grammar,,1.7b,1.1343,mcq,8,6,6,0.3,0.0,0.04489,0.86233,0.45524,2.74582,1,0
luke8:item3:open,uw-174445-open,grammar,grammar,,1.7b,1.1343,open,8,6,6,0.3,0.0,0.04489,0.86233,0.45524,2.74582,1,0
luke8:item4:mcq,uw-174445-mcq,grammar,grammar,,1.7b,1.1343,mcq,8,6,6,0.3,0.0,0.04489,0.86233,0.45524,2.74582,1,0
luke8:item6:mcq,uw-174446-mcq,grammar,grammar,,1.7b,1.1343,mcq,8,6,6,0.3,0.0,0.04489,0.86233,0.45524,2.74582,1,0
luke8:item8:mcq,uw-174447-mcq,grammar,grammar,,1.7b,1.1343,mcq,8,6,6,0.3,0.0,0.04489,0.86233,0.45524,2.74582,1,0
luke1:item12:mcq,uw-174324-mcq,grammar,grammar,,1.7b,1.1343,mcq,1,6,6,0.3,0.0,0.03574,0.77089,0.36251,-1.88047,1,0
luke1:item26:mcq,uw-174332-mcq,grammar,grammar,,1.7b,1.1343,mcq,1,6,6,0.3,0.0,0.03574,0.77089,0.36251,-1.88047,1,0
luke1:item32:mcq,uw-174336-mcq,grammar,grammar,,1.7b,1.1343,mcq,1,6,6,0.3,0.0,0.03574,0.77089,0.36251,-1.88047,1,0
luke2:item13:open,uw-174354-open,grammar,grammar,,1.7b,1.1343,open,2,6,6,0.3,0.0,0.03574,0.77089,0.36251,-1.88047,1,0
luke2:item17:open,uw-174357-open,grammar,grammar,,1.7b,1.1343,open,2,6,6,0.3,0.0,0.03574,0.77089,0.36251,-1.88047,1,0
luke2:item22:mcq,uw-174361-mcq,grammar,grammar,,1.7b,1.1343,mcq,2,6,6,0.3,0.0,0.03574,0.77089,0.36251,-1.88047,1,0
luke2:item3:open,uw-174347-open,grammar,grammar,,1.7b,1.1343,open,2,6,6,0.3,0.0,0.03574,0.77089,0.36251,-1.88047,1,0
luke3:item5:open,uw-174367-open,grammar,grammar,,1.7b,1.1343,open,3,6,6,0.3,0.0,0.03574,0.77089,0.36251,-1.88047,1,0
luke4:item12:mcq,uw-174382-mcq,grammar,grammar,,1.7b,1.1343,mcq,4,6,6,0.3,0.0,0.03574,0.77089,0.36251,-1.88047,1,0
luke4:item17:open,uw-174388-open,grammar,grammar,,1.7b,1.1343,open,4,6,6,0.3,0.0,0.03574,0.77089,0.36251,-1.88047,1,0
luke4:item18:mcq,uw-174388-mcq,grammar,grammar,,1.7b,1.1343,mcq,4,6,6,0.3,0.0,0.03574,0.77089,0.36251,-1.88047,1,0
luke4:item20:mcq,uw-174389-mcq,grammar,grammar,,1.7b,1.1343,mcq,4,6,6,0.3,0.0,0.03574,0.77089,0.36251,-1.88047,1,0
luke4:item2:mcq,uw-174377-mcq,grammar,grammar,,1.7b,1.1343,mcq,4,6,6,0.3,0.0,0.03574,0.77089,0.36251,-1.88047,1,0
luke4:item36:mcq,uw-174398-mcq,grammar,grammar,,1.7b,1.1343,mcq,4,6,6,0.3,0.0,0.03574,0.77089,0.36251,-1.88047,1,0
luke4:item38:mcq,uw-174398-mcq,grammar,grammar,,1.7b,1.1343,mcq,4,6,6,0.3,0.0,0.03574,0.77089,0.36251,-1.88047,1,0
luke5:item11:open,uw-174404-open,grammar,grammar,,1.7b,1.1343,open,5,6,6,0.3,0.0,0.03574,0.77089,0.36251,-1.88047,1,0
luke5:item21:open,uw-174410-open,grammar,grammar,,1.7b,1.1343,open,5,6,6,0.3,0.0,0.03574,0.77089,0.36251,-1.88047,1,0
luke8:item11:open,uw-174449-open,grammar,grammar,,1.7b,1.1343,open,8,6,6,0.3,0.0,0.03574,0.77089,0.36251,-1.88047,1,0
luke8:item13:open,uw-174452-open,grammar,grammar,,1.7b,1.1343,open,8,6,6,0.3,0.0,0.03574,0.77089,0.36251,-1.88047,1,0
luke8:item17:open,uw-174455-open,grammar,grammar,,1.7b,1.1343,open,8,6,6,0.3,0.0,0.03574,0.77089,0.36251,-1.88047,1,0
luke7:item18:mcq,uw-174442-mcq,grammar,grammar,,1.7b,1.1343,mcq,7,6,6,0.3,0.25,0.02423,0.634,0.24569,0.18574,1,1
luke7:item1:open,uw-174429-open,grammar,grammar,,1.7b,1.1343,open,7,6,6,0.3,0.22222,-0.04762,0.66238,-0.48296,0.79018,1,1
luke1:item37:open,uw-174341-open,grammar,grammar,,1.7b,1.1343,open,1,6,6,0.3,0.13889,-0.05015,0.67845,-0.50865,-1.02822,1,1
luke2:item7:open,uw-174350-open,grammar,grammar,,1.7b,1.1343,open,2,6,6,0.3,0.13889,-0.05015,0.67845,-0.50865,-1.02822,1,1
luke1:item17:open,uw-174328-open,grammar,grammar,,1.7b,1.1343,open,1,6,6,0.3,0.22222,-0.11355,0.63945,-1.15161,-0.39138,1,1
luke2:item23:open,uw-174362-open,grammar,grammar,,1.7b,1.1343,open,2,6,6,0.3,0.13889,-0.14963,0.73761,-1.51756,1.54419,1,1
luke5:item15:open,uw-174407-open,grammar,grammar,,1.7b,1.1343,open,5,6,6,0.3,0.13889,-0.14963,0.73761,-1.51756,1.54419,1,1
luke1:item41:open,uw-174343-open,grammar,grammar,,1.7b,1.1343,open,1,6,6,0.3,0.22222,-0.2735,0.67389,-2.77379,0.80175,1,1
luke4:item19:open,uw-174389-open,grammar,grammar,,1.7b,1.1343,open,4,6,6,0.3,0.22222,-0.2735,0.67389,-2.77379,0.80175,1,1
luke7:item3:open,uw-174430-open,grammar,grammar,,1.7b,1.1343,open,7,6,6,0.3,0.22222,-0.32242,0.64548,-3.2699,-0.39808,1,1
luke1:item35:open,uw-174340-open,grammar,grammar,,1.7b,1.1343,open,1,6,6,0.3,0.13889,-0.43227,0.75672,-4.384,1.58418,1,1
luke2:item9:open,uw-174351-open,grammar,grammar,,1.7b,1.1343,open,2,6,6,0.3,0.13889,-0.43227,0.75672,-4.384,1.58418,1,1
luke7:item7:open,uw-174432-open,grammar,grammar,,1.7b,1.1343,open,7,6,6,0.3,0.13889,-0.43227,0.75672,-4.384,1.58418,1,1
luke1:item21:open,uw-174330-open,grammar,grammar,,1.7b,1.1343,open,1,6,6,0.3,0.22222,-0.51021,0.69386,-5.17445,0.83121,1,1
luke5:item5:open,uw-174402-open,grammar,grammar,,1.7b,1.1343,open,5,6,6,0.3,0.13889,-0.73197,0.78135,-7.42352,1.66403,1,1
luke7:item8:mcq,uw-174432-mcq,grammar,grammar,,1.7b,1.1343,mcq,7,6,6,0.3,0.13889,-0.73197,0.78135,-7.42352,1.66403,1,1
luke7:item5:open,uw-174431-open,grammar,grammar,,1.7b,1.1343,open,7,6,6,0.3,0.13889,-0.76378,0.70454,-7.74612,-1.13089,1,1
luke5:item3:open,uw-174401-open,grammar,grammar,,1.7b,1.1343,open,5,6,6,0.3,0.22222,-0.76591,0.68249,-7.76771,-0.42682,1,1
luke1:item25:open,uw-174332-open,grammar,grammar,,1.7b,1.1343,open,1,6,6,0.3,0.22222,-1.01251,0.71346,-10.26876,-0.44724,1,1
luke6:item9:open,uw-174423-open,grammar,grammar,,1.7b,1.1343,open,6,6,6,0.3,0.22222,-1.01251,0.71346,-10.26876,-0.44724,1,1
luke7:item17:open,uw-174442-open,grammar,grammar,,1.7b,1.1343,open,7,6,6,0.3,0.22222,-1.03927,0.75362,-10.54015,0.95272,1,1
luke4:item23:open,uw-174393-open,grammar,grammar,,1.7b,1.1343,open,4,6,6,0.3,0.25,-1.11024,0.73497,-11.25991,0.25265,1,1
luke1:item17:open,uw-174328-open,grammar,grammar,,llama 1b,-0.3442,open,1,6,6,0.3,0.25,1.10904,0.72974,11.24773,0.00446,1,1
luke4:item15:open,uw-174387-open,grammar,grammar,,llama 1b,-0.3442,open,4,6,6,0.3,0.25,1.10904,0.72974,11.24773,0.00446,1,1
luke1:item32:mcq,uw-174336-mcq,grammar,grammar,,llama 1b,-0.3442,mcq,1,6,6,0.3,0.22222,1.00317,0.73606,10.17401,-0.6781,1,1
luke1:item13:open,uw-174325-open,grammar,grammar,,llama 1b,-0.3442,open,1,6,6,0.3,0.13889,0.83255,0.72724,8.44355,1.44867,1,1
luke1:item21:open,uw-174330-open,grammar,grammar,,llama 1b,-0.3442,open,1,6,6,0.3,0.13889,0.83255,0.72724,8.44355,1.44867,1,1
luke1:item42:mcq,uw-174343-mcq,grammar,grammar,,llama 1b,-0.3442,mcq,1,6,6,0.3,0.13889,0.83255,0.72724,8.44355,1.44867,1,1
luke1:item8:mcq,uw-174322-mcq,grammar,grammar,,llama 1b,-0.3442,mcq,1,6,6,0.3,0.13889,0.83255,0.72724,8.44355,1.44867,1,1
luke2:item20:mcq,uw-174359-mcq,grammar,grammar,,llama 1b,-0.3442,mcq,2,6,6,0.3,0.13889,0.83255,0.72724,8.44355,1.44867,1,1
luke4:item18:mcq,uw-174388-mcq,grammar,grammar,,llama 1b,-0.3442,mcq,4,6,6,0.3,0.13889,0.83255,0.72724,8.44355,1.44867,1,1
luke8:item16:mcq,uw-174454-mcq,grammar,grammar,,llama 1b,-0.3442,mcq,8,6,6,0.3,0.13889,0.83255,0.72724,8.44355,1.44867,1,1
luke1:item7:open,uw-174322-open,grammar,grammar,,llama 1b,-0.3442,open,1,6,6,0.3,0.14583,0.68053,0.69238,6.90182,1.01141,1,1
luke4:item40:mcq,uw-174399-mcq,grammar,grammar,,llama 1b,-0.3442,mcq,4,6,6,0.3,0.22222,0.56531,0.6681,5.73324,0.64685,1,1
luke7:item7:open,uw-174432-open,grammar,grammar,,llama 1b,-0.3442,open,7,6,6,0.3,0.22222,0.56531,0.6681,5.73324,0.64685,1,1
luke6:item13:open,uw-174427-open,grammar,grammar,,llama 1b,-0.3442,open,6,6,6,0.3,0.22222,0.49953,0.67709,5.06614,-0.58958,1,1
luke4:item21:open,uw-174392-open,grammar,grammar,,llama 1b,-0.3442,open,4,6,6,0.3,0.11806,0.44205,0.65734,4.48318,-0.27543,1,1
luke3:item10:mcq,uw-174370-mcq,grammar,grammar,,llama 1b,-0.3442,mcq,3,6,6,0.3,0.13889,0.40975,0.72387,4.15559,-1.27236,1,1
luke3:item11:open,uw-174374-open,grammar,grammar,,llama 1b,-0.3442,open,3,6,6,0.3,0.13889,0.40975,0.72387,4.15559,-1.27236,1,1
luke1:item41:open,uw-174343-open,grammar,grammar,,llama 1b,-0.3442,open,1,6,6,0.3,0.03472,0.36619,0.76496,3.71381,-1.69522,1,1
luke5:item19:open,uw-174409-open,grammar,grammar,,llama 1b,-0.3442,open,5,6,6,0.3,0.03472,0.36619,0.76496,3.71381,-1.69522,1,1
luke5:item21:open,uw-174410-open,grammar,grammar,,llama 1b,-0.3442,open,5,6,6,0.3,0.0625,0.33207,0.68507,3.36782,-0.89701,1,1
luke1:item40:mcq,uw-174342-mcq,grammar,grammar,,llama 1b,-0.3442,mcq,1,6,6,0.3,0.13889,0.31836,0.70239,3.22871,1.3247,1,1
luke3:item4:mcq,uw-174366-mcq,grammar,grammar,,llama 1b,-0.3442,mcq,3,6,6,0.3,0.13889,0.31836,0.70239,3.22871,1.3247,1,1
luke7:item12:mcq,uw-174436-mcq,grammar,grammar,,llama 1b,-0.3442,mcq,7,6,6,0.3,0.13889,0.31836,0.70239,3.22871,1.3247,1,1
luke8:item13:open,uw-174452-open,grammar,grammar,,llama 1b,-0.3442,open,8,6,6,0.3,0.13889,0.31836,0.70239,3.22871,1.3247,1,1
luke1:item15:open,uw-174326-open,grammar,grammar,,llama 1b,-0.3442,open,1,6,6,0.3,0.03472,0.2624,0.64102,2.66124,0.3161,1,1
luke8:item5:open,uw-174446-open,grammar,grammar,,llama 1b,-0.3442,open,8,6,6,0.3,0.20139,0.22828,0.64256,2.31516,-0.26604,1,1
luke1:item35:open,uw-174340-open,grammar,grammar,,llama 1b,-0.3442,open,1,6,6,0.3,0.14583,0.21381,0.67013,2.16838,0.94308,1,1
luke4:item33:open,uw-174397-open,grammar,grammar,,llama 1b,-0.3442,open,4,6,6,0.3,0.05556,0.19345,0.70177,1.96194,1.31029,1,1
luke4:item7:open,uw-174380-open,grammar,grammar,,llama 1b,-0.3442,open,4,6,6,0.3,0.25,0.19097,0.63585,1.93684,0.02414,1,1
luke8:item3:open,uw-174445-open,grammar,grammar,,llama 1b,-0.3442,open,8,6,6,0.3,0.03472,0.17294,0.74868,1.75388,1.75098,1,1
luke1:item30:mcq,uw-174335-mcq,grammar,grammar,,llama 1b,-0.3442,mcq,1,6,6,0.3,0.13889,0.06834,0.70357,0.69305,1.30282,1,1
luke4:item6:mcq,uw-174379-mcq,grammar,grammar,,llama 1b,-0.3442,mcq,4,6,6,0.3,0.13889,0.06834,0.70357,0.69305,1.30282,1,1
luke7:item14:mcq,uw-174440-mcq,grammar,grammar,,llama 1b,-0.3442,mcq,7,6,6,0.3,0.13889,0.06834,0.70357,0.69305,1.30282,1,1
luke1:item20:mcq,uw-174329-mcq,grammar,grammar,,llama 1b,-0.3442,mcq,1,6,6,0.3,0.22222,0.05775,0.64836,0.58571,-0.55982,1,1
luke1:item3:open,uw-174317-open,grammar,grammar,,llama 1b,-0.3442,open,1,6,6,0.3,0.03472,0.05585,0.63679,0.56637,0.31219,1,1
luke8:item15:open,uw-174454-open,grammar,grammar,,llama 1b,-0.3442,open,8,6,6,0.3,0.03472,0.02149,0.63595,0.21799,-0.26291,1,1
luke1:item39:open,uw-174342-open,grammar,grammar,,llama 1b,-0.3442,open,1,6,6,0.3,0.0,-0.01254,0.63251,-0.12718,0.02412,1,0
luke2:item17:open,uw-174357-open,grammar,grammar,,llama 1b,-0.3442,open,2,6,6,0.3,0.0,-0.01254,0.63251,-0.12718,0.02412,1,0
luke2:item3:open,uw-174347-open,grammar,grammar,,llama 1b,-0.3442,open,2,6,6,0.3,0.0,-0.01254,0.63251,-0.12718,0.02412,1,0
luke4:item12:mcq,uw-174382-mcq,grammar,grammar,,llama 1b,-0.3442,mcq,4,6,6,0.3,0.25,-0.01254,0.63251,-0.12718,0.02412,1,1
luke3:item7:open,uw-174368-open,grammar,grammar,,llama 1b,-0.3442,open,3,6,6,0.3,0.0625,-0.01416,0.67237,-0.14364,0.93499,1,1
luke1:item14:mcq,uw-174325-mcq,grammar,grammar,,llama 1b,-0.3442,mcq,1,6,6,0.3,0.0,-0.0204,0.80627,-0.20687,-2.20811,1,0
luke1:item19:open,uw-174329-open,grammar,grammar,,llama 1b,-0.3442,open,1,6,6,0.3,0.0,-0.0204,0.80627,-0.20687,-2.20811,1,0
luke1:item22:mcq,uw-174330-mcq,grammar,grammar,,llama 1b,-0.3442,mcq,1,6,6,0.3,0.0,-0.0204,0.80627,-0.20687,-2.20811,1,0
luke1:item27:open,uw-174333-open,grammar,grammar,,llama 1b,-0.3442,open,1,6,6,0.3,0.0,-0.0204,0.80627,-0.20687,-2.20811,1,0
luke1:item34:mcq,uw-174339-mcq,grammar,grammar,,llama 1b,-0.3442,mcq,1,6,6,0.3,0.0,-0.0204,0.80627,-0.20687,-2.20811,1,0
luke1:item38:mcq,uw-174341-mcq,grammar,grammar,,llama 1b,-0.3442,mcq,1,6,6,0.3,0.0,-0.0204,0.80627,-0.20687,-2.20811,1,0
luke1:item43:open,uw-174344-open,grammar,grammar,,llama 1b,-0.3442,open,1,6,6,0.3,0.0,-0.0204,0.80627,-0.20687,-2.20811,1,0
luke1:item5:open,uw-174318-open,grammar,grammar,,llama 1b,-0.3442,open,1,6,6,0.3,0.0,-0.0204,0.80627,-0.20687,-2.20811,1,0
luke1:item6:mcq,uw-174318-mcq,grammar,grammar,,llama 1b,-0.3442,mcq,1,6,6,0.3,0.0,-0.0204,0.80627,-0.20687,-2.20811,1,0
luke2:item11:open,uw-174352-open,grammar,grammar,,llama 1b,-0.3442,open,2,6,6,0.3,0.0,-0.0204,0.80627,-0.20687,-2.20811,1,0
luke2:item12:mcq,uw-174352-mcq,grammar,grammar,,llama 1b,-0.3442,mcq,2,6,6,0.3,0.0,-0.0204,0.80627,-0.20687,-2.20811,1,0
luke2:item15:open,uw-174355-open,grammar,grammar,,llama 1b,-0.3442,open,2,6,6,0.3,0.0,-0.0204,0.80627,-0.20687,-2.20811,1,0
luke2:item23:open,uw-174362-open,grammar,grammar,,llama 1b,-0.3442,open,2,6,6,0.3,0.0,-0.0204,0.80627,-0.20687,-2.20811,1,0
luke2:item24:mcq,uw-174362-mcq,grammar,grammar,,llama 1b,-0.3442,mcq,2,6,6,0.3,0.0,-0.0204,0.80627,-0.20687,-2.20811,1,0
luke3:item1:open,uw-174365-open,grammar,grammar,,llama 1b,-0.3442,open,3,6,6,0.3,0.0,-0.0204,0.80627,-0.20687,-2.20811,1,0
luke3:item5:open,uw-174367-open,grammar,grammar,,llama 1b,-0.3442,open,3,6,6,0.3,0.0,-0.0204,0.80627,-0.20687,-2.20811,1,0
luke3:item9:open,uw-174370-open,grammar,grammar,,llama 1b,-0.3442,open,3,6,6,0.3,0.0,-0.0204,0.80627,-0.20687,-2.20811,1,0
luke4:item16:mcq,uw-174387-mcq,grammar,grammar,,llama 1b,-0.3442,mcq,4,6,6,0.3,0.0,-0.0204,0.80627,-0.20687,-2.20811,1,0
luke4:item20:mcq,uw-174389-mcq,grammar,grammar,,llama 1b,-0.3442,mcq,4,6,6,0.3,0.0,-0.0204,0.80627,-0.20687,-2.20811,1,0
luke4:item27:open,uw-174395-open,grammar,grammar,,llama 1b,-0.3442,open,4,6,6,0.3,0.0,-0.0204,0.80627,-0.20687,-2.20811,1,0
luke4:item2:mcq,uw-174377-mcq,grammar,grammar,,llama 1b,-0.3442,mcq,4,6,6,0.3,0.0,-0.0204,0.80627,-0.20687,-2.20811,1,0
luke4:item41:open,uw-174396-open,grammar,grammar,,llama 1b,-0.3442,open,4,6,6,0.3,0.0,-0.0204,0.80627,-0.20687,-2.20811,1,0
luke5:item11:open,uw-174404-open,grammar,grammar,,llama 1b,-0.3442,open,5,6,6,0.3,0.0,-0.0204,0.80627,-0.20687,-2.20811,1,0
luke5:item14:mcq,uw-174406-mcq,grammar,grammar,,llama 1b,-0.3442,mcq,5,6,6,0.3,0.0,-0.0204,0.80627,-0.20687,-2.20811,1,0
luke5:item24:mcq,uw-174412-mcq,grammar,grammar,,llama 1b,-0.3442,mcq,5,6,6,0.3,0.0,-0.0204,0.80627,-0.20687,-2.20811,1,0
luke5:item2:mcq,uw-174400-mcq,grammar,grammar,,llama 1b,-0.3442,mcq,5,6,6,0.3,0.0,-0.0204,0.80627,-0.20687,-2.20811,1,0
luke6:item11:open,uw-174424-open,grammar,grammar,,llama 1b,-0.3442,open,6,6,6,0.3,0.0,-0.0204,0.80627,-0.20687,-2.20811,1,0
luke6:item4:mcq,uw-174415-mcq,grammar,grammar,,llama 1b,-0.3442,mcq,6,6,6,0.3,0.0,-0.0204,0.80627,-0.20687,-2.20811,1,0
luke7:item11:open,uw-174436-open,grammar,grammar,,llama 1b,-0.3442,open,7,6,6,0.3,0.0,-0.0204,0.80627,-0.20687,-2.20811,1,0
luke7:item17:open,uw-174442-open,grammar,grammar,,llama 1b,-0.3442,open,7,6,6,0.3,0.0,-0.0204,0.80627,-0.20687,-2.20811,1,0
luke7:item1:open,uw-174429-open,grammar,grammar,,llama 1b,-0.3442,open,7,6,6,0.3,0.0,-0.0204,0.80627,-0.20687,-2.20811,1,0
luke7:item4:mcq,uw-174430-mcq,grammar,grammar,,llama 1b,-0.3442,mcq,7,6,6,0.3,0.0,-0.0204,0.80627,-0.20687,-2.20811,1,0
luke7:item5:open,uw-174431-open,grammar,grammar,,llama 1b,-0.3442,open,7,6,6,0.3,0.0,-0.0204,0.80627,-0.20687,-2.20811,1,0
luke7:item6:mcq,uw-174431-mcq,grammar,grammar,,llama 1b,-0.3442,mcq,7,6,6,0.3,0.0,-0.0204,0.80627,-0.20687,-2.20811,1,0
luke7:item8:mcq,uw-174432-mcq,grammar,grammar,,llama 1b,-0.3442,mcq,7,6,6,0.3,0.0,-0.0204,0.80627,-0.20687,-2.20811,1,0
luke7:item9:open,uw-174434-open,grammar,grammar,,llama 1b,-0.3442,open,7,6,6,0.3,0.0,-0.0204,0.80627,-0.20687,-2.20811,1,0
luke8:item11:open,uw-174449-open,grammar,grammar,,llama 1b,-0.3442,open,8,6,6,0.3,0.0,-0.0204,0.80627,-0.20687,-2.20811,1,0
luke8:item14:mcq,uw-174452-mcq,grammar,grammar,,llama 1b,-0.3442,mcq,8,6,6,0.3,0.0,-0.0204,0.80627,-0.20687,-2.20811,1,0
luke8:item17:open,uw-174455-open,grammar,grammar,,llama 1b,-0.3442,open,8,6,6,0.3,0.0,-0.0204,0.80627,-0.20687,-2.20811,1,0
luke8:item1:open,uw-174444-open,grammar,grammar,,llama 1b,-0.3442,open,8,6,6,0.3,0.0,-0.0204,0.80627,-0.20687,-2.20811,1,0
luke8:item4:mcq,uw-174445-mcq,grammar,grammar,,llama 1b,-0.3442,mcq,8,6,6,0.3,0.0,-0.0204,0.80627,-0.20687,-2.20811,1,0
luke8:item6:mcq,uw-174446-mcq,grammar,grammar,,llama 1b,-0.3442,mcq,8,6,6,0.3,0.0,-0.0204,0.80627,-0.20687,-2.20811,1,0
luke8:item9:open,uw-174448-open,grammar,grammar,,llama 1b,-0.3442,open,8,6,6,0.3,0.0,-0.0204,0.80627,-0.20687,-2.20811,1,0
luke1:item10:mcq,uw-174323-mcq,grammar,grammar,,llama 1b,-0.3442,mcq,1,6,6,0.3,0.0,-0.02107,0.82021,-0.21367,2.31889,1,0
luke1:item11:open,uw-174324-open,grammar,grammar,,llama 1b,-0.3442,open,1,6,6,0.3,0.0,-0.02107,0.82021,-0.21367,2.31889,1,0
luke1:item12:mcq,uw-174324-mcq,grammar,grammar,,llama 1b,-0.3442,mcq,1,6,6,0.3,0.0,-0.02107,0.82021,-0.21367,2.31889,1,0
luke1:item16:mcq,uw-174326-mcq,grammar,grammar,,llama 1b,-0.3442,mcq,1,6,6,0.3,0.0,-0.02107,0.82021,-0.21367,2.31889,1,0
luke1:item24:mcq,uw-174331-mcq,grammar,grammar,,llama 1b,-0.3442,mcq,1,6,6,0.3,0.0,-0.02107,0.82021,-0.21367,2.31889,1,0
luke1:item25:open,uw-174332-open,grammar,grammar,,llama 1b,-0.3442,open,1,6,6,0.3,0.0,-0.02107,0.82021,-0.21367,2.31889,1,0
luke1:item28:mcq,uw-174333-mcq,grammar,grammar,,llama 1b,-0.3442,mcq,1,6,6,0.3,0.0,-0.02107,0.82021,-0.21367,2.31889,1,0
luke1:item2:mcq,uw-174316-mcq,grammar,grammar,,llama 1b,-0.3442,mcq,1,6,6,0.3,0.0,-0.02107,0.82021,-0.21367,2.31889,1,0
luke1:item33:open,uw-174339-open,grammar,grammar,,llama 1b,-0.3442,open,1,6,6,0.3,0.0,-0.02107,0.82021,-0.21367,2.31889,1,0
luke1:item36:mcq,uw-174340-mcq,grammar,grammar,,llama 1b,-0.3442,mcq,1,6,6,0.3,0.0,-0.02107,0.82021,-0.21367,2.31889,1,0
luke1:item37:open,uw-174341-open,grammar,grammar,,llama 1b,-0.3442,open,1,6,6,0.3,0.0,-0.02107,0.82021,-0.21367,2.31889,1,0
luke1:item44:mcq,uw-174344-mcq,grammar,grammar,,llama 1b,-0.3442,mcq,1,6,6,0.3,0.0,-0.02107,0.82021,-0.21367,2.31889,1,0
luke1:item4:mcq,uw-174317-mcq,grammar,grammar,,llama 1b,-0.3442,mcq,1,6,6,0.3,0.0,-0.02107,0.82021,-0.21367,2.31889,1,0
luke2:item14:mcq,uw-174354-mcq,grammar,grammar,,llama 1b,-0.3442,mcq,2,6,6,0.3,0.0,-0.02107,0.82021,-0.21367,2.31889,1,0
luke2:item16:mcq,uw-174355-mcq,grammar,grammar,,llama 1b,-0.3442,mcq,2,6,6,0.3,0.0,-0.02107,0.82021,-0.21367,2.31889,1,0
luke2:item18:mcq,uw-174357-mcq,grammar,grammar,,llama 1b,-0.3442,mcq,2,6,6,0.3,0.0,-0.02107,0.82021,-0.21367,2.31889,1,0
luke2:item1:open,uw-174346-open,grammar,grammar,,llama 1b,-0.3442,open,2,6,6,0.3,0.0,-0.02107,0.82021,-0.21367,2.31889,1,0
luke2:item2:mcq,uw-174346-mcq,grammar,grammar,,llama 1b,-0.3442,mcq,2,6,6,0.3,0.0,-0.02107,0.82021,-0.21367,2.31889,1,0
luke2:item4:mcq,uw-174347-mcq,grammar,grammar,,llama 1b,-0.3442,mcq,2,6,6,0.3,0.0,-0.02107,0.82021,-0.21367,2.31889,1,0
luke2:item6:mcq,uw-174349-mcq,grammar,grammar,,llama 1b,-0.3442,mcq,2,6,6,0.3,0.0,-0.02107,0.82021,-0.21367,2.31889,1,0
luke2:item8:mcq,uw-174350-mcq,grammar,grammar,,llama 1b,-0.3442,mcq,2,6,6,0.3,0.0,-0.02107,0.82021,-0.21367,2.31889,1,0
luke3:item12:mcq,uw-174374-mcq,grammar,grammar,,llama 1b,-0.3442,mcq,3,6,6,0.3,0.0,-0.02107,0.82021,-0.21367,2.31889,1,0
luke3:item13:open,uw-174375-open,grammar,grammar,,llama 1b,-0.3442,open,3,6,6,0.3,0.0,-0.02107,0.82021,-0.21367,2.31889,1,0
luke3:item14:mcq,uw-174375-mcq,grammar,grammar,,llama 1b,-0.3442,mcq,3,6,6,0.3,0.0,-0.02107,0.82021,-0.21367,2.31889,1,0
luke3:item2:mcq,uw-174365-mcq,grammar,grammar,,llama 1b,-0.3442,mcq,3,6,6,0.3,0.0,-0.02107,0.82021,-0.21367,2.31889,1,0
luke3:item3:open,uw-174366-open,grammar,grammar,,llama 1b,-0.3442,open,3,6,6,0.3,0.0,-0.02107,0.82021,-0.21367,2.31889,1,0
luke3:item8:mcq,uw-174368-mcq,grammar,grammar,,llama 1b,-0.3442,mcq,3,6,6,0.3,0.0,-0.02107,0.82021,-0.21367,2.31889,1,0
luke4:item10:mcq,uw-174381-mcq,grammar,grammar,,llama 1b,-0.3442,mcq,4,6,6,0.3,0.0,-0.02107,0.82021,-0.21367,2.31889,1,0
luke4:item14:mcq,uw-174384-mcq,grammar,grammar,,llama 1b,-0.3442,mcq,4,6,6,0.3,0.0,-0.02107,0.82021,-0.21367,2.31889,1,0
luke4:item17:open,uw-174388-open,grammar,grammar,,llama 1b,-0.3442,open,4,6,6,0.3,0.0,-0.02107,0.82021,-0.21367,2.31889,1,0
luke4:item1:open,uw-174377-open,grammar,grammar,,llama 1b,-0.3442,open,4,6,6,0.3,0.0,-0.02107,0.82021,-0.21367,2.31889,1,0
luke4:item24:mcq,uw-174393-mcq,grammar,grammar,,llama 1b,-0.3442,mcq,4,6,6,0.3,0.0,-0.02107,0.82021,-0.21367,2.31889,1,0
luke4:item25:open,uw-174394-open,grammar,grammar,,llama 1b,-0.3442,open,4,6,6,0.3,0.0,-0.02107,0.82021,-0.21367,2.31889,1,0
luke4:item26:mcq,uw-174394-mcq,grammar,grammar,,llama 1b,-0.3442,mcq,4,6,6,0.3,0.0,-0.02107,0.82021,-0.21367,2.31889,1,0
luke4:item28:mcq,uw-174395-mcq,grammar,grammar,,llama 1b,-0.3442,mcq,4,6,6,0.3,0.0,-0.02107,0.82021,-0.21367,2.31889,1,0
luke4:item34:mcq,uw-174397-mcq,grammar,grammar,,llama 1b,-0.3442,mcq,4,6,6,0.3,0.0,-0.02107,0.82021,-0.21367,2.31889,1,0
luke4:item3:open,uw-174378-open,grammar,grammar,,llama 1b,-0.3442,open,4,6,6,0.3,0.0,-0.02107,0.82021,-0.21367,2.31889,1,0
luke4:item42:mcq,uw-174396-mcq,grammar,grammar,,llama 1b,-0.3442,mcq,4,6,6,0.3,0.0,-0.02107,0.82021,-0.21367,2.31889,1,0
luke4:item4:mcq,uw-174378-mcq,grammar,grammar,,llama 1b,-0.3442,mcq,4,6,6,0.3,0.0,-0.02107,0.82021,-0.21367,2.31889,1,0
luke4:item5:open,uw-174379-open,grammar,grammar,,llama 1b,-0.3442,open,4,6,6,0.3,0.0,-0.02107,0.82021,-0.21367,2.31889,1,0
luke4:item8:mcq,uw-174380-mcq,grammar,grammar,,llama 1b,-0.3442,mcq,4,6,6,0.3,0.0,-0.02107,0.82021,-0.21367,2.31889,1,0
luke5:item12:mcq,uw-174404-mcq,grammar,grammar,,llama 1b,-0.3442,mcq,5,6,6,0.3,0.0,-0.02107,0.82021,-0.21367,2.31889,1,0
luke5:item13:open,uw-174406-open,grammar,grammar,,llama 1b,-0.3442,open,5,6,6,0.3,0.0,-0.02107,0.82021,-0.21367,2.31889,1,0
luke5:item16:mcq,uw-174407-mcq,grammar,grammar,,llama 1b,-0.3442,mcq,5,6,6,0.3,0.0,-0.02107,0.82021,-0.21367,2.31889,1,0
luke5:item18:mcq,uw-174408-mcq,grammar,grammar,,llama 1b,-0.3442,mcq,5,6,6,0.3,0.0,-0.02107,0.82021,-0.21367,2.31889,1,0
luke5:item20:mcq,uw-174409-mcq,grammar,grammar,,llama 1b,-0.3442,mcq,5,6,6,0.3,0.0,-0.02107,0.82021,-0.21367,2.31889,1,0
luke5:item22:mcq,uw-174410-mcq,grammar,grammar,,llama 1b,-0.3442,mcq,5,6,6,0.3,0.0,-0.02107,0.82021,-0.21367,2.31889,1,0
luke5:item26:mcq,uw-174403-mcq,grammar,grammar,,llama 1b,-0.3442,mcq,5,6,6,0.3,0.0,-0.02107,0.82021,-0.21367,2.31889,1,0
luke5:item4:mcq,uw-174401-mcq,grammar,grammar,,llama 1b,-0.3442,mcq,5,6,6,0.3,0.0,-0.02107,0.82021,-0.21367,2.31889,1,0
luke6:item12:mcq,uw-174424-mcq,grammar,grammar,,llama 1b,-0.3442,mcq,6,6,6,0.3,0.0,-0.02107,0.82021,-0.21367,2.31889,1,0
luke6:item14:mcq,uw-174427-mcq,grammar,grammar,,llama 1b,-0.3442,mcq,6,6,6,0.3,0.0,-0.02107,0.82021,-0.21367,2.31889,1,0
luke6:item2:mcq,uw-174414-mcq,grammar,grammar,,llama 1b,-0.3442,mcq,6,6,6,0.3,0.0,-0.02107,0.82021,-0.21367,2.31889,1,0
luke6:item3:open,uw-174415-open,grammar,grammar,,llama 1b,-0.3442,open,6,6,6,0.3,0.0,-0.02107,0.82021,-0.21367,2.31889,1,0
luke6:item7:open,uw-174422-open,grammar,grammar,,llama 1b,-0.3442,open,6,6,6,0.3,0.0,-0.02107,0.82021,-0.21367,2.31889,1,0
luke6:item8:mcq,uw-174422-mcq,grammar,grammar,,llama 1b,-0.3442,mcq,6,6,6,0.3,0.0,-0.02107,0.82021,-0.21367,2.31889,1,0
luke7:item16:mcq,uw-174441-mcq,grammar,grammar,,llama 1b,-0.3442,mcq,7,6,6,0.3,0.0,-0.02107,0.82021,-0.21367,2.31889,1,0
luke7:item2:mcq,uw-174429-mcq,grammar,grammar,,llama 1b,-0.3442,mcq,7,6,6,0.3,0.0,-0.02107,0.82021,-0.21367,2.31889,1,0
luke8:item10:mcq,uw-174448-mcq,grammar,grammar,,llama 1b,-0.3442,mcq,8,6,6,0.3,0.0,-0.02107,0.82021,-0.21367,2.31889,1,0
luke8:item12:mcq,uw-174449-mcq,grammar,grammar,,llama 1b,-0.3442,mcq,8,6,6,0.3,0.0,-0.02107,0.82021,-0.21367,2.31889,1,0
luke8:item18:mcq,uw-174455-mcq,grammar,grammar,,llama 1b,-0.3442,mcq,8,6,6,0.3,0.0,-0.02107,0.82021,-0.21367,2.31889,1,0
luke8:item7:open,uw-174447-open,grammar,grammar,,llama 1b,-0.3442,open,8,6,6,0.3,0.0,-0.02107,0.82021,-0.21367,2.31889,1,0
luke8:item8:mcq,uw-174447-mcq,grammar,grammar,,llama 1b,-0.3442,mcq,8,6,6,0.3,0.0,-0.02107,0.82021,-0.21367,2.31889,1,0
luke4:item13:open,uw-174384-open,grammar,grammar,,llama 1b,-0.3442,open,4,6,6,0.3,0.11806,-0.04707,0.63773,-0.47733,0.31213,1,1
luke4:item23:open,uw-174393-open,grammar,grammar,,llama 1b,-0.3442,open,4,6,6,0.3,0.11806,-0.04707,0.63773,-0.47733,0.31213,1,1
luke2:item10:mcq,uw-174351-mcq,grammar,grammar,,llama 1b,-0.3442,mcq,2,6,6,0.3,0.13889,-0.09751,0.69646,-0.98893,-1.23779,1,1
luke4:item39:open,uw-174399-open,grammar,grammar,,llama 1b,-0.3442,open,4,6,6,0.3,0.05556,-0.09751,0.69646,-0.98893,-1.23779,1,1
luke5:item6:mcq,uw-174402-mcq,grammar,grammar,,llama 1b,-0.3442,mcq,5,6,6,0.3,0.13889,-0.09751,0.69646,-0.98893,-1.23779,1,1
luke5:item15:open,uw-174407-open,grammar,grammar,,llama 1b,-0.3442,open,5,6,6,0.3,0.05556,-0.15438,0.6466,-1.56567,-0.56211,1,1
luke5:item17:open,uw-174408-open,grammar,grammar,,llama 1b,-0.3442,open,5,6,6,0.3,0.22222,-0.15438,0.6466,-1.56567,-0.56211,1,1
luke6:item1:open,uw-174414-open,grammar,grammar,,llama 1b,-0.3442,open,6,6,6,0.3,0.03472,-0.18363,0.63742,-1.86234,-0.26462,1,1
luke1:item9:open,uw-174323-open,grammar,grammar,,llama 1b,-0.3442,open,1,6,6,0.3,0.13889,-0.18599,0.71437,-1.88624,1.30965,1,1
luke2:item7:open,uw-174350-open,grammar,grammar,,llama 1b,-0.3442,open,2,6,6,0.3,0.03472,-0.20301,0.73913,-2.05893,-1.67202,1,1
luke4:item11:open,uw-174382-open,grammar,grammar,,llama 1b,-0.3442,open,4,6,6,0.3,0.03472,-0.20301,0.73913,-2.05893,-1.67202,1,1
luke4:item19:open,uw-174389-open,grammar,grammar,,llama 1b,-0.3442,open,4,6,6,0.3,0.03472,-0.20301,0.73913,-2.05893,-1.67202,1,1
luke5:item5:open,uw-174402-open,grammar,grammar,,llama 1b,-0.3442,open,5,6,6,0.3,0.03472,-0.20301,0.73913,-2.05893,-1.67202,1,1
luke6:item5:open,uw-174421-open,grammar,grammar,,llama 1b,-0.3442,open,6,6,6,0.3,0.03472,-0.20301,0.73913,-2.05893,-1.67202,1,1
luke6:item16:mcq,uw-174428-mcq,grammar,grammar,,llama 1b,-0.3442,mcq,6,6,6,0.3,0.25,-0.21647,0.63715,-2.19545,0.0246,1,1
luke2:item21:open,uw-174361-open,grammar,grammar,,llama 1b,-0.3442,open,2,6,6,0.3,0.05556,-0.2607,0.64887,-2.64396,-0.5669,1,1
luke5:item25:open,uw-174403-open,grammar,grammar,,llama 1b,-0.3442,open,5,6,6,0.3,0.03472,-0.26208,0.76709,-2.65796,1.76089,1,1
luke7:item15:open,uw-174441-open,grammar,grammar,,llama 1b,-0.3442,open,7,6,6,0.3,0.11806,-0.2872,0.64119,-2.91275,-0.26691,1,1
luke1:item18:mcq,uw-174328-mcq,grammar,grammar,,llama 1b,-0.3442,mcq,1,6,6,0.3,0.13889,-0.34305,0.69682,-3.47912,-1.26135,1,1
luke2:item22:mcq,uw-174361-mcq,grammar,grammar,,llama 1b,-0.3442,mcq,2,6,6,0.3,0.13889,-0.34305,0.69682,-3.47912,-1.26135,1,1
luke4:item44:mcq,uw-174398-mcq,grammar,grammar,,llama 1b,-0.3442,mcq,4,6,6,0.3,0.13889,-0.34305,0.69682,-3.47912,-1.26135,1,1
luke7:item13:open,uw-174440-open,grammar,grammar,,llama 1b,-0.3442,open,7,6,6,0.3,0.03472,-0.36226,0.65276,-3.67394,0.32155,1,1
luke3:item6:mcq,uw-174367-mcq,grammar,grammar,,llama 1b,-0.3442,mcq,3,6,6,0.3,0.22222,-0.36811,0.65325,-3.73336,-0.57393,1,1
luke1:item31:open,uw-174336-open,grammar,grammar,,llama 1b,-0.3442,open,1,6,6,0.3,0.08333,-0.42602,0.64986,-4.32067,0.02683,1,1
luke6:item6:mcq,uw-174421-mcq,grammar,grammar,,llama 1b,-0.3442,mcq,6,6,6,0.3,0.13889,-0.45144,0.73394,-4.57842,1.34745,1,1
luke2:item13:open,uw-174354-open,grammar,grammar,,llama 1b,-0.3442,open,2,6,6,0.3,0.05556,-0.46674,0.70051,-4.73363,-1.28259,1,1
luke5:item23:open,uw-174412-open,grammar,grammar,,llama 1b,-0.3442,open,5,6,6,0.3,0.05556,-0.47733,0.65973,-4.84099,-0.58311,1,1
luke1:item1:open,uw-174316-open,grammar,grammar,,llama 1b,-0.3442,open,1,6,6,0.3,0.03472,-0.47989,0.74031,-4.86702,-1.72049,1,1
luke1:item29:open,uw-174335-open,grammar,grammar,,llama 1b,-0.3442,open,1,6,6,0.3,0.03472,-0.47989,0.74031,-4.86702,-1.72049,1,1
luke7:item18:mcq,uw-174442-mcq,grammar,grammar,,llama 1b,-0.3442,mcq,7,6,6,0.3,0.22222,-0.53362,0.6837,-5.41188,0.64825,1,1
luke2:item9:open,uw-174351-open,grammar,grammar,,llama 1b,-0.3442,open,2,6,6,0.3,0.16667,-0.5346,0.65928,-5.42187,0.029,1,1
luke6:item15:open,uw-174428-open,grammar,grammar,,llama 1b,-0.3442,open,6,6,6,0.3,0.16667,-0.5346,0.65928,-5.42187,0.029,1,1
luke2:item19:open,uw-174359-open,grammar,grammar,,llama 1b,-0.3442,open,2,6,6,0.3,0.0625,-0.58283,0.68176,-5.91094,-0.93185,1,1
luke6:item9:open,uw-174423-open,grammar,grammar,,llama 1b,-0.3442,open,6,6,6,0.3,0.11806,-0.58464,0.67301,-5.92935,0.33777,1,1
luke1:item23:open,uw-174331-open,grammar,grammar,,llama 1b,-0.3442,open,1,6,6,0.3,0.0625,-0.61799,0.7163,-6.26757,1.0032,1,1
luke8:item2:mcq,uw-174444-mcq,grammar,grammar,,llama 1b,-0.3442,mcq,8,6,6,0.3,0.25,-0.64668,0.67076,-6.55854,0.03211,1,1
luke5:item3:open,uw-174401-open,grammar,grammar,,llama 1b,-0.3442,open,5,6,6,0.3,0.14583,-0.75065,0.73058,-7.613,1.03427,1,1
luke5:item1:open,uw-174400-open,grammar,grammar,,llama 1b,-0.3442,open,5,6,6,0.3,0.22222,-0.82314,0.69185,-8.3482,-0.62271,1,1
luke2:item5:open,uw-174349-open,grammar,grammar,,llama 1b,-0.3442,open,2,6,6,0.3,0.13889,-0.85123,0.72441,-8.6331,-1.38275,1,1
luke7:item3:open,uw-174430-open,grammar,grammar,,llama 1b,-0.3442,open,7,6,6,0.3,0.13889,-0.85123,0.72441,-8.6331,-1.38275,1,1
luke4:item43:open,uw-174398-open,grammar,grammar,,llama 1b,-0.3442,open,4,6,6,0.3,0.16667,-0.88438,0.69974,-8.96925,0.04183,1,1
luke1:item26:mcq,uw-174332-mcq,grammar,grammar,,llama 1b,-0.3442,mcq,1,6,6,0.3,0.22222,-1.04837,0.74452,-10.63241,0.74891,1,1
luke4:item22:mcq,uw-174392-mcq,grammar,grammar,,llama 1b,-0.3442,mcq,4,6,6,0.3,0.22222,-1.07669,0.72355,-10.91959,-0.65841,1,1
luke4:item9:open,uw-174381-open,grammar,grammar,,llama 1b,-0.3442,open,4,6,6,0.3,0.22222,-1.07669,0.72355,-10.91959,-0.65841,1,1
luke7:item10:mcq,uw-174434-mcq,grammar,grammar,,llama 1b,-0.3442,mcq,7,6,6,0.3,0.22222,-1.07669,0.72355,-10.91959,-0.65841,1,1
luke6:item10:mcq,uw-174423-mcq,grammar,grammar,,llama 1b,-0.3442,mcq,6,6,6,0.3,0.25,-1.14532,0.73583,-11.61564,0.0572,1,1
luke1:item21:open,uw-174330-open,inconsistency:name,inconsistency,name,1.7b,1.1343,open,1,5,5,0.2,0.24,1.03223,0.75046,14.59798,0.68377,1,1
luke4:item21:open,uw-174392-open,inconsistency:name,inconsistency,name,1.7b,1.1343,open,4,5,5,0.2,0.24,1.03223,0.75046,14.59798,0.68377,1,1
luke4:item43:open,uw-174398-open,inconsistency:name,inconsistency,name,1.7b,1.1343,open,4,5,5,0.2,0.24,1.03223,0.75046,14.59798,0.68377,1,1
luke5:item12:mcq,uw-174404-mcq,inconsistency:name,inconsistency,name,1.7b,1.1343,mcq,5,5,5,0.2,0.24,1.03223,0.75046,14.59798,0.68377,1,1
luke5:item15:open,uw-174407-open,inconsistency:name,inconsistency,name,1.7b,1.1343,open,5,5,5,0.2,0.24,1.03223,0.75046,14.59798,0.68377,1,1
luke7:item4:mcq,uw-174430-mcq,inconsistency:name,inconsistency,name,1.7b,1.1343,mcq,7,5,5,0.2,0.24,1.03223,0.75046,14.59798,0.68377,1,1
luke5:item7:open,uw-174403-open,inconsistency:name,inconsistency,name,1.7b,1.1343,open,5,5,5,0.2,0.24,0.98793,0.73413,13.97145,-0.12802,1,1
luke8:item7:open,uw-174447-open,inconsistency:style,inconsistency,style,1.7b,1.1343,open,8,5,5,0.2,0.24,0.95164,0.72993,13.45828,-0.12856,1,1
luke1:item18:mcq,uw-174328-mcq,inconsistency:name,inconsistency,name,1.7b,1.1343,mcq,1,5,5,0.2,0.16,0.7823,0.77747,11.06343,1.51079,1,1
luke1:item23:open,uw-174331-open,inconsistency:name,inconsistency,name,1.7b,1.1343,open,1,5,5,0.2,0.16,0.7823,0.77747,11.06343,1.51079,1,1
luke1:item31:open,uw-174336-open,inconsistency:name,inconsistency,name,1.7b,1.1343,open,1,5,5,0.2,0.16,0.7823,0.77747,11.06343,1.51079,1,1
luke1:item40:mcq,uw-174342-mcq,inconsistency:name,inconsistency,name,1.7b,1.1343,mcq,1,5,5,0.2,0.16,0.7823,0.77747,11.06343,1.51079,1,1
luke2:item19:open,uw-174359-open,inconsistency:name,inconsistency,name,1.7b,1.1343,open,2,5,5,0.2,0.16,0.7823,0.77747,11.06343,1.51079,1,1
luke5:item9:open,uw-174403-open,inconsistency:name,inconsistency,name,1.7b,1.1343,open,5,5,5,0.2,0.16,0.7823,0.77747,11.06343,1.51079,1,1
luke7:item6:mcq,uw-174431-mcq,inconsistency:name,inconsistency,name,1.7b,1.1343,mcq,7,5,5,0.2,0.16,0.7823,0.77747,11.06343,1.51079,1,1
luke1:item18:mcq,uw-174328-mcq,inconsistency:style,inconsistency,style,1.7b,1.1343,mcq,1,5,5,0.2,0.16,0.74102,0.77435,10.47963,1.49544,1,1
luke1:item31:open,uw-174336-open,inconsistency:style,inconsistency,style,1.7b,1.1343,open,1,5,5,0.2,0.16,0.74102,0.77435,10.47963,1.49544,1,1
luke4:item11:open,uw-174382-open,inconsistency:name,inconsistency,name,1.7b,1.1343,open,4,5,5,0.2,0.16,0.68321,0.72764,9.66205,-0.87857,1,1
luke2:item19:open,uw-174359-open,inconsistency:style,inconsistency,style,1.7b,1.1343,open,2,5,5,0.2,0.16,0.6477,0.72478,9.1598,-0.87371,1,1
luke2:item5:open,uw-174349-open,inconsistency:style,inconsistency,style,1.7b,1.1343,open,2,5,5,0.2,0.16,0.6477,0.72478,9.1598,-0.87371,1,1
luke8:item15:open,uw-174454-open,inconsistency:style,inconsistency,style,1.7b,1.1343,open,8,5,5,0.2,0.16,0.6477,0.72478,9.1598,-0.87371,1,1
luke1:item27:open,uw-174333-open,inconsistency:name,inconsistency,name,1.7b,1.1343,open,1,5,5,0.2,0.24,0.62727,0.69647,8.871,-0.11626,1,1
luke8:item15:open,uw-174454-open,inconsistency:name,inconsistency,name,1.7b,1.1343,open,8,5,5,0.2,0.24,0.62727,0.69647,8.871,-0.11626,1,1
luke7:item9:open,uw-174434-open,inconsistency:style,inconsistency,style,1.7b,1.1343,open,7,5,5,0.2,0.24,0.62065,0.70921,8.77738,0.61249,1,1
luke1:item19:open,uw-174329-open,inconsistency:style,inconsistency,style,1.7b,1.1343,open,1,5,5,0.2,0.16,0.33093,0.75106,4.68,1.40108,1,1
luke4:item23:open,uw-174393-open,inconsistency:style,inconsistency,style,1.7b,1.1343,open,4,5,5,0.2,0.16,0.33093,0.75106,4.68,1.40108,1,1
luke1:item19:open,uw-174329-open,inconsistency:name,inconsistency,name,1.7b,1.1343,open,1,5,5,0.2,0.24,0.30939,0.68874,4.37539,0.58248,1,1
luke4:item5:open,uw-174379-open,inconsistency:name,inconsistency,name,1.7b,1.1343,open,4,5,5,0.2,0.24,0.30939,0.68874,4.37539,0.58248,1,1
luke1:item34:mcq,uw-174339-mcq,inconsistency:name,inconsistency,name,1.7b,1.1343,mcq,1,5,5,0.2,0.24,0.29647,0.67403,4.19274,-0.10966,1,1
luke5:item5:open,uw-174402-open,inconsistency:style,inconsistency,style,1.7b,1.1343,open,5,5,5,0.2,0.16,0.28915,0.702,4.08923,-0.82353,1,1
luke6:item9:open,uw-174423-open,inconsistency:style,inconsistency,style,1.7b,1.1343,open,6,5,5,0.2,0.16,0.28915,0.702,4.08923,-0.82353,1,1
luke7:item3:open,uw-174430-open,inconsistency:style,inconsistency,style,1.7b,1.1343,open,7,5,5,0.2,0.16,0.28915,0.702,4.08923,-0.82353,1,1
luke1:item10:mcq,uw-174323-mcq,inconsistency:style,inconsistency,style,1.7b,1.1343,mcq,1,5,5,0.2,0.24,0.27722,0.68724,3.92042,0.57859,1,1
luke1:item23:open,uw-174331-open,inconsistency:style,inconsistency,style,1.7b,1.1343,open,1,5,5,0.2,0.24,0.27722,0.68724,3.92042,0.57859,1,1
luke1:item4:mcq,uw-174317-mcq,inconsistency:name,inconsistency,name,1.7b,1.1343,mcq,1,5,5,0.2,0.24,-0.02032,0.66724,-0.28736,-0.10771,1,1
luke2:item13:open,uw-174354-open,inconsistency:name,inconsistency,name,1.7b,1.1343,open,2,5,5,0.2,0.24,-0.0212,0.68152,-0.29979,0.57167,1,1
luke4:item33:open,uw-174397-open,inconsistency:name,inconsistency,name,1.7b,1.1343,open,4,5,5,0.2,0.24,-0.0212,0.68152,-0.29979,0.57167,1,1
luke5:item21:open,uw-174410-open,inconsistency:name,inconsistency,name,1.7b,1.1343,open,5,5,5,0.2,0.16,-0.02209,0.69576,-0.31245,-0.80884,1,1
luke7:item3:open,uw-174430-open,inconsistency:name,inconsistency,name,1.7b,1.1343,open,7,5,5,0.2,0.16,-0.02209,0.69576,-0.31245,-0.80884,1,1
luke4:item25:open,uw-174394-open,inconsistency:name,inconsistency,name,1.7b,1.1343,open,4,5,5,0.2,0.16,-0.02531,0.74464,-0.35789,1.37884,1,1
luke6:item3:open,uw-174415-open,inconsistency:name,inconsistency,name,1.7b,1.1343,open,6,5,5,0.2,0.16,-0.02531,0.74464,-0.35789,1.37884,1,1
luke1:item15:open,uw-174326-open,inconsistency:name,inconsistency,name,1.7b,1.1343,open,1,5,5,0.2,0.0,-0.02769,0.77886,-0.39154,-1.7099,1,0
luke1:item37:open,uw-174341-open,inconsistency:name,inconsistency,name,1.7b,1.1343,open,1,5,5,0.2,0.0,-0.02769,0.77886,-0.39154,-1.7099,1,0
luke2:item22:mcq,uw-174361-mcq,inconsistency:name,inconsistency,name,1.7b,1.1343,mcq,2,5,5,0.2,0.0,-0.02769,0.77886,-0.39154,-1.7099,1,0
luke2:item3:open,uw-174347-open,inconsistency:name,inconsistency,name,1.7b,1.1343,open,2,5,5,0.2,0.0,-0.02769,0.77886,-0.39154,-1.7099,1,0
luke4:item12:mcq,uw-174382-mcq,inconsistency:name,inconsistency,name,1.7b,1.1343,mcq,4,5,5,0.2,0.0,-0.02769,0.77886,-0.39154,-1.7099,1,0
luke4:item18:mcq,uw-174388-mcq,inconsistency:name,inconsistency,name,1.7b,1.1343,mcq,4,5,5,0.2,0.0,-0.02769,0.77886,-0.39154,-1.7099,1,0
luke4:item20:mcq,uw-174389-mcq,inconsistency:name,inconsistency,name,1.7b,1.1343,mcq,4,5,5,0.2,0.0,-0.02769,0.77886,-0.39154,-1.7099,1,0
luke5:item11:open,uw-174404-open,inconsistency:name,inconsistency,name,1.7b,1.1343,open,5,5,5,0.2,0.0,-0.02769,0.77886,-0.39154,-1.7099,1,0
luke5:item3:open,uw-174401-open,inconsistency:name,inconsistency,name,1.7b,1.1343,open,5,5,5,0.2,0.0,-0.02769,0.77886,-0.39154,-1.7099,1,0
luke6:item5:open,uw-174421-open,inconsistency:name,inconsistency,name,1.7b,1.1343,open,6,5,5,0.2,0.0,-0.02769,0.77886,-0.39154,-1.7099,1,0
luke6:item9:open,uw-174423-open,inconsistency:name,inconsistency,name,1.7b,1.1343,open,6,5,5,0.2,0.0,-0.02769,0.77886,-0.39154,-1.7099,1,0
luke7:item5:open,uw-174431-open,inconsistency:name,inconsistency,name,1.7b,1.1343,open,7,5,5,0.2,0.0,-0.02769,0.77886,-0.39154,-1.7099,1,0
luke7:item8:mcq,uw-174432-mcq,inconsistency:name,inconsistency,name,1.7b,1.1343,mcq,7,5,5,0.2,0.0,-0.02769,0.77886,-0.39154,-1.7099,1,0
luke8:item11:open,uw-174449-open,inconsistency:name,inconsistency,name,1.7b,1.1343,open,8,5,5,0.2,0.0,-0.02769,0.77886,-0.39154,-1.7099,1,0
luke8:item17:open,uw-174455-open,inconsistency:name,inconsistency,name,1.7b,1.1343,open,8,5,5,0.2,0.0,-0.02769,0.77886,-0.39154,-1.7099,1,0
luke1:item10:mcq,uw-174323-mcq,inconsistency:name,inconsistency,name,1.7b,1.1343,mcq,1,5,5,0.2,0.0,-0.03497,0.87529,-0.49452,2.66112,1,0
luke1:item13:open,uw-174325-open,inconsistency:name,inconsistency,name,1.7b,1.1343,open,1,5,5,0.2,0.0,-0.03497,0.87529,-0.49452,2.66112,1,0
luke1:item14:mcq,uw-174325-mcq,inconsistency:name,inconsistency,name,1.7b,1.1343,mcq,1,5,5,0.2,0.0,-0.03497,0.87529,-0.49452,2.66112,1,0
luke1:item16:mcq,uw-174326-mcq,inconsistency:name,inconsistency,name,1.7b,1.1343,mcq,1,5,5,0.2,0.0,-0.03497,0.87529,-0.49452,2.66112,1,0
luke1:item1:open,uw-174316-open,inconsistency:name,inconsistency,name,1.7b,1.1343,open,1,5,5,0.2,0.0,-0.03497,0.87529,-0.49452,2.66112,1,0
luke1:item20:mcq,uw-174329-mcq,inconsistency:name,inconsistency,name,1.7b,1.1343,mcq,1,5,5,0.2,0.0,-0.03497,0.87529,-0.49452,2.66112,1,0
luke1:item22:mcq,uw-174330-mcq,inconsistency:name,inconsistency,name,1.7b,1.1343,mcq,1,5,5,0.2,0.0,-0.03497,0.87529,-0.49452,2.66112,1,0
luke1:item24:mcq,uw-174331-mcq,inconsistency:name,inconsistency,name,1.7b,1.1343,mcq,1,5,5,0.2,0.0,-0.03497,0.87529,-0.49452,2.66112,1,0
luke1:item28:mcq,uw-174333-mcq,inconsistency:name,inconsistency,name,1.7b,1.1343,mcq,1,5,5,0.2,0.0,-0.03497,0.87529,-0.49452,2.66112,1,0
luke1:item29:open,uw-174335-open,inconsistency:name,inconsistency,name,1.7b,1.1343,open,1,5,5,0.2,0.0,-0.03497,0.87529,-0.49452,2.66112,1,0
luke1:item2:mcq,uw-174316-mcq,inconsistency:name,inconsistency,name,1.7b,1.1343,mcq,1,5,5,0.2,0.0,-0.03497,0.87529,-0.49452,2.66112,1,0
luke1:item30:mcq,uw-174335-mcq,inconsistency:name,inconsistency,name,1.7b,1.1343,mcq,1,5,5,0.2,0.0,-0.03497,0.87529,-0.49452,2.66112,1,0
luke1:item35:open,uw-174340-open,inconsistency:name,inconsistency,name,1.7b,1.1343,open,1,5,5,0.2,0.0,-0.03497,0.87529,-0.49452,2.66112,1,0
luke1:item36:mcq,uw-174340-mcq,inconsistency:name,inconsistency,name,1.7b,1.1343,mcq,1,5,5,0.2,0.0,-0.03497,0.87529,-0.49452,2.66112,1,0
luke1:item38:mcq,uw-174341-mcq,inconsistency:name,inconsistency,name,1.7b,1.1343,mcq,1,5,5,0.2,0.0,-0.03497,0.87529,-0.49452,2.66112,1,0
luke1:item39:open,uw-174342-open,inconsistency:name,inconsistency,name,1.7b,1.1343,open,1,5,5,0.2,0.0,-0.03497,0.87529,-0.49452,2.66112,1,0
luke1:item3:open,uw-174317-open,inconsistency:name,inconsistency,name,1.7b,1.1343,open,1,5,5,0.2,0.0,-0.03497,0.87529,-0.49452,2.66112,1,0
luke1:item42:mcq,uw-174343-mcq,inconsistency:name,inconsistency,name,1.7b,1.1343,mcq,1,5,5,0.2,0.0,-0.03497,0.87529,-0.49452,2.66112,1,0
luke1:item43:open,uw-174344-open,inconsistency:name,inconsistency,name,1.7b,1.1343,open,1,5,5,0.2,0.0,-0.03497,0.87529,-0.49452,2.66112,1,0
luke1:item44:mcq,uw-174344-mcq,inconsistency:name,inconsistency,name,1.7b,1.1343,mcq,1,5,5,0.2,0.0,-0.03497,0.87529,-0.49452,2.66112,1,0
luke1:item5:open,uw-174318-open,inconsistency:name,inconsistency,name,1.7b,1.1343,open,1,5,5,0.2,0.0,-0.03497,0.87529,-0.49452,2.66112,1,0
luke1:item6:mcq,uw-174318-mcq,inconsistency:name,inconsistency,name,1.7b,1.1343,mcq,1,5,5,0.2,0.0,-0.03497,0.87529,-0.49452,2.66112,1,0
luke1:item7:open,uw-174322-open,inconsistency:name,inconsistency,name,1.7b,1.1343,open,1,5,5,0.2,0.0,-0.03497,0.87529,-0.49452,2.66112,1,0
luke1:item8:mcq,uw-174322-mcq,inconsistency:name,inconsistency,name,1.7b,1.1343,mcq,1,5,5,0.2,0.0,-0.03497,0.87529,-0.49452,2.66112,1,0
luke2:item10:mcq,uw-174351-mcq,inconsistency:name,inconsistency,name,1.7b,1.1343,mcq,2,5,5,0.2,0.0,-0.03497,0.87529,-0.49452,2.66112,1,0
luke2:item12:mcq,uw-174352-mcq,inconsistency:name,inconsistency,name,1.7b,1.1343,mcq,2,5,5,0.2,0.0,-0.03497,0.87529,-0.49452,2.66112,1,0
luke2:item14:mcq,uw-174354-mcq,inconsistency:name,inconsistency,name,1.7b,1.1343,mcq,2,5,5,0.2,0.0,-0.03497,0.87529,-0.49452,2.66112,1,0
luke2:item15:open,uw-174355-open,inconsistency:name,inconsistency,name,1.7b,1.1343,open,2,5,5,0.2,0.0,-0.03497,0.87529,-0.49452,2.66112,1,0
luke2:item16:mcq,uw-174355-mcq,inconsistency:name,inconsistency,name,1.7b,1.1343,mcq,2,5,5,0.2,0.0,-0.03497,0.87529,-0.49452,2.66112,1,0
luke2:item18:mcq,uw-174357-mcq,inconsistency:name,inconsistency,name,1.7b,1.1343,mcq,2,5,5,0.2,0.0,-0.03497,0.87529,-0.49452,2.66112,1,0
luke2:item1:open,uw-174346-open,inconsistency:name,inconsistency,name,1.7b,1.1343,open,2,5,5,0.2,0.0,-0.03497,0.87529,-0.49452,2.66112,1,0
luke2:item20:mcq,uw-174359-mcq,inconsistency:name,inconsistency,name,1.7b,1.1343,mcq,2,5,5,0.2,0.0,-0.03497,0.87529,-0.49452,2.66112,1,0
luke2:item21:open,uw-174361-open,inconsistency:name,inconsistency,name,1.7b,1.1343,open,2,5,5,0.2,0.0,-0.03497,0.87529,-0.49452,2.66112,1,0
luke2:item23:open,uw-174362-open,inconsistency:name,inconsistency,name,1.7b,1.1343,open,2,5,5,0.2,0.0,-0.03497,0.87529,-0.49452,2.66112,1,0
luke2:item24:mcq,uw-174362-mcq,inconsistency:name,inconsistency,name,1.7b,1.1343,mcq,2,5,5,0.2,0.0,-0.03497,0.87529,-0.49452,2.66112,1,0
luke2:item2:mcq,uw-174346-mcq,inconsistency:name,inconsistency,name,1.7b,1.1343,mcq,2,5,5,0.2,0.0,-0.03497,0.87529,-0.49452,2.66112,1,0
luke2:item4:mcq,uw-174347-mcq,inconsistency:name,inconsistency,name,1.7b,1.1343,mcq,2,5,5,0.2,0.0,-0.03497,0.87529,-0.49452,2.66112,1,0
luke2:item5:open,uw-174349-open,inconsistency:name,inconsistency,name,1.7b,1.1343,open,2,5,5,0.2,0.0,-0.03497,0.87529,-0.49452,2.66112,1,0
luke2:item6:mcq,uw-174349-mcq,inconsistency:name,inconsistency,name,1.7b,1.1343,mcq,2,5,5,0.2,0.0,-0.03497,0.87529,-0.49452,2.66112,1,0
luke2:item8:mcq,uw-174350-mcq,inconsistency:name,inconsistency,name,1.7b,1.1343,mcq,2,5,5,0.2,0.0,-0.03497,0.87529,-0.49452,2.66112,1,0
luke2:item9:open,uw-174351-open,inconsistency:name,inconsistency,name,1.7b,1.1343,open,2,5,5,0.2,0.0,-0.03497,0.87529,-0.49452,2.66112,1,0
luke4:item10:mcq,uw-174381-mcq,inconsistency:name,inconsistency,name,1.7b,1.1343,mcq,4,5,5,0.2,0.0,-0.03497,0.87529,-0.49452,2.66112,1,0
luke4:item13:open,uw-174384-open,inconsistency:name,inconsistency,name,1.7b,1.1343,open,4,5,5,0.2,0.0,-0.03497,0.87529,-0.49452,2.66112,1,0
luke4:item14:mcq,uw-174384-mcq,inconsistency:name,inconsistency,name,1.7b,1.1343,mcq,4,5,5,0.2,0.0,-0.03497,0.87529,-0.49452,2.66112,1,0
luke4:item16:mcq,uw-174387-mcq,inconsistency:name,inconsistency,name,1.7b,1.1343,mcq,4,5,5,0.2,0.0,-0.03497,0.87529,-0.49452,2.66112,1,0
luke4:item1:open,uw-174377-open,inconsistency:name,inconsistency,name,1.7b,1.1343,open,4,5,5,0.2,0.0,-0.03497,0.87529,-0.49452,2.66112,1,0
luke4:item22:mcq,uw-174392-mcq,inconsistency:name,inconsistency,name,1.7b,1.1343,mcq,4,5,5,0.2,0.0,-0.03497,0.87529,-0.49452,2.66112,1,0
luke4:item23:open,uw-174393-open,inconsistency:name,inconsistency,name,1.7b,1.1343,open,4,5,5,0.2,0.0,-0.03497,0.87529,-0.49452,2.66112,1,0
luke4:item24:mcq,uw-174393-mcq,inconsistency:name,inconsistency,name,1.7b,1.1343,mcq,4,5,5,0.2,0.0,-0.03497,0.87529,-0.49452,2.66112,1,0
luke4:item26:mcq,uw-174394-mcq,inconsistency:name,inconsistency,name,1.7b,1.1343,mcq,4,5,5,0.2,0.0,-0.03497,0.87529,-0.49452,2.66112,1,0
luke4:item27:open,uw-174395-open,inconsistency:name,inconsistency,name,1.7b,1.1343,open,4,5,5,0.2,0.0,-0.03497,0.87529,-0.49452,2.66112,1,0
luke4:item28:mcq,uw-174395-mcq,inconsistency:name,inconsistency,name,1.7b,1.1343,mcq,4,5,5,0.2,0.0,-0.03497,0.87529,-0.49452,2.66112,1,0
luke4:item29:open,uw-174396-open,inconsistency:name,inconsistency,name,1.7b,1.1343,open,4,5,5,0.2,0.0,-0.03497,0.87529,-0.49452,2.66112,1,0
luke4:item30:mcq,uw-174396-mcq,inconsistency:name,inconsistency,name,1.7b,1.1343,mcq,4,5,5,0.2,0.0,-0.03497,0.87529,-0.49452,2.66112,1,0
luke4:item31:open,uw-174396-open,inconsistency:name,inconsistency,name,1.7b,1.1343,open,4,5,5,0.2,0.0,-0.03497,0.87529,-0.49452,2.66112,1,0
luke4:item32:mcq,uw-174396-mcq,inconsistency:name,inconsistency,name,1.7b,1.1343,mcq,4,5,5,0.2,0.0,-0.03497,0.87529,-0.49452,2.66112,1,0
luke4:item34:mcq,uw-174397-mcq,inconsistency:name,inconsistency,name,1.7b,1.1343,mcq,4,5,5,0.2,0.0,-0.03497,0.87529,-0.49452,2.66112,1,0
luke4:item35:open,uw-174398-open,inconsistency:name,inconsistency,name,1.7b,1.1343,open,4,5,5,0.2,0.0,-0.03497,0.87529,-0.49452,2.66112,1,0
luke4:item39:open,uw-174399-open,inconsistency:name,inconsistency,name,1.7b,1.1343,open,4,5,5,0.2,0.0,-0.03497,0.87529,-0.49452,2.66112,1,0
luke4:item3:open,uw-174378-open,inconsistency:name,inconsistency,name,1.7b,1.1343,open,4,5,5,0.2,0.0,-0.03497,0.87529,-0.49452,2.66112,1,0
luke4:item40:mcq,uw-174399-mcq,inconsistency:name,inconsistency,name,1.7b,1.1343,mcq,4,5,5,0.2,0.0,-0.03497,0.87529,-0.49452,2.66112,1,0
luke4:item41:open,uw-174396-open,inconsistency:name,inconsistency,name,1.7b,1.1343,open,4,5,5,0.2,0.0,-0.03497,0.87529,-0.49452,2.66112,1,0
luke4:item42:mcq,uw-174396-mcq,inconsistency:name,inconsistency,name,1.7b,1.1343,mcq,4,5,5,0.2,0.0,-0.03497,0.87529,-0.49452,2.66112,1,0
luke4:item4:mcq,uw-174378-mcq,inconsistency:name,inconsistency,name,1.7b,1.1343,mcq,4,5,5,0.2,0.0,-0.03497,0.87529,-0.49452,2.66112,1,0
luke4:item6:mcq,uw-174379-mcq,inconsistency:name,inconsistency,name,1.7b,1.1343,mcq,4,5,5,0.2,0.0,-0.03497,0.87529,-0.49452,2.66112,1,0
luke4:item7:open,uw-174380-open,inconsistency:name,inconsistency,name,1.7b,1.1343,open,4,5,5,0.2,0.0,-0.03497,0.87529,-0.49452,2.66112,1,0
luke4:item8:mcq,uw-174380-mcq,inconsistency:name,inconsistency,name,1.7b,1.1343,mcq,4,5,5,0.2,0.0,-0.03497,0.87529,-0.49452,2.66112,1,0
luke4:item9:open,uw-174381-open,inconsistency:name,inconsistency,name,1.7b,1.1343,open,4,5,5,0.2,0.0,-0.03497,0.87529,-0.49452,2.66112,1,0
luke5:item10:mcq,uw-174403-mcq,inconsistency:name,inconsistency,name,1.7b,1.1343,mcq,5,5,5,0.2,0.0,-0.03497,0.87529,-0.49452,2.66112,1,0
luke5:item14:mcq,uw-174406-mcq,inconsistency:name,inconsistency,name,1.7b,1.1343,mcq,5,5,5,0.2,0.0,-0.03497,0.87529,-0.49452,2.66112,1,0
luke5:item16:mcq,uw-174407-mcq,inconsistency:name,inconsistency,name,1.7b,1.1343,mcq,5,5,5,0.2,0.0,-0.03497,0.87529,-0.49452,2.66112,1,0
luke5:item17:open,uw-174408-open,inconsistency:name,inconsistency,name,1.7b,1.1343,open,5,5,5,0.2,0.0,-0.03497,0.87529,-0.49452,2.66112,1,0
luke5:item18:mcq,uw-174408-mcq,inconsistency:name,inconsistency,name,1.7b,1.1343,mcq,5,5,5,0.2,0.0,-0.03497,0.87529,-0.49452,2.66112,1,0
luke5:item19:open,uw-174409-open,inconsistency:name,inconsistency,name,1.7b,1.1343,open,5,5,5,0.2,0.0,-0.03497,0.87529,-0.49452,2.66112,1,0
luke5:item1:open,uw-174400-open,inconsistency:name,inconsistency,name,1.7b,1.1343,open,5,5,5,0.2,0.0,-0.03497,0.87529,-0.49452,2.66112,1,0
luke5:item20:mcq,uw-174409-mcq,inconsistency:name,inconsistency,name,1.7b,1.1343,mcq,5,5,5,0.2,0.0,-0.03497,0.87529,-0.49452,2.66112,1,0
luke5:item22:mcq,uw-174410-mcq,inconsistency:name,inconsistency,name,1.7b,1.1343,mcq,5,5,5,0.2,0.0,-0.03497,0.87529,-0.49452,2.66112,1,0
luke5:item23:open,uw-174412-open,inconsistency:name,inconsistency,name,1.7b,1.1343,open,5,5,5,0.2,0.0,-0.03497,0.87529,-0.49452,2.66112,1,0
luke5:item24:mcq,uw-174412-mcq,inconsistency:name,inconsistency,name,1.7b,1.1343,mcq,5,5,5,0.2,0.0,-0.03497,0.87529,-0.49452,2.66112,1,0
luke5:item25:open,uw-174403-open,inconsistency:name,inconsistency,name,1.7b,1.1343,open,5,5,5,0.2,0.0,-0.03497,0.87529,-0.49452,2.66112,1,0
luke5:item26:mcq,uw-174403-mcq,inconsistency:name,inconsistency,name,1.7b,1.1343,mcq,5,5,5,0.2,0.0,-0.03497,0.87529,-0.49452,2.66112,1,0
luke5:item2:mcq,uw-174400-mcq,inconsistency:name,inconsistency,name,1.7b,1.1343,mcq,5,5,5,0.2,0.0,-0.03497,0.87529,-0.49452,2.66112,1,0
luke5:item4:mcq,uw-174401-mcq,inconsistency:name,inconsistency,name,1.7b,1.1343,mcq,5,5,5,0.2,0.0,-0.03497,0.87529,-0.49452,2.66112,1,0
luke5:item6:mcq,uw-174402-mcq,inconsistency:name,inconsistency,name,1.7b,1.1343,mcq,5,5,5,0.2,0.0,-0.03497,0.87529,-0.49452,2.66112,1,0
luke5:item8:mcq,uw-174403-mcq,inconsistency:name,inconsistency,name,1.7b,1.1343,mcq,5,5,5,0.2,0.0,-0.03497,0.87529,-0.49452,2.66112,1,0
luke6:item10:mcq,uw-174423-mcq,inconsistency:name,inconsistency,name,1.7b,1.1343,mcq,6,5,5,0.2,0.0,-0.03497,0.87529,-0.49452,2.66112,1,0
luke6:item11:open,uw-174424-open,inconsistency:name,inconsistency,name,1.7b,1.1343,open,6,5,5,0.2,0.0,-0.03497,0.87529,-0.49452,2.66112,1,0
luke6:item12:mcq,uw-174424-mcq,inconsistency:name,inconsistency,name,1.7b,1.1343,mcq,6,5,5,0.2,0.0,-0.03497,0.87529,-0.49452,2.66112,1,0
luke6:item14:mcq,uw-174427-mcq,inconsistency:name,inconsistency,name,1.7b,1.1343,mcq,6,5,5,0.2,0.0,-0.03497,0.87529,-0.49452,2.66112,1,0
luke6:item15:open,uw-174428-open,inconsistency:name,inconsistency,name,1.7b,1.1343,open,6,5,5,0.2,0.0,-0.03497,0.87529,-0.49452,2.66112,1,0
luke6:item16:mcq,uw-174428-mcq,inconsistency:name,inconsistency,name,1.7b,1.1343,mcq,6,5,5,0.2,0.0,-0.03497,0.87529,-0.49452,2.66112,1,0
luke6:item1:open,uw-174414-open,inconsistency:name,inconsistency,name,1.7b,1.1343,open,6,5,5,0.2,0.0,-0.03497,0.87529,-0.49452,2.66112,1,0
luke6:item2:mcq,uw-174414-mcq,inconsistency:name,inconsistency,name,1.7b,1.1343,mcq,6,5,5,0.2,0.0,-0.03497,0.87529,-0.49452,2.66112,1,0
luke6:item4:mcq,uw-174415-mcq,inconsistency:name,inconsistency,name,1.7b,1.1343,mcq,6,5,5,0.2,0.0,-0.03497,0.87529,-0.49452,2.66112,1,0
luke6:item6:mcq,uw-174421-mcq,inconsistency:name,inconsistency,name,1.7b,1.1343,mcq,6,5,5,0.2,0.0,-0.03497,0.87529,-0.49452,2.66112,1,0
luke6:item7:open,uw-174422-open,inconsistency:name,inconsistency,name,1.7b,1.1343,open,6,5,5,0.2,0.0,-0.03497,0.87529,-0.49452,2.66112,1,0
luke6:item8:mcq,uw-174422-mcq,inconsistency:name,inconsistency,name,1.7b,1.1343,mcq,6,5,5,0.2,0.0,-0.03497,0.87529,-0.49452,2.66112,1,0
luke7:item10:mcq,uw-174434-mcq,inconsistency:name,inconsistency,name,1.7b,1.1343,mcq,7,5,5,0.2,0.0,-0.03497,0.87529,-0.49452,2.66112,1,0
luke7:item12:mcq,uw-174436-mcq,inconsistency:name,inconsistency,name,1.7b,1.1343,mcq,7,5,5,0.2,0.0,-0.03497,0.87529,-0.49452,2.66112,1,0
luke7:item13:open,uw-174440-open,inconsistency:name,inconsistency,name,1.7b,1.1343,open,7,5,5,0.2,0.0,-0.03497,0.87529,-0.49452,2.66112,1,0
luke7:item14:mcq,uw-174440-mcq,inconsistency:name,inconsistency,name,1.7b,1.1343,mcq,7,5,5,0.2,0.0,-0.03497,0.87529,-0.49452,2.66112,1,0
luke7:item16:mcq,uw-174441-mcq,inconsistency:name,inconsistency,name,1.7b,1.1343,mcq,7,5,5,0.2,0.0,-0.03497,0.87529,-0.49452,2.66112,1,0
luke7:item1:open,uw-174429-open,inconsistency:name,inconsistency,name,1.7b,1.1343,open,7,5,5,0.2,0.0,-0.03497,0.87529,-0.49452,2.66112,1,0
luke7:item2:mcq,uw-174429-mcq,inconsistency:name,inconsistency,name,1.7b,1.1343,mcq,7,5,5,0.2,0.0,-0.03497,0.87529,-0.49452,2.66112,1,0
luke7:item7:open,uw-174432-open,inconsistency:name,inconsistency,name,1.7b,1.1343,open,7,5,5,0.2,0.0,-0.03497,0.87529,-0.49452,2.66112,1,0
luke8:item10:mcq,uw-174448-mcq,inconsistency:name,inconsistency,name,1.7b,1.1343,mcq,8,5,5,0.2,0.0,-0.03497,0.87529,-0.49452,2.66112,1,0
luke8:item12:mcq,uw-174449-mcq,inconsistency:name,inconsistency,name,1.7b,1.1343,mcq,8,5,5,0.2,0.0,-0.03497,0.87529,-0.49452,2.66112,1,0
luke8:item14:mcq,uw-174452-mcq,inconsistency:name,inconsistency,name,1.7b,1.1343,mcq,8,5,5,0.2,0.0,-0.03497,0.87529,-0.49452,2.66112,1,0
luke8:item16:mcq,uw-174454-mcq,inconsistency:name,inconsistency,name,1.7b,1.1343,mcq,8,5,5,0.2,0.0,-0.03497,0.87529,-0.49452,2.66112,1,0
luke8:item18:mcq,uw-174455-mcq,inconsistency:name,inconsistency,name,1.7b,1.1343,mcq,8,5,5,0.2,0.0,-0.03497,0.87529,-0.49452,2.66112,1,0
luke8:item1:open,uw-174444-open,inconsistency:name,inconsistency,name,1.7b,1.1343,open,8,5,5,0.2,0.0,-0.03497,0.87529,-0.49452,2.66112,1,0
luke8:item2:mcq,uw-174444-mcq,inconsistency:name,inconsistency,name,1.7b,1.1343,mcq,8,5,5,0.2,0.0,-0.03497,0.87529,-0.49452,2.66112,1,0
luke8:item3:open,uw-174445-open,inconsistency:name,inconsistency,name,1.7b,1.1343,open,8,5,5,0.2,0.0,-0.03497,0.87529,-0.49452,2.66112,1,0
luke8:item4:mcq,uw-174445-mcq,inconsistency:name,inconsistency,name,1.7b,1.1343,mcq,8,5,5,0.2,0.0,-0.03497,0.87529,-0.49452,2.66112,1,0
luke8:item5:open,uw-174446-open,inconsistency:name,inconsistency,name,1.7b,1.1343,open,8,5,5,0.2,0.0,-0.03497,0.87529,-0.49452,2.66112,1,0
luke8:item6:mcq,uw-174446-mcq,inconsistency:name,inconsistency,name,1.7b,1.1343,mcq,8,5,5,0.2,0.0,-0.03497,0.87529,-0.49452,2.66112,1,0
luke8:item7:open,uw-174447-open,inconsistency:name,inconsistency,name,1.7b,1.1343,open,8,5,5,0.2,0.0,-0.03497,0.87529,-0.49452,2.66112,1,0
luke8:item8:mcq,uw-174447-mcq,inconsistency:name,inconsistency,name,1.7b,1.1343,mcq,8,5,5,0.2,0.0,-0.03497,0.87529,-0.49452,2.66112,1,0
luke8:item9:open,uw-174448-open,inconsistency:name,inconsistency,name,1.7b,1.1343,open,8,5,5,0.2,0.0,-0.03497,0.87529,-0.49452,2.66112,1,0
luke1:item1:open,uw-174316-open,inconsistency:style,inconsistency,style,1.7b,1.1343,open,1,5,5,0.2,0.24,-0.05052,0.66742,-0.71442,-0.10938,1,1
luke1:item21:open,uw-174330-open,inconsistency:style,inconsistency,style,1.7b,1.1343,open,1,5,5,0.2,0.24,-0.05052,0.66742,-0.71442,-0.10938,1,1
luke1:item37:open,uw-174341-open,inconsistency:style,inconsistency,style,1.7b,1.1343,open,1,5,5,0.2,0.0,-0.06888,0.77934,-0.97412,-1.7136,1,0
luke2:item22:mcq,uw-174361-mcq,inconsistency:style,inconsistency,style,1.7b,1.1343,mcq,2,5,5,0.2,0.0,-0.06888,0.77934,-0.97412,-1.7136,1,0
luke2:item3:open,uw-174347-open,inconsistency:style,inconsistency,style,1.7b,1.1343,open,2,5,5,0.2,0.0,-0.06888,0.77934,-0.97412,-1.7136,1,0
luke4:item12:mcq,uw-174382-mcq,inconsistency:style,inconsistency,style,1.7b,1.1343,mcq,4,5,5,0.2,0.0,-0.06888,0.77934,-0.97412,-1.7136,1,0
luke4:item17:open,uw-174388-open,inconsistency:style,inconsistency,style,1.7b,1.1343,open,4,5,5,0.2,0.0,-0.06888,0.77934,-0.97412,-1.7136,1,0
luke4:item20:mcq,uw-174389-mcq,inconsistency:style,inconsistency,style,1.7b,1.1343,mcq,4,5,5,0.2,0.0,-0.06888,0.77934,-0.97412,-1.7136,1,0
luke4:item2:mcq,uw-174377-mcq,inconsistency:style,inconsistency,style,1.7b,1.1343,mcq,4,5,5,0.2,0.0,-0.06888,0.77934,-0.97412,-1.7136,1,0
luke4:item36:mcq,uw-174398-mcq,inconsistency:style,inconsistency,style,1.7b,1.1343,mcq,4,5,5,0.2,0.0,-0.06888,0.77934,-0.97412,-1.7136,1,0
luke4:item38:mcq,uw-174398-mcq,inconsistency:style,inconsistency,style,1.7b,1.1343,mcq,4,5,5,0.2,0.0,-0.06888,0.77934,-0.97412,-1.7136,1,0
luke4:item44:mcq,uw-174398-mcq,inconsistency:style,inconsistency,style,1.7b,1.1343,mcq,4,5,5,0.2,0.0,-0.06888,0.77934,-0.97412,-1.7136,1,0
luke5:item11:open,uw-174404-open,inconsistency:style,inconsistency,style,1.7b,1.1343,open,5,5,5,0.2,0.0,-0.06888,0.77934,-0.97412,-1.7136,1,0
luke5:item21:open,uw-174410-open,inconsistency:style,inconsistency,style,1.7b,1.1343,open,5,5,5,0.2,0.0,-0.06888,0.77934,-0.97412,-1.7136,1,0
luke5:item3:open,uw-174401-open,inconsistency:style,inconsistency,style,1.7b,1.1343,open,5,5,5,0.2,0.0,-0.06888,0.77934,-0.97412,-1.7136,1,0
luke7:item15:open,uw-174441-open,inconsistency:style,inconsistency,style,1.7b,1.1343,open,7,5,5,0.2,0.0,-0.06888,0.77934,-0.97412,-1.7136,1,0
luke7:item18:mcq,uw-174442-mcq,inconsistency:style,inconsistency,style,1.7b,1.1343,mcq,7,5,5,0.2,0.0,-0.06888,0.77934,-0.97412,-1.7136,1,0
luke8:item13:open,uw-174452-open,inconsistency:style,inconsistency,style,1.7b,1.1343,open,8,5,5,0.2,0.0,-0.06888,0.77934,-0.97412,-1.7136,1,0
luke8:item17:open,uw-174455-open,inconsistency:style,inconsistency,style,1.7b,1.1343,open,8,5,5,0.2,0.0,-0.06888,0.77934,-0.97412,-1.7136,1,0
luke1:item13:open,uw-174325-open,inconsistency:style,inconsistency,style,1.7b,1.1343,open,1,5,5,0.2,0.0,-0.08685,0.87496,-1.22818,2.65826,1,0
luke1:item14:mcq,uw-174325-mcq,inconsistency:style,inconsistency,style,1.7b,1.1343,mcq,1,5,5,0.2,0.0,-0.08685,0.87496,-1.22818,2.65826,1,0
luke1:item16:mcq,uw-174326-mcq,inconsistency:style,inconsistency,style,1.7b,1.1343,mcq,1,5,5,0.2,0.0,-0.08685,0.87496,-1.22818,2.65826,1,0
luke1:item20:mcq,uw-174329-mcq,inconsistency:style,inconsistency,style,1.7b,1.1343,mcq,1,5,5,0.2,0.0,-0.08685,0.87496,-1.22818,2.65826,1,0
luke1:item22:mcq,uw-174330-mcq,inconsistency:style,inconsistency,style,1.7b,1.1343,mcq,1,5,5,0.2,0.0,-0.08685,0.87496,-1.22818,2.65826,1,0
luke1:item24:mcq,uw-174331-mcq,inconsistency:style,inconsistency,style,1.7b,1.1343,mcq,1,5,5,0.2,0.0,-0.08685,0.87496,-1.22818,2.65826,1,0
luke1:item27:open,uw-174333-open,inconsistency:style,inconsistency,style,1.7b,1.1343,open,1,5,5,0.2,0.0,-0.08685,0.87496,-1.22818,2.65826,1,0
luke1:item28:mcq,uw-174333-mcq,inconsistency:style,inconsistency,style,1.7b,1.1343,mcq,1,5,5,0.2,0.0,-0.08685,0.87496,-1.22818,2.65826,1,0
luke1:item29:open,uw-174335-open,inconsistency:style,inconsistency,style,1.7b,1.1343,open,1,5,5,0.2,0.0,-0.08685,0.87496,-1.22818,2.65826,1,0
luke1:item2:mcq,uw-174316-mcq,inconsistency:style,inconsistency,style,1.7b,1.1343,mcq,1,5,5,0.2,0.0,-0.08685,0.87496,-1.22818,2.65826,1,0
luke1:item30:mcq,uw-174335-mcq,inconsistency:style,inconsistency,style,1.7b,1.1343,mcq,1,5,5,0.2,0.0,-0.08685,0.87496,-1.22818,2.65826,1,0
luke1:item34:mcq,uw-174339-mcq,inconsistency:style,inconsistency,style,1.7b,1.1343,mcq,1,5,5,0.2,0.0,-0.08685,0.87496,-1.22818,2.65826,1,0
luke1:item35:open,uw-174340-open,inconsistency:style,inconsistency,style,1.7b,1.1343,open,1,5,5,0.2,0.0,-0.08685,0.87496,-1.22818,2.65826,1,0
luke1:item36:mcq,uw-174340-mcq,inconsistency:style,inconsistency,style,1.7b,1.1343,mcq,1,5,5,0.2,0.0,-0.08685,0.87496,-1.22818,2.65826,1,0
luke1:item38:mcq,uw-174341-mcq,inconsistency:style,inconsistency,style,1.7b,1.1343,mcq,1,5,5,0.2,0.0,-0.08685,0.87496,-1.22818,2.65826,1,0
luke1:item39:open,uw-174342-open,inconsistency:style,inconsistency,style,1.7b,1.1343,open,1,5,5,0.2,0.0,-0.08685,0.87496,-1.22818,2.65826,1,0
luke1:item3:open,uw-174317-open,inconsistency:style,inconsistency,style,1.7b,1.1343,open,1,5,5,0.2,0.0,-0.08685,0.87496,-1.22818,2.65826,1,0
luke1:item40:mcq,uw-174342-mcq,inconsistency:style,inconsistency,style,1.7b,1.1343,mcq,1,5,5,0.2,0.0,-0.08685,0.87496,-1.22818,2.65826,1,0
luke1:item42:mcq,uw-174343-mcq,inconsistency:style,inconsistency,style,1.7b,1.1343,mcq,1,5,5,0.2,0.0,-0.08685,0.87496,-1.22818,2.65826,1,0
luke1:item43:open,uw-174344-open,inconsistency:style,inconsistency,style,1.7b,1.1343,open,1,5,5,0.2,0.0,-0.08685,0.87496,-1.22818,2.65826,1,0
luke1:item44:mcq,uw-174344-mcq,inconsistency:style,inconsistency,style,1.7b,1.1343,mcq,1,5,5,0.2,0.0,-0.08685,0.87496,-1.22818,2.65826,1,0
luke1:item4:mcq,uw-174317-mcq,inconsistency:style,inconsistency,style,1.7b,1.1343,mcq,1,5,5,0.2,0.0,-0.08685,0.87496,-1.22818,2.65826,1,0
luke1:item5:open,uw-174318-open,inconsistency:style,inconsistency,style,1.7b,1.1343,open,1,5,5,0.2,0.0,-0.08685,0.87496,-1.22818,2.65826,1,0
luke1:item6:mcq,uw-174318-mcq,inconsistency:style,inconsistency,style,1.7b,1.1343,mcq,1,5,5,0.2,0.0,-0.08685,0.87496,-1.22818,2.65826,1,0
luke1:item7:open,uw-174322-open,inconsistency:style,inconsistency,style,1.7b,1.1343,open,1,5,5,0.2,0.0,-0.08685,0.87496,-1.22818,2.65826,1,0
luke1:item8:mcq,uw-174322-mcq,inconsistency:style,inconsistency,style,1.7b,1.1343,mcq,1,5,5,0.2,0.0,-0.08685,0.87496,-1.22818,2.65826,1,0
luke1:item9:open,uw-174323-open,inconsistency:style,inconsistency,style,1.7b,1.1343,open,1,5,5,0.2,0.0,-0.08685,0.87496,-1.22818,2.65826,1,0
luke2:item10:mcq,uw-174351-mcq,inconsistency:style,inconsistency,style,1.7b,1.1343,mcq,2,5,5,0.2,0.0,-0.08685,0.87496,-1.22818,2.65826,1,0
luke2:item12:mcq,uw-174352-mcq,inconsistency:style,inconsistency,style,1.7b,1.1343,mcq,2,5,5,0.2,0.0,-0.08685,0.87496,-1.22818,2.65826,1,0
luke2:item14:mcq,uw-174354-mcq,inconsistency:style,inconsistency,style,1.7b,1.1343,mcq,2,5,5,0.2,0.0,-0.08685,0.87496,-1.22818,2.65826,1,0
luke2:item15:open,uw-174355-open,inconsistency:style,inconsistency,style,1.7b,1.1343,open,2,5,5,0.2,0.0,-0.08685,0.87496,-1.22818,2.65826,1,0
luke2:item16:mcq,uw-174355-mcq,inconsistency:style,inconsistency,style,1.7b,1.1343,mcq,2,5,5,0.2,0.0,-0.08685,0.87496,-1.22818,2.65826,1,0
luke2:item18:mcq,uw-174357-mcq,inconsistency:style,inconsistency,style,1.7b,1.1343,mcq,2,5,5,0.2,0.0,-0.08685,0.87496,-1.22818,2.65826,1,0
luke2:item1:open,uw-174346-open,inconsistency:style,inconsistency,style,1.7b,1.1343,open,2,5,5,0.2,0.0,-0.08685,0.87496,-1.22818,2.65826,1,0
luke2:item20:mcq,uw-174359-mcq,inconsistency:style,inconsistency,style,1.7b,1.1343,mcq,2,5,5,0.2,0.0,-0.08685,0.87496,-1.22818,2.65826,1,0
luke2:item21:open,uw-174361-open,inconsistency:style,inconsistency,style,1.7b,1.1343,open,2,5,5,0.2,0.0,-0.08685,0.87496,-1.22818,2.65826,1,0
luke2:item23:open,uw-174362-open,inconsistency:style,inconsistency,style,1.7b,1.1343,open,2,5,5,0.2,0.0,-0.08685,0.87496,-1.22818,2.65826,1,0
luke2:item24:mcq,uw-174362-mcq,inconsistency:style,inconsistency,style,1.7b,1.1343,mcq,2,5,5,0.2,0.0,-0.08685,0.87496,-1.22818,2.65826,1,0
luke2:item2:mcq,uw-174346-mcq,inconsistency:style,inconsistency,style,1.7b,1.1343,mcq,2,5,5,0.2,0.0,-0.08685,0.87496,-1.22818,2.65826,1,0
luke2:item4:mcq,uw-174347-mcq,inconsistency:style,inconsistency,style,1.7b,1.1343,mcq,2,5,5,0.2,0.0,-0.08685,0.87496,-1.22818,2.65826,1,0
luke2:item6:mcq,uw-174349-mcq,inconsistency:style,inconsistency,style,1.7b,1.1343,mcq,2,5,5,0.2,0.0,-0.08685,0.87496,-1.22818,2.65826,1,0
luke2:item8:mcq,uw-174350-mcq,inconsistency:style,inconsistency,style,1.7b,1.1343,mcq,2,5,5,0.2,0.0,-0.08685,0.87496,-1.22818,2.65826,1,0
luke2:item9:open,uw-174351-open,inconsistency:style,inconsistency,style,1.7b,1.1343,open,2,5,5,0.2,0.0,-0.08685,0.87496,-1.22818,2.65826,1,0
luke4:item10:mcq,uw-174381-mcq,inconsistency:style,inconsistency,style,1.7b,1.1343,mcq,4,5,5,0.2,0.0,-0.08685,0.87496,-1.22818,2.65826,1,0
luke4:item11:open,uw-174382-open,inconsistency:style,inconsistency,style,1.7b,1.1343,open,4,5,5,0.2,0.0,-0.08685,0.87496,-1.22818,2.65826,1,0
luke4:item13:open,uw-174384-open,inconsistency:style,inconsistency,style,1.7b,1.1343,open,4,5,5,0.2,0.0,-0.08685,0.87496,-1.22818,2.65826,1,0
luke4:item14:mcq,uw-174384-mcq,inconsistency:style,inconsistency,style,1.7b,1.1343,mcq,4,5,5,0.2,0.0,-0.08685,0.87496,-1.22818,2.65826,1,0
luke4:item16:mcq,uw-174387-mcq,inconsistency:style,inconsistency,style,1.7b,1.1343,mcq,4,5,5,0.2,0.0,-0.08685,0.87496,-1.22818,2.65826,1,0
luke4:item1:open,uw-174377-open,inconsistency:style,inconsistency,style,1.7b,1.1343,open,4,5,5,0.2,0.0,-0.08685,0.87496,-1.22818,2.65826,1,0
luke4:item21:open,uw-174392-open,inconsistency:style,inconsistency,style,1.7b,1.1343,open,4,5,5,0.2,0.0,-0.08685,0.87496,-1.22818,2.65826,1,0
luke4:item22:mcq,uw-174392-mcq,inconsistency:style,inconsistency,style,1.7b,1.1343,mcq,4,5,5,0.2,0.0,-0.08685,0.87496,-1.22818,2.65826,1,0
luke4:item24:mcq,uw-174393-mcq,inconsistency:style,inconsistency,style,1.7b,1.1343,mcq,4,5,5,0.2,0.0,-0.08685,0.87496,-1.22818,2.65826,1,0
luke4:item26:mcq,uw-174394-mcq,inconsistency:style,inconsistency,style,1.7b,1.1343,mcq,4,5,5,0.2,0.0,-0.08685,0.87496,-1.22818,2.65826,1,0
luke4:item27:open,uw-174395-open,inconsistency:style,inconsistency,style,1.7b,1.1343,open,4,5,5,0.2,0.0,-0.08685,0.87496,-1.22818,2.65826,1,0
luke4:item28:mcq,uw-174395-mcq,inconsistency:style,inconsistency,style,1.7b,1.1343,mcq,4,5,5,0.2,0.0,-0.08685,0.87496,-1.22818,2.65826,1,0
luke4:item29:open,uw-174396-open,inconsistency:style,inconsistency,style,1.7b,1.1343,open,4,5,5,0.2,0.0,-0.08685,0.87496,-1.22818,2.65826,1,0
luke4:item30:mcq,uw-174396-mcq,inconsistency:style,inconsistency,style,1.7b,1.1343,mcq,4,5,5,0.2,0.0,-0.08685,0.87496,-1.22818,2.65826,1,0
luke4:item31:open,uw-174396-open,inconsistency:style,inconsistency,style,1.7b,1.1343,open,4,5,5,0.2,0.0,-0.08685,0.87496,-1.22818,2.65826,1,0
luke4:item32:mcq,uw-174396-mcq,inconsistency:style,inconsistency,style,1.7b,1.1343,mcq,4,5,5,0.2,0.0,-0.08685,0.87496,-1.22818,2.65826,1,0
luke4:item33:open,uw-174397-open,inconsistency:style,inconsistency,style,1.7b,1.1343,open,4,5,5,0.2,0.0,-0.08685,0.87496,-1.22818,2.65826,1,0
luke4:item34:mcq,uw-174397-mcq,inconsistency:style,inconsistency,style,1.7b,1.1343,mcq,4,5,5,0.2,0.0,-0.08685,0.87496,-1.22818,2.65826,1,0
luke4:item35:open,uw-174398-open,inconsistency:style,inconsistency,style,1.7b,1.1343,open,4,5,5,0.2,0.0,-0.08685,0.87496,-1.22818,2.65826,1,0
luke4:item39:open,uw-174399-open,inconsistency:style,inconsistency,style,1.7b,1.1343,open,4,5,5,0.2,0.0,-0.08685,0.87496,-1.22818,2.65826,1,0
luke4:item3:open,uw-174378-open,inconsistency:style,inconsistency,style,1.7b,1.1343,open,4,5,5,0.2,0.0,-0.08685,0.87496,-1.22818,2.65826,1,0
luke4:item40:mcq,uw-174399-mcq,inconsistency:style,inconsistency,style,1.7b,1.1343,mcq,4,5,5,0.2,0.0,-0.08685,0.87496,-1.22818,2.65826,1,0
luke4:item41:open,uw-174396-open,inconsistency:style,inconsistency,style,1.7b,1.1343,open,4,5,5,0.2,0.0,-0.08685,0.87496,-1.22818,2.65826,1,0
luke4:item42:mcq,uw-174396-mcq,inconsistency:style,inconsistency,style,1.7b,1.1343,mcq,4,5,5,0.2,0.0,-0.08685,0.87496,-1.22818,2.65826,1,0
luke4:item43:open,uw-174398-open,inconsistency:style,inconsistency,style,1.7b,1.1343,open,4,5,5,0.2,0.0,-0.08685,0.87496,-1.22818,2.65826,1,0
luke4:item4:mcq,uw-174378-mcq,inconsistency:style,inconsistency,style,1.7b,1.1343,mcq,4,5,5,0.2,0.0,-0.08685,0.87496,-1.22818,2.65826,1,0
luke4:item5:open,uw-174379-open,inconsistency:style,inconsistency,style,1.7b,1.1343,open,4,5,5,0.2,0.0,-0.08685,0.87496,-1.22818,2.65826,1,0
luke4:item6:mcq,uw-174379-mcq,inconsistency:style,inconsistency,style,1.7b,1.1343,mcq,4,5,5,0.2,0.0,-0.08685,0.87496,-1.22818,2.65826,1,0
luke4:item7:open,uw-174380-open,inconsistency:style,inconsistency,style,1.7b,1.1343,open,4,5,5,0.2,0.0,-0.08685,0.87496,-1.22818,2.65826,1,0
luke4:item8:mcq,uw-174380-mcq,inconsistency:style,inconsistency,style,1.7b,1.1343,mcq,4,5,5,0.2,0.0,-0.08685,0.87496,-1.22818,2.65826,1,0
luke4:item9:open,uw-174381-open,inconsistency:style,inconsistency,style,1.7b,1.1343,open,4,5,5,0.2,0.0,-0.08685,0.87496,-1.22818,2.65826,1,0
luke5:item10:mcq,uw-174403-mcq,inconsistency:style,inconsistency,style,1.7b,1.1343,mcq,5,5,5,0.2,0.0,-0.08685,0.87496,-1.22818,2.65826,1,0
luke5:item12:mcq,uw-174404-mcq,inconsistency:style,inconsistency,style,1.7b,1.1343,mcq,5,5,5,0.2,0.0,-0.08685,0.87496,-1.22818,2.65826,1,0
luke5:item13:open,uw-174406-open,inconsistency:style,inconsistency,style,1.7b,1.1343,open,5,5,5,0.2,0.0,-0.08685,0.87496,-1.22818,2.65826,1,0
luke5:item14:mcq,uw-174406-mcq,inconsistency:style,inconsistency,style,1.7b,1.1343,mcq,5,5,5,0.2,0.0,-0.08685,0.87496,-1.22818,2.65826,1,0
luke5:item15:open,uw-174407-open,inconsistency:style,inconsistency,style,1.7b,1.1343,open,5,5,5,0.2,0.0,-0.08685,0.87496,-1.22818,2.65826,1,0
luke5:item16:mcq,uw-174407-mcq,inconsistency:style,inconsistency,style,1.7b,1.1343,mcq,5,5,5,0.2,0.0,-0.08685,0.87496,-1.22818,2.65826,1,0
luke5:item17:open,uw-174408-open,inconsistency:style,inconsistency,style,1.7b,1.1343,open,5,5,5,0.2,0.0,-0.08685,0.87496,-1.22818,2.65826,1,0
luke5:item18:mcq,uw-174408-mcq,inconsistency:style,inconsistency,style,1.7b,1.1343,mcq,5,5,5,0.2,0.0,-0.08685,0.87496,-1.22818,2.65826,1,0
luke5:item19:open,uw-174409-open,inconsistency:style,inconsistency,style,1.7b,1.1343,open,5,5,5,0.2,0.0,-0.08685,0.87496,-1.22818,2.65826,1,0
luke5:item1:open,uw-174400-open,inconsistency:style,inconsistency,style,1.7b,1.1343,open,5,5,5,0.2,0.0,-0.08685,0.87496,-1.22818,2.65826,1,0
luke5:item20:mcq,uw-174409-mcq,inconsistency:style,inconsistency,style,1.7b,1.1343,mcq,5,5,5,0.2,0.0,-0.08685,0.87496,-1.22818,2.65826,1,0
luke5:item22:mcq,uw-174410-mcq,inconsistency:style,inconsistency,style,1.7b,1.1343,mcq,5,5,5,0.2,0.0,-0.08685,0.87496,-1.22818,2.65826,1,0
luke5:item23:open,uw-174412-open,inconsistency:style,inconsistency,style,1.7b,1.1343,open,5,5,5,0.2,0.0,-0.08685,0.87496,-1.22818,2.65826,1,0
luke5:item24:mcq,uw-174412-mcq,inconsistency:style,inconsistency,style,1.7b,1.1343,mcq,5,5,5,0.2,0.0,-0.08685,0.87496,-1.22818,2.65826,1,0
luke5:item25:open,uw-174403-open,inconsistency:style,inconsistency,style,1.7b,1.1343,open,5,5,5,0.2,0.0,-0.08685,0.87496,-1.22818,2.65826,1,0
luke5:item26:mcq,uw-174403-mcq,inconsistency:style,inconsistency,style,1.7b,1.1343,mcq,5,5,5,0.2,0.0,-0.08685,0.87496,-1.22818,2.65826,1,0
luke5:item2:mcq,uw-174400-mcq,inconsistency:style,inconsistency,style,1.7b,1.1343,mcq,5,5,5,0.2,0.0,-0.08685,0.87496,-1.22818,2.65826,1,0
luke5:item4:mcq,uw-174401-mcq,inconsistency:style,inconsistency,style,1.7b,1.1343,mcq,5,5,5,0.2,0.0,-0.08685,0.87496,-1.22818,2.65826,1,0
luke5:item6:mcq,uw-174402-mcq,inconsistency:style,inconsistency,style,1.7b,1.1343,mcq,5,5,5,0.2,0.0,-0.08685,0.87496,-1.22818,2.65826,1,0
luke5:item7:open,uw-174403-open,inconsistency:style,inconsistency,style,1.7b,1.1343,open,5,5,5,0.2,0.0,-0.08685,0.87496,-1.22818,2.65826,1,0
luke5:item8:mcq,uw-174403-mcq,inconsistency:style,inconsistency,style,1.7b,1.1343,mcq,5,5,5,0.2,0.0,-0.08685,0.87496,-1.22818,2.65826,1,0
luke6:item10:mcq,uw-174423-mcq,inconsistency:style,inconsistency,style,1.7b,1.1343,mcq,6,5,5,0.2,0.0,-0.08685,0.87496,-1.22818,2.65826,1,0
luke6:item11:open,uw-174424-open,inconsistency:style,inconsistency,style,1.7b,1.1343,open,6,5,5,0.2,0.0,-0.08685,0.87496,-1.22818,2.65826,1,0
luke6:item12:mcq,uw-174424-mcq,inconsistency:style,inconsistency,style,1.7b,1.1343,mcq,6,5,5,0.2,0.0,-0.08685,0.87496,-1.22818,2.65826,1,0
luke6:item13:open,uw-174427-open,inconsistency:style,inconsistency,style,1.7b,1.1343,open,6,5,5,0.2,0.0,-0.08685,0.87496,-1.22818,2.65826,1,0
luke6:item14:mcq,uw-174427-mcq,inconsistency:style,inconsistency,style,1.7b,1.1343,mcq,6,5,5,0.2,0.0,-0.08685,0.87496,-1.22818,2.65826,1,0
luke6:item15:open,uw-174428-open,inconsistency:style,inconsistency,style,1.7b,1.1343,open,6,5,5,0.2,0.0,-0.08685,0.87496,-1.22818,2.65826,1,0
luke6:item16:mcq,uw-174428-mcq,inconsistency:style,inconsistency,style,1.7b,1.1343,mcq,6,5,5,0.2,0.0,-0.08685,0.87496,-1.22818,2.65826,1,0
luke6:item1:open,uw-174414-open,inconsistency:style,inconsistency,style,1.7b,1.1343,open,6,5,5,0.2,0.0,-0.08685,0.87496,-1.22818,2.65826,1,0
luke6:item2:mcq,uw-174414-mcq,inconsistency:style,inconsistency,style,1.7b,1.1343,mcq,6,5,5,0.2,0.0,-0.08685,0.87496,-1.22818,2.65826,1,0
luke6:item3:open,uw-174415-open,inconsistency:style,inconsistency,style,1.7b,1.1343,open,6,5,5,0.2,0.0,-0.08685,0.87496,-1.22818,2.65826,1,0
luke6:item4:mcq,uw-174415-mcq,inconsistency:style,inconsistency,style,1.7b,1.1343,mcq,6,5,5,0.2,0.0,-0.08685,0.87496,-1.22818,2.65826,1,0
luke6:item6:mcq,uw-174421-mcq,inconsistency:style,inconsistency,style,1.7b,1.1343,mcq,6,5,5,0.2,0.0,-0.08685,0.87496,-1.22818,2.65826,1,0
luke6:item7:open,uw-174422-open,inconsistency:style,inconsistency,style,1.7b,1.1343,open,6,5,5,0.2,0.0,-0.08685,0.87496,-1.22818,2.65826,1,0
luke6:item8:mcq,uw-174422-mcq,inconsistency:style,inconsistency,style,1.7b,1.1343,mcq,6,5,5,0.2,0.0,-0.08685,0.87496,-1.22818,2.65826,1,0
luke7:item10:mcq,uw-174434-mcq,inconsistency:style,inconsistency,style,1.7b,1.1343,mcq,7,5,5,0.2,0.0,-0.08685,0.87496,-1.22818,2.65826,1,0
luke7:item11:open,uw-174436-open,inconsistency:style,inconsistency,style,1.7b,1.1343,open,7,5,5,0.2,0.0,-0.08685,0.87496,-1.22818,2.65826,1,0
luke7:item12:mcq,uw-174436-mcq,inconsistency:style,inconsistency,style,1.7b,1.1343,mcq,7,5,5,0.2,0.0,-0.08685,0.87496,-1.22818,2.65826,1,0
luke7:item13:open,uw-174440-open,inconsistency:style,inconsistency,style,1.7b,1.1343,open,7,5,5,0.2,0.0,-0.08685,0.87496,-1.22818,2.65826,1,0
luke7:item14:mcq,uw-174440-mcq,inconsistency:style,inconsistency,style,1.7b,1.1343,mcq,7,5,5,0.2,0.0,-0.08685,0.87496,-1.22818,2.65826,1,0
luke7:item16:mcq,uw-174441-mcq,inconsistency:style,inconsistency,style,1.7b,1.1343,mcq,7,5,5,0.2,0.0,-0.08685,0.87496,-1.22818,2.65826,1,0
luke7:item1:open,uw-174429-open,inconsistency:style,inconsistency,style,1.7b,1.1343,open,7,5,5,0.2,0.0,-0.08685,0.87496,-1.22818,2.65826,1,0
luke7:item2:mcq,uw-174429-mcq,inconsistency:style,inconsistency,style,1.7b,1.1343,mcq,7,5,5,0.2,0.0,-0.08685,0.87496,-1.22818,2.65826,1,0
luke7:item4:mcq,uw-174430-mcq,inconsistency:style,inconsistency,style,1.7b,1.1343,mcq,7,5,5,0.2,0.0,-0.08685,0.87496,-1.22818,2.65826,1,0
luke7:item6:mcq,uw-174431-mcq,inconsistency:style,inconsistency,style,1.7b,1.1343,mcq,7,5,5,0.2,0.0,-0.08685,0.87496,-1.22818,2.65826,1,0
luke7:item7:open,uw-174432-open,inconsistency:style,inconsistency,style,1.7b,1.1343,open,7,5,5,0.2,0.0,-0.08685,0.87496,-1.22818,2.65826,1,0
luke8:item10:mcq,uw-174448-mcq,inconsistency:style,inconsistency,style,1.7b,1.1343,mcq,8,5,5,0.2,0.0,-0.08685,0.87496,-1.22818,2.65826,1,0
luke8:item12:mcq,uw-174449-mcq,inconsistency:style,inconsistency,style,1.7b,1.1343,mcq,8,5,5,0.2,0.0,-0.08685,0.87496,-1.22818,2.65826,1,0
luke8:item14:mcq,uw-174452-mcq,inconsistency:style,inconsistency,style,1.7b,1.1343,mcq,8,5,5,0.2,0.0,-0.08685,0.87496,-1.22818,2.65826,1,0
luke8:item16:mcq,uw-174454-mcq,inconsistency:style,inconsistency,style,1.7b,1.1343,mcq,8,5,5,0.2,0.0,-0.08685,0.87496,-1.22818,2.65826,1,0
luke8:item18:mcq,uw-174455-mcq,inconsistency:style,inconsistency,style,1.7b,1.1343,mcq,8,5,5,0.2,0.0,-0.08685,0.87496,-1.22818,2.65826,1,0
luke8:item1:open,uw-174444-open,inconsistency:style,inconsistency,style,1.7b,1.1343,open,8,5,5,0.2,0.0,-0.08685,0.87496,-1.22818,2.65826,1,0
luke8:item2:mcq,uw-174444-mcq,inconsistency:style,inconsistency,style,1.7b,1.1343,mcq,8,5,5,0.2,0.0,-0.08685,0.87496,-1.22818,2.65826,1,0
luke8:item3:open,uw-174445-open,inconsistency:style,inconsistency,style,1.7b,1.1343,open,8,5,5,0.2,0.0,-0.08685,0.87496,-1.22818,2.65826,1,0
luke8:item4:mcq,uw-174445-mcq,inconsistency:style,inconsistency,style,1.7b,1.1343,mcq,8,5,5,0.2,0.0,-0.08685,0.87496,-1.22818,2.65826,1,0
luke8:item5:open,uw-174446-open,inconsistency:style,inconsistency,style,1.7b,1.1343,open,8,5,5,0.2,0.0,-0.08685,0.87496,-1.22818,2.65826,1,0
luke8:item6:mcq,uw-174446-mcq,inconsistency:style,inconsistency,style,1.7b,1.1343,mcq,8,5,5,0.2,0.0,-0.08685,0.87496,-1.22818,2.65826,1,0
luke8:item8:mcq,uw-174447-mcq,inconsistency:style,inconsistency,style,1.7b,1.1343,mcq,8,5,5,0.2,0.0,-0.08685,0.87496,-1.22818,2.65826,1,0
luke8:item9:open,uw-174448-open,inconsistency:style,inconsistency,style,1.7b,1.1343,open,8,5,5,0.2,0.0,-0.08685,0.87496,-1.22818,2.65826,1,0
luke1:item25:open,uw-174332-open,inconsistency:name,inconsistency,name,1.7b,1.1343,open,1,5,5,0.2,0.24,-0.33807,0.67605,-4.78097,-0.11024,1,1
luke7:item17:open,uw-174442-open,inconsistency:name,inconsistency,name,1.7b,1.1343,open,7,5,5,0.2,0.24,-0.33807,0.67605,-4.78097,-0.11024,1,1
luke2:item17:open,uw-174357-open,inconsistency:name,inconsistency,name,1.7b,1.1343,open,2,5,5,0.2,0.16,-0.36782,0.70557,-5.20173,-0.82955,1,1
luke2:item7:open,uw-174350-open,inconsistency:name,inconsistency,name,1.7b,1.1343,open,2,5,5,0.2,0.16,-0.36782,0.70557,-5.20173,-0.82955,1,1
luke1:item15:open,uw-174326-open,inconsistency:style,inconsistency,style,1.7b,1.1343,open,1,5,5,0.2,0.16,-0.40181,0.70754,-5.68246,-0.83541,1,1
luke7:item17:open,uw-174442-open,inconsistency:style,inconsistency,style,1.7b,1.1343,open,7,5,5,0.2,0.16,-0.40181,0.70754,-5.68246,-0.83541,1,1
luke7:item5:open,uw-174431-open,inconsistency:style,inconsistency,style,1.7b,1.1343,open,7,5,5,0.2,0.16,-0.40181,0.70754,-5.68246,-0.83541,1,1
luke1:item9:open,uw-174323-open,inconsistency:name,inconsistency,name,1.7b,1.1343,open,1,5,5,0.2,0.16,-0.42138,0.75523,-5.95925,1.41851,1,1
luke5:item13:open,uw-174406-open,inconsistency:name,inconsistency,name,1.7b,1.1343,open,5,5,5,0.2,0.16,-0.42138,0.75523,-5.95925,1.41851,1,1
luke6:item13:open,uw-174427-open,inconsistency:name,inconsistency,name,1.7b,1.1343,open,6,5,5,0.2,0.16,-0.42138,0.75523,-5.95925,1.41851,1,1
luke7:item11:open,uw-174436-open,inconsistency:name,inconsistency,name,1.7b,1.1343,open,7,5,5,0.2,0.16,-0.42138,0.75523,-5.95925,1.41851,1,1
luke7:item9:open,uw-174434-open,inconsistency:name,inconsistency,name,1.7b,1.1343,open,7,5,5,0.2,0.16,-0.42138,0.75523,-5.95925,1.41851,1,1
luke4:item25:open,uw-174394-open,inconsistency:style,inconsistency,style,1.7b,1.1343,open,4,5,5,0.2,0.16,-0.45988,0.75694,-6.50365,1.42362,1,1
luke5:item9:open,uw-174403-open,inconsistency:style,inconsistency,style,1.7b,1.1343,open,5,5,5,0.2,0.16,-0.45988,0.75694,-6.50365,1.42362,1,1
luke7:item15:open,uw-174441-open,inconsistency:name,inconsistency,name,1.7b,1.1343,open,7,5,5,0.2,0.24,-0.67181,0.7005,-9.50081,-0.11747,1,1
luke1:item11:open,uw-174324-open,inconsistency:name,inconsistency,name,1.7b,1.1343,open,1,5,5,0.2,0.24,-0.70165,0.7164,-9.92282,0.62576,1,1
luke4:item15:open,uw-174387-open,inconsistency:name,inconsistency,name,1.7b,1.1343,open,4,5,5,0.2,0.24,-0.70165,0.7164,-9.92282,0.62576,1,1
luke1:item26:mcq,uw-174332-mcq,inconsistency:style,inconsistency,style,1.7b,1.1343,mcq,1,5,5,0.2,0.24,-0.70527,0.70368,-9.97399,-0.12022,1,1
luke1:item12:mcq,uw-174324-mcq,inconsistency:name,inconsistency,name,1.7b,1.1343,mcq,1,5,5,0.2,0.16,-0.73182,0.73189,-10.34953,-0.88842,1,1
luke1:item17:open,uw-174328-open,inconsistency:name,inconsistency,name,1.7b,1.1343,open,1,5,5,0.2,0.16,-0.73182,0.73189,-10.34953,-0.88842,1,1
luke1:item33:open,uw-174339-open,inconsistency:name,inconsistency,name,1.7b,1.1343,open,1,5,5,0.2,0.16,-0.73182,0.73189,-10.34953,-0.88842,1,1
luke1:item41:open,uw-174343-open,inconsistency:name,inconsistency,name,1.7b,1.1343,open,1,5,5,0.2,0.16,-0.73182,0.73189,-10.34953,-0.88842,1,1
luke8:item13:open,uw-174452-open,inconsistency:name,inconsistency,name,1.7b,1.1343,open,8,5,5,0.2,0.16,-0.73182,0.73189,-10.34953,-0.88842,1,1
luke2:item13:open,uw-174354-open,inconsistency:style,inconsistency,style,1.7b,1.1343,open,2,5,5,0.2,0.24,-0.73641,0.71956,-10.41448,0.62914,1,1
luke1:item17:open,uw-174328-open,inconsistency:style,inconsistency,style,1.7b,1.1343,open,1,5,5,0.2,0.16,-0.76859,0.73532,-10.86955,-0.89825,1,1
luke1:item25:open,uw-174332-open,inconsistency:style,inconsistency,style,1.7b,1.1343,open,1,5,5,0.2,0.16,-0.76859,0.73532,-10.86955,-0.89825,1,1
luke1:item32:mcq,uw-174336-mcq,inconsistency:style,inconsistency,style,1.7b,1.1343,mcq,1,5,5,0.2,0.16,-0.76859,0.73532,-10.86955,-0.89825,1,1
luke1:item33:open,uw-174339-open,inconsistency:style,inconsistency,style,1.7b,1.1343,open,1,5,5,0.2,0.16,-0.76859,0.73532,-10.86955,-0.89825,1,1
luke1:item41:open,uw-174343-open,inconsistency:style,inconsistency,style,1.7b,1.1343,open,1,5,5,0.2,0.16,-0.76859,0.73532,-10.86955,-0.89825,1,1
luke4:item15:open,uw-174387-open,inconsistency:style,inconsistency,style,1.7b,1.1343,open,4,5,5,0.2,0.16,-0.76859,0.73532,-10.86955,-0.89825,1,1
luke4:item37:open,uw-174398-open,inconsistency:style,inconsistency,style,1.7b,1.1343,open,4,5,5,0.2,0.16,-0.76859,0.73532,-10.86955,-0.89825,1,1
luke6:item5:open,uw-174421-open,inconsistency:style,inconsistency,style,1.7b,1.1343,open,6,5,5,0.2,0.16,-0.76859,0.73532,-10.86955,-0.89825,1,1
luke8:item11:open,uw-174449-open,inconsistency:style,inconsistency,style,1.7b,1.1343,open,8,5,5,0.2,0.16,-0.76859,0.73532,-10.86955,-0.89825,1,1
luke1:item26:mcq,uw-174332-mcq,inconsistency:name,inconsistency,name,1.7b,1.1343,mcq,1,5,5,0.2,0.16,-0.83777,0.78149,-11.84779,1.52904,1,1
luke1:item32:mcq,uw-174336-mcq,inconsistency:name,inconsistency,name,1.7b,1.1343,mcq,1,5,5,0.2,0.16,-0.83777,0.78149,-11.84779,1.52904,1,1
luke2:item11:open,uw-174352-open,inconsistency:name,inconsistency,name,1.7b,1.1343,open,2,5,5,0.2,0.16,-0.83777,0.78149,-11.84779,1.52904,1,1
luke4:item36:mcq,uw-174398-mcq,inconsistency:name,inconsistency,name,1.7b,1.1343,mcq,4,5,5,0.2,0.16,-0.83777,0.78149,-11.84779,1.52904,1,1
luke4:item38:mcq,uw-174398-mcq,inconsistency:name,inconsistency,name,1.7b,1.1343,mcq,4,5,5,0.2,0.16,-0.83777,0.78149,-11.84779,1.52904,1,1
luke4:item44:mcq,uw-174398-mcq,inconsistency:name,inconsistency,name,1.7b,1.1343,mcq,4,5,5,0.2,0.16,-0.83777,0.78149,-11.84779,1.52904,1,1
luke5:item5:open,uw-174402-open,inconsistency:name,inconsistency,name,1.7b,1.1343,open,5,5,5,0.2,0.16,-0.83777,0.78149,-11.84779,1.52904,1,1
luke1:item11:open,uw-174324-open,inconsistency:style,inconsistency,style,1.7b,1.1343,open,1,5,5,0.2,0.16,-0.87882,0.78436,-12.42838,1.54072,1,1
luke2:item11:open,uw-174352-open,inconsistency:style,inconsistency,style,1.7b,1.1343,open,2,5,5,0.2,0.16,-0.87882,0.78436,-12.42838,1.54072,1,1
luke2:item7:open,uw-174350-open,inconsistency:style,inconsistency,style,1.7b,1.1343,open,2,5,5,0.2,0.16,-0.87882,0.78436,-12.42838,1.54072,1,1
luke7:item8:mcq,uw-174432-mcq,inconsistency:style,inconsistency,style,1.7b,1.1343,mcq,7,5,5,0.2,0.16,-0.87882,0.78436,-12.42838,1.54072,1,1
luke4:item17:open,uw-174388-open,inconsistency:name,inconsistency,name,1.7b,1.1343,open,4,5,5,0.2,0.24,-1.03752,0.74001,-14.67278,-0.12995,1,1
luke4:item18:mcq,uw-174388-mcq,inconsistency:style,inconsistency,style,1.7b,1.1343,mcq,4,5,5,0.2,0.24,-1.07494,0.74453,-15.20189,-0.13342,1,1
luke4:item19:open,uw-174389-open,inconsistency:style,inconsistency,style,1.7b,1.1343,open,4,5,5,0.2,0.24,-1.07494,0.74453,-15.20189,-0.13342,1,1
luke4:item19:open,uw-174389-open,inconsistency:name,inconsistency,name,1.7b,1.1343,open,4,5,5,0.2,0.24,-1.08404,0.75628,-15.33067,0.6943,1,1
luke4:item2:mcq,uw-174377-mcq,inconsistency:name,inconsistency,name,1.7b,1.1343,mcq,4,5,5,0.2,0.24,-1.08404,0.75628,-15.33067,0.6943,1,1
luke4:item37:open,uw-174398-open,inconsistency:name,inconsistency,name,1.7b,1.1343,open,4,5,5,0.2,0.24,-1.08404,0.75628,-15.33067,0.6943,1,1
luke7:item18:mcq,uw-174442-mcq,inconsistency:name,inconsistency,name,1.7b,1.1343,mcq,7,5,5,0.2,0.24,-1.08404,0.75628,-15.33067,0.6943,1,1
luke1:item12:mcq,uw-174324-mcq,inconsistency:style,inconsistency,style,1.7b,1.1343,mcq,1,5,5,0.2,0.24,-1.12276,0.76061,-15.87818,0.70029,1,1
luke2:item17:open,uw-174357-open,inconsistency:style,inconsistency,style,1.7b,1.1343,open,2,5,5,0.2,0.24,-1.12276,0.76061,-15.87818,0.70029,1,1
luke4:item14:mcq,uw-174384-mcq,local_inconsistency:style,local_inconsistency,style,1.5b,0.6571,mcq,4,5,5,0.2,0.16,0.80014,0.77243,11.31572,1.43214,1,1
luke7:item3:open,uw-174430-open,local_inconsistency:style,local_inconsistency,style,1.5b,0.6571,open,7,5,5,0.2,0.16,0.80014,0.77243,11.31572,1.43214,1,1
luke1:item19:open,uw-174329-open,local_inconsistency:style,local_inconsistency,style,1.5b,0.6571,open,1,5,5,0.2,0.06,0.53606,0.72045,7.5811,-0.92106,1,1
luke4:item13:open,uw-174384-open,local_inconsistency:style,local_inconsistency,style,1.5b,0.6571,open,4,5,5,0.2,0.06,0.50249,0.69713,7.10624,-0.5322,1,1
luke7:item5:open,uw-174431-open,local_inconsistency:style,local_inconsistency,style,1.5b,0.6571,open,7,5,5,0.2,0.04,0.45176,0.79887,6.38889,1.86513,1,1
luke4:item25:open,uw-174394-open,local_inconsistency:style,local_inconsistency,style,1.5b,0.6571,open,4,5,5,0.2,0.04,0.33354,0.68701,4.717,0.52233,1,1
luke2:item7:open,uw-174350-open,local_inconsistency:style,local_inconsistency,style,1.5b,0.6571,open,2,5,5,0.2,0.04,0.32309,0.67601,4.56921,-0.16859,1,1
luke4:item23:open,uw-174393-open,local_inconsistency:style,local_inconsistency,style,1.5b,0.6571,open,4,5,5,0.2,0.04,0.22814,0.79234,3.22643,1.82739,1,1
luke5:item21:open,uw-174410-open,local_inconsistency:style,local_inconsistency,style,1.5b,0.6571,open,5,5,5,0.2,0.04,0.22814,0.79234,3.22643,1.82739,1,1
luke7:item11:open,uw-174436-open,local_inconsistency:style,local_inconsistency,style,1.5b,0.6571,open,7,5,5,0.2,0.04,0.22814,0.79234,3.22643,1.82739,1,1
luke7:item1:open,uw-174429-open,local_inconsistency:style,local_inconsistency,style,1.5b,0.6571,open,7,5,5,0.2,0.06,0.19853,0.73934,2.80757,1.30749,1,1
luke4:item19:open,uw-174389-open,local_inconsistency:style,local_inconsistency,style,1.5b,0.6571,open,4,5,5,0.2,0.04,0.16835,0.68074,2.38088,0.51388,1,1
luke1:item10:mcq,uw-174323-mcq,local_inconsistency:style,local_inconsistency,style,1.5b,0.6571,mcq,1,5,5,0.2,0.0,0.00839,0.86164,0.11864,2.51204,1,0
luke1:item12:mcq,uw-174324-mcq,local_inconsistency:style,local_inconsistency,style,1.5b,0.6571,mcq,1,5,5,0.2,0.0,0.00839,0.86164,0.11864,2.51204,1,0
luke1:item13:open,uw-174325-open,local_inconsistency:style,local_inconsistency,style,1.5b,0.6571,open,1,5,5,0.2,0.0,0.00839,0.86164,0.11864,2.51204,1,0
luke1:item14:mcq,uw-174325-mcq,local_inconsistency:style,local_inconsistency,style,1.5b,0.6571,mcq,1,5,5,0.2,0.0,0.00839,0.86164,0.11864,2.51204,1,0
luke1:item16:mcq,uw-174326-mcq,local_inconsistency:style,local_inconsistency,style,1.5b,0.6571,mcq,1,5,5,0.2,0.0,0.00839,0.86164,0.11864,2.51204,1,0
luke1:item17:open,uw-174328-open,local_inconsistency:style,local_inconsistency,style,1.5b,0.6571,open,1,5,5,0.2,0.0,0.00839,0.86164,0.11864,2.51204,1,0
luke1:item20:mcq,uw-174329-mcq,local_inconsistency:style,local_inconsistency,style,1.5b,0.6571,mcq,1,5,5,0.2,0.0,0.00839,0.86164,0.11864,2.51204,1,0
luke1:item21:open,uw-174330-open,local_inconsistency:style,local_inconsistency,style,1.5b,0.6571,open,1,5,5,0.2,0.0,0.00839,0.86164,0.11864,2.51204,1,0
luke1:item22:mcq,uw-174330-mcq,local_inconsistency:style,local_inconsistency,style,1.5b,0.6571,mcq,1,5,5,0.2,0.0,0.00839,0.86164,0.11864,2.51204,1,0
luke1:item23:open,uw-174331-open,local_inconsistency:style,local_inconsistency,style,1.5b,0.6571,open,1,5,5,0.2,0.0,0.00839,0.86164,0.11864,2.51204,1,0
luke1:item24:mcq,uw-174331-mcq,local_inconsistency:style,local_inconsistency,style,1.5b,0.6571,mcq,1,5,5,0.2,0.0,0.00839,0.86164,0.11864,2.51204,1,0
luke1:item25:open,uw-174332-open,local_inconsistency:style,local_inconsistency,style,1.5b,0.6571,open,1,5,5,0.2,0.0,0.00839,0.86164,0.11864,2.51204,1,0
luke1:item26:mcq,uw-174332-mcq,local_inconsistency:style,local_inconsistency,style,1.5b,0.6571,mcq,1,5,5,0.2,0.0,0.00839,0.86164,0.11864,2.51204,1,0
luke1:item27:open,uw-174333-open,local_inconsistency:style,local_inconsistency,style,1.5b,0.6571,open,1,5,5,0.2,0.0,0.00839,0.86164,0.11864,2.51204,1,0
luke1:item29:open,uw-174335-open,local_inconsistency:style,local_inconsistency,style,1.5b,0.6571,open,1,5,5,0.2,0.0,0.00839,0.86164,0.11864,2.51204,1,0
luke1:item2:mcq,uw-174316-mcq,local_inconsistency:style,local_inconsistency,style,1.5b,0.6571,mcq,1,5,5,0.2,0.0,0.00839,0.86164,0.11864,2.51204,1,0
luke1:item30:mcq,uw-174335-mcq,local_inconsistency:style,local_inconsistency,style,1.5b,0.6571,mcq,1,5,5,0.2,0.0,0.00839,0.86164,0.11864,2.51204,1,0
luke1:item36:mcq,uw-174340-mcq,local_inconsistency:style,local_inconsistency,style,1.5b,0.6571,mcq,1,5,5,0.2,0.0,0.00839,0.86164,0.11864,2.51204,1,0
luke1:item38:mcq,uw-174341-mcq,local_inconsistency:style,local_inconsistency,style,1.5b,0.6571,mcq,1,5,5,0.2,0.0,0.00839,0.86164,0.11864,2.51204,1,0
luke1:item3:open,uw-174317-open,local_inconsistency:style,local_inconsistency,style,1.5b,0.6571,open,1,5,5,0.2,0.0,0.00839,0.86164,0.11864,2.51204,1,0
luke1:item40:mcq,uw-174342-mcq,local_inconsistency:style,local_inconsistency,style,1.5b,0.6571,mcq,1,5,5,0.2,0.0,0.00839,0.86164,0.11864,2.51204,1,0
luke1:item42:mcq,uw-174343-mcq,local_inconsistency:style,local_inconsistency,style,1.5b,0.6571,mcq,1,5,5,0.2,0.0,0.00839,0.86164,0.11864,2.51204,1,0
luke1:item44:mcq,uw-174344-mcq,local_inconsistency:style,local_inconsistency,style,1.5b,0.6571,mcq,1,5,5,0.2,0.0,0.00839,0.86164,0.11864,2.51204,1,0
luke1:item4:mcq,uw-174317-mcq,local_inconsistency:style,local_inconsistency,style,1.5b,0.6571,mcq,1,5,5,0.2,0.0,0.00839,0.86164,0.11864,2.51204,1,0
luke1:item5:open,uw-174318-open,local_inconsistency:style,local_inconsistency,style,1.5b,0.6571,open,1,5,5,0.2,0.0,0.00839,0.86164,0.11864,2.51204,1,0
luke1:item6:mcq,uw-174318-mcq,local_inconsistency:style,local_inconsistency,style,1.5b,0.6571,mcq,1,5,5,0.2,0.0,0.00839,0.86164,0.11864,2.51204,1,0
luke1:item8:mcq,uw-174322-mcq,local_inconsistency:style,local_inconsistency,style,1.5b,0.6571,mcq,1,5,5,0.2,0.0,0.00839,0.86164,0.11864,2.51204,1,0
luke1:item9:open,uw-174323-open,local_inconsistency:style,local_inconsistency,style,1.5b,0.6571,open,1,5,5,0.2,0.0,0.00839,0.86164,0.11864,2.51204,1,0
luke2:item10:mcq,uw-174351-mcq,local_inconsistency:style,local_inconsistency,style,1.5b,0.6571,mcq,2,5,5,0.2,0.0,0.00839,0.86164,0.11864,2.51204,1,0
luke2:item11:open,uw-174352-open,local_inconsistency:style,local_inconsistency,style,1.5b,0.6571,open,2,5,5,0.2,0.0,0.00839,0.86164,0.11864,2.51204,1,0
luke2:item12:mcq,uw-174352-mcq,local_inconsistency:style,local_inconsistency,style,1.5b,0.6571,mcq,2,5,5,0.2,0.0,0.00839,0.86164,0.11864,2.51204,1,0
luke2:item14:mcq,uw-174354-mcq,local_inconsistency:style,local_inconsistency,style,1.5b,0.6571,mcq,2,5,5,0.2,0.0,0.00839,0.86164,0.11864,2.51204,1,0
luke2:item16:mcq,uw-174355-mcq,local_inconsistency:style,local_inconsistency,style,1.5b,0.6571,mcq,2,5,5,0.2,0.0,0.00839,0.86164,0.11864,2.51204,1,0
luke2:item18:mcq,uw-174357-mcq,local_inconsistency:style,local_inconsistency,style,1.5b,0.6571,mcq,2,5,5,0.2,0.0,0.00839,0.86164,0.11864,2.51204,1,0
luke2:item19:open,uw-174359-open,local_inconsistency:style,local_inconsistency,style,1.5b,0.6571,open,2,5,5,0.2,0.0,0.00839,0.86164,0.11864,2.51204,1,0
luke2:item20:mcq,uw-174359-mcq,local_inconsistency:style,local_inconsistency,style,1.5b,0.6571,mcq,2,5,5,0.2,0.0,0.00839,0.86164,0.11864,2.51204,1,0
luke2:item24:mcq,uw-174362-mcq,local_inconsistency:style,local_inconsistency,style,1.5b,0.6571,mcq,2,5,5,0.2,0.0,0.00839,0.86164,0.11864,2.51204,1,0
luke2:item2:mcq,uw-174346-mcq,local_inconsistency:style,local_inconsistency,style,1.5b,0.6571,mcq,2,5,5,0.2,0.0,0.00839,0.86164,0.11864,2.51204,1,0
luke2:item4:mcq,uw-174347-mcq,local_inconsistency:style,local_inconsistency,style,1.5b,0.6571,mcq,2,5,5,0.2,0.0,0.00839,0.86164,0.11864,2.51204,1,0
luke2:item5:open,uw-174349-open,local_inconsistency:style,local_inconsistency,style,1.5b,0.6571,open,2,5,5,0.2,0.0,0.00839,0.86164,0.11864,2.51204,1,0
luke2:item8:mcq,uw-174350-mcq,local_inconsistency:style,local_inconsistency,style,1.5b,0.6571,mcq,2,5,5,0.2,0.0,0.00839,0.86164,0.11864,2.51204,1,0
luke2:item9:open,uw-174351-open,local_inconsistency:style,local_inconsistency,style,1.5b,0.6571,open,2,5,5,0.2,0.0,0.00839,0.86164,0.11864,2.51204,1,0
luke3:item10:mcq,uw-174370-mcq,local_inconsistency:style,local_inconsistency,style,1.5b,0.6571,mcq,3,5,5,0.2,0.0,0.00839,0.86164,0.11864,2.51204,1,0
luke3:item12:mcq,uw-174374-mcq,local_inconsistency:style,local_inconsistency,style,1.5b,0.6571,mcq,3,5,5,0.2,0.0,0.00839,0.86164,0.11864,2.51204,1,0
luke3:item13:open,uw-174375-open,local_inconsistency:style,local_inconsistency,style,1.5b,0.6571,open,3,5,5,0.2,0.0,0.00839,0.86164,0.11864,2.51204,1,0
luke3:item14:mcq,uw-174375-mcq,local_inconsistency:style,local_inconsistency,style,1.5b,0.6571,mcq,3,5,5,0.2,0.0,0.00839,0.86164,0.11864,2.51204,1,0
luke3:item1:open,uw-174365-open,local_inconsistency:style,local_inconsistency,style,1.5b,0.6571,open,3,5,5,0.2,0.0,0.00839,0.86164,0.11864,2.51204,1,0
luke3:item2:mcq,uw-174365-mcq,local_inconsistency:style,local_inconsistency,style,1.5b,0.6571,mcq,3,5,5,0.2,0.0,0.00839,0.86164,0.11864,2.51204,1,0
luke3:item4:mcq,uw-174366-mcq,local_inconsistency:style,local_inconsistency,style,1.5b,0.6571,mcq,3,5,5,0.2,0.0,0.00839,0.86164,0.11864,2.51204,1,0
luke3:item6:mcq,uw-174367-mcq,local_inconsistency:style,local_inconsistency,style,1.5b,0.6571,mcq,3,5,5,0.2,0.0,0.00839,0.86164,0.11864,2.51204,1,0
luke3:item7:open,uw-174368-open,local_inconsistency:style,local_inconsistency,style,1.5b,0.6571,open,3,5,5,0.2,0.0,0.00839,0.86164,0.11864,2.51204,1,0
luke3:item8:mcq,uw-174368-mcq,local_inconsistency:style,local_inconsistency,style,1.5b,0.6571,mcq,3,5,5,0.2,0.0,0.00839,0.86164,0.11864,2.51204,1,0
luke3:item9:open,uw-174370-open,local_inconsistency:style,local_inconsistency,style,1.5b,0.6571,open,3,5,5,0.2,0.0,0.00839,0.86164,0.11864,2.51204,1,0
luke4:item11:open,uw-174382-open,local_inconsistency:style,local_inconsistency,style,1.5b,0.6571,open,4,5,5,0.2,0.0,0.00839,0.86164,0.11864,2.51204,1,0
luke4:item12:mcq,uw-174382-mcq,local_inconsistency:style,local_inconsistency,style,1.5b,0.6571,mcq,4,5,5,0.2,0.0,0.00839,0.86164,0.11864,2.51204,1,0
luke4:item16:mcq,uw-174387-mcq,local_inconsistency:style,local_inconsistency,style,1.5b,0.6571,mcq,4,5,5,0.2,0.0,0.00839,0.86164,0.11864,2.51204,1,0
luke4:item1:open,uw-174377-open,local_inconsistency:style,local_inconsistency,style,1.5b,0.6571,open,4,5,5,0.2,0.0,0.00839,0.86164,0.11864,2.51204,1,0
luke4:item22:mcq,uw-174392-mcq,local_inconsistency:style,local_inconsistency,style,1.5b,0.6571,mcq,4,5,5,0.2,0.0,0.00839,0.86164,0.11864,2.51204,1,0
luke4:item26:mcq,uw-174394-mcq,local_inconsistency:style,local_inconsistency,style,1.5b,0.6571,mcq,4,5,5,0.2,0.0,0.00839,0.86164,0.11864,2.51204,1,0
luke4:item27:open,uw-174395-open,local_inconsistency:style,local_inconsistency,style,1.5b,0.6571,open,4,5,5,0.2,0.0,0.00839,0.86164,0.11864,2.51204,1,0
luke4:item33:open,uw-174397-open,local_inconsistency:style,local_inconsistency,style,1.5b,0.6571,open,4,5,5,0.2,0.0,0.00839,0.86164,0.11864,2.51204,1,0
luke4:item34:mcq,uw-174397-mcq,local_inconsistency:style,local_inconsistency,style,1.5b,0.6571,mcq,4,5,5,0.2,0.0,0.00839,0.86164,0.11864,2.51204,1,0
luke4:item3:open,uw-174378-open,local_inconsistency:style,local_inconsistency,style,1.5b,0.6571,open,4,5,5,0.2,0.0,0.00839,0.86164,0.11864,2.51204,1,0
luke4:item40:mcq,uw-174399-mcq,local_inconsistency:style,local_inconsistency,style,1.5b,0.6571,mcq,4,5,5,0.2,0.0,0.00839,0.86164,0.11864,2.51204,1,0
luke4:item41:open,uw-174396-open,local_inconsistency:style,local_inconsistency,style,1.5b,0.6571,open,4,5,5,0.2,0.0,0.00839,0.86164,0.11864,2.51204,1,0
luke4:item42:mcq,uw-174396-mcq,local_inconsistency:style,local_inconsistency,style,1.5b,0.6571,mcq,4,5,5,0.2,0.0,0.00839,0.86164,0.11864,2.51204,1,0
luke4:item43:open,uw-174398-open,local_inconsistency:style,local_inconsistency,style,1.5b,0.6571,open,4,5,5,0.2,0.0,0.00839,0.86164,0.11864,2.51204,1,0
luke4:item44:mcq,uw-174398-mcq,local_inconsistency:style,local_inconsistency,style,1.5b,0.6571,mcq,4,5,5,0.2,0.0,0.00839,0.86164,0.11864,2.51204,1,0
luke4:item4:mcq,uw-174378-mcq,local_inconsistency:style,local_inconsistency,style,1.5b,0.6571,mcq,4,5,5,0.2,0.0,0.00839,0.86164,0.11864,2.51204,1,0
luke4:item6:mcq,uw-174379-mcq,local_inconsistency:style,local_inconsistency,style,1.5b,0.6571,mcq,4,5,5,0.2,0.0,0.00839,0.86164,0.11864,2.51204,1,0
luke4:item7:open,uw-174380-open,local_inconsistency:style,local_inconsistency,style,1.5b,0.6571,open,4,5,5,0.2,0.0,0.00839,0.86164,0.11864,2.51204,1,0
luke4:item8:mcq,uw-174380-mcq,local_inconsistency:style,local_inconsistency,style,1.5b,0.6571,mcq,4,5,5,0.2,0.0,0.00839,0.86164,0.11864,2.51204,1,0
luke4:item9:open,uw-174381-open,local_inconsistency:style,local_inconsistency,style,1.5b,0.6571,open,4,5,5,0.2,0.0,0.00839,0.86164,0.11864,2.51204,1,0
luke5:item11:open,uw-174404-open,local_inconsistency:style,local_inconsistency,style,1.5b,0.6571,open,5,5,5,0.2,0.0,0.00839,0.86164,0.11864,2.51204,1,0
luke5:item12:mcq,uw-174404-mcq,local_inconsistency:style,local_inconsistency,style,1.5b,0.6571,mcq,5,5,5,0.2,0.0,0.00839,0.86164,0.11864,2.51204,1,0
luke5:item13:open,uw-174406-open,local_inconsistency:style,local_inconsistency,style,1.5b,0.6571,open,5,5,5,0.2,0.0,0.00839,0.86164,0.11864,2.51204,1,0
luke5:item14:mcq,uw-174406-mcq,local_inconsistency:style,local_inconsistency,style,1.5b,0.6571,mcq,5,5,5,0.2,0.0,0.00839,0.86164,0.11864,2.51204,1,0
luke5:item15:open,uw-174407-open,local_inconsistency:style,local_inconsistency,style,1.5b,0.6571,open,5,5,5,0.2,0.0,0.00839,0.86164,0.11864,2.51204,1,0
luke5:item16:mcq,uw-174407-mcq,local_inconsistency:style,local_inconsistency,style,1.5b,0.6571,mcq,5,5,5,0.2,0.0,0.00839,0.86164,0.11864,2.51204,1,0
luke5:item17:open,uw-174408-open,local_inconsistency:style,local_inconsistency,style,1.5b,0.6571,open,5,5,5,0.2,0.0,0.00839,0.86164,0.11864,2.51204,1,0
luke5:item18:mcq,uw-174408-mcq,local_inconsistency:style,local_inconsistency,style,1.5b,0.6571,mcq,5,5,5,0.2,0.0,0.00839,0.86164,0.11864,2.51204,1,0
luke5:item19:open,uw-174409-open,local_inconsistency:style,local_inconsistency,style,1.5b,0.6571,open,5,5,5,0.2,0.0,0.00839,0.86164,0.11864,2.51204,1,0
luke5:item20:mcq,uw-174409-mcq,local_inconsistency:style,local_inconsistency,style,1.5b,0.6571,mcq,5,5,5,0.2,0.0,0.00839,0.86164,0.11864,2.51204,1,0
luke5:item24:mcq,uw-174412-mcq,local_inconsistency:style,local_inconsistency,style,1.5b,0.6571,mcq,5,5,5,0.2,0.0,0.00839,0.86164,0.11864,2.51204,1,0
luke5:item25:open,uw-174403-open,local_inconsistency:style,local_inconsistency,style,1.5b,0.6571,open,5,5,5,0.2,0.0,0.00839,0.86164,0.11864,2.51204,1,0
luke5:item26:mcq,uw-174403-mcq,local_inconsistency:style,local_inconsistency,style,1.5b,0.6571,mcq,5,5,5,0.2,0.0,0.00839,0.86164,0.11864,2.51204,1,0
luke5:item2:mcq,uw-174400-mcq,local_inconsistency:style,local_inconsistency,style,1.5b,0.6571,mcq,5,5,5,0.2,0.0,0.00839,0.86164,0.11864,2.51204,1,0
luke5:item4:mcq,uw-174401-mcq,local_inconsistency:style,local_inconsistency,style,1.5b,0.6571,mcq,5,5,5,0.2,0.0,0.00839,0.86164,0.11864,2.51204,1,0
luke5:item6:mcq,uw-174402-mcq,local_inconsistency:style,local_inconsistency,style,1.5b,0.6571,mcq,5,5,5,0.2,0.0,0.00839,0.86164,0.11864,2.51204,1,0
luke6:item10:mcq,uw-174423-mcq,local_inconsistency:style,local_inconsistency,style,1.5b,0.6571,mcq,6,5,5,0.2,0.0,0.00839,0.86164,0.11864,2.51204,1,0
luke6:item11:open,uw-174424-open,local_inconsistency:style,local_inconsistency,style,1.5b,0.6571,open,6,5,5,0.2,0.0,0.00839,0.86164,0.11864,2.51204,1,0
luke6:item14:mcq,uw-174427-mcq,local_inconsistency:style,local_inconsistency,style,1.5b,0.6571,mcq,6,5,5,0.2,0.0,0.00839,0.86164,0.11864,2.51204,1,0
luke6:item15:open,uw-174428-open,local_inconsistency:style,local_inconsistency,style,1.5b,0.6571,open,6,5,5,0.2,0.0,0.00839,0.86164,0.11864,2.51204,1,0
luke6:item16:mcq,uw-174428-mcq,local_inconsistency:style,local_inconsistency,style,1.5b,0.6571,mcq,6,5,5,0.2,0.0,0.00839,0.86164,0.11864,2.51204,1,0
luke6:item1:open,uw-174414-open,local_inconsistency:style,local_inconsistency,style,1.5b,0.6571,open,6,5,5,0.2,0.0,0.00839,0.86164,0.11864,2.51204,1,0
luke6:item2:mcq,uw-174414-mcq,local_inconsistency:style,local_inconsistency,style,1.5b,0.6571,mcq,6,5,5,0.2,0.0,0.00839,0.86164,0.11864,2.51204,1,0
luke6:item3:open,uw-174415-open,local_inconsistency:style,local_inconsistency,style,1.5b,0.6571,open,6,5,5,0.2,0.0,0.00839,0.86164,0.11864,2.51204,1,0
luke6:item4:mcq,uw-174415-mcq,local_inconsistency:style,local_inconsistency,style,1.5b,0.6571,mcq,6,5,5,0.2,0.0,0.00839,0.86164,0.11864,2.51204,1,0
luke6:item6:mcq,uw-174421-mcq,local_inconsistency:style,local_inconsistency,style,1.5b,0.6571,mcq,6,5,5,0.2,0.0,0.00839,0.86164,0.11864,2.51204,1,0
luke6:item7:open,uw-174422-open,local_inconsistency:style,local_inconsistency,style,1.5b,0.6571,open,6,5,5,0.2,0.0,0.00839,0.86164,0.11864,2.51204,1,0
luke6:item8:mcq,uw-174422-mcq,local_inconsistency:style,local_inconsistency,style,1.5b,0.6571,mcq,6,5,5,0.2,0.0,0.00839,0.86164,0.11864,2.51204,1,0
luke7:item10:mcq,uw-174434-mcq,local_inconsistency:style,local_inconsistency,style,1.5b,0.6571,mcq,7,5,5,0.2,0.0,0.00839,0.86164,0.11864,2.51204,1,0
luke7:item15:open,uw-174441-open,local_inconsistency:style,local_inconsistency,style,1.5b,0.6571,open,7,5,5,0.2,0.0,0.00839,0.86164,0.11864,2.51204,1,0
luke7:item16:mcq,uw-174441-mcq,local_inconsistency:style,local_inconsistency,style,1.5b,0.6571,mcq,7,5,5,0.2,0.0,0.00839,0.86164,0.11864,2.51204,1,0
luke7:item17:open,uw-174442-open,local_inconsistency:style,local_inconsistency,style,1.5b,0.6571,open,7,5,5,0.2,0.0,0.00839,0.86164,0.11864,2.51204,1,0
luke7:item2:mcq,uw-174429-mcq,local_inconsistency:style,local_inconsistency,style,1.5b,0.6571,mcq,7,5,5,0.2,0.0,0.00839,0.86164,0.11864,2.51204,1,0
luke7:item7:open,uw-174432-open,local_inconsistency:style,local_inconsistency,style,1.5b,0.6571,open,7,5,5,0.2,0.0,0.00839,0.86164,0.11864,2.51204,1,0
luke8:item10:mcq,uw-174448-mcq,local_inconsistency:style,local_inconsistency,style,1.5b,0.6571,mcq,8,5,5,0.2,0.0,0.00839,0.86164,0.11864,2.51204,1,0
luke8:item11:open,uw-174449-open,local_inconsistency:style,local_inconsistency,style,1.5b,0.6571,open,8,5,5,0.2,0.0,0.00839,0.86164,0.11864,2.51204,1,0
luke8:item12:mcq,uw-174449-mcq,local_inconsistency:style,local_inconsistency,style,1.5b,0.6571,mcq,8,5,5,0.2,0.0,0.00839,0.86164,0.11864,2.51204,1,0
luke8:item14:mcq,uw-174452-mcq,local_inconsistency:style,local_inconsistency,style,1.5b,0.6571,mcq,8,5,5,0.2,0.0,0.00839,0.86164,0.11864,2.51204,1,0
luke8:item1:open,uw-174444-open,local_inconsistency:style,local_inconsistency,style,1.5b,0.6571,open,8,5,5,0.2,0.0,0.00839,0.86164,0.11864,2.51204,1,0
luke8:item2:mcq,uw-174444-mcq,local_inconsistency:style,local_inconsistency,style,1.5b,0.6571,mcq,8,5,5,0.2,0.0,0.00839,0.86164,0.11864,2.51204,1,0
luke8:item3:open,uw-174445-open,local_inconsistency:style,local_inconsistency,style,1.5b,0.6571,open,8,5,5,0.2,0.0,0.00839,0.86164,0.11864,2.51204,1,0
luke8:item5:open,uw-174446-open,local_inconsistency:style,local_inconsistency,style,1.5b,0.6571,open,8,5,5,0.2,0.0,0.00839,0.86164,0.11864,2.51204,1,0
luke8:item7:open,uw-174447-open,local_inconsistency:style,local_inconsistency,style,1.5b,0.6571,open,8,5,5,0.2,0.0,0.00839,0.86164,0.11864,2.51204,1,0
luke2:item23:open,uw-174362-open,local_inconsistency:style,local_inconsistency,style,1.5b,0.6571,open,2,5,5,0.2,0.04,0.00705,0.78996,0.09972,1.81423,1,1
luke5:item23:open,uw-174412-open,local_inconsistency:style,local_inconsistency,style,1.5b,0.6571,open,5,5,5,0.2,0.04,0.00705,0.78996,0.09972,1.81423,1,1
luke1:item18:mcq,uw-174328-mcq,local_inconsistency:style,local_inconsistency,style,1.5b,0.6571,mcq,1,5,5,0.2,0.0,0.00704,0.78924,0.09954,-1.80742,1,0
luke1:item28:mcq,uw-174333-mcq,local_inconsistency:style,local_inconsistency,style,1.5b,0.6571,mcq,1,5,5,0.2,0.0,0.00704,0.78924,0.09954,-1.80742,1,0
luke1:item32:mcq,uw-174336-mcq,local_inconsistency:style,local_inconsistency,style,1.5b,0.6571,mcq,1,5,5,0.2,0.0,0.00704,0.78924,0.09954,-1.80742,1,0
luke1:item33:open,uw-174339-open,local_inconsistency:style,local_inconsistency,style,1.5b,0.6571,open,1,5,5,0.2,0.0,0.00704,0.78924,0.09954,-1.80742,1,0
luke1:item34:mcq,uw-174339-mcq,local_inconsistency:style,local_inconsistency,style,1.5b,0.6571,mcq,1,5,5,0.2,0.0,0.00704,0.78924,0.09954,-1.80742,1,0
luke1:item43:open,uw-174344-open,local_inconsistency:style,local_inconsistency,style,1.5b,0.6571,open,1,5,5,0.2,0.0,0.00704,0.78924,0.09954,-1.80742,1,0
luke2:item22:mcq,uw-174361-mcq,local_inconsistency:style,local_inconsistency,style,1.5b,0.6571,mcq,2,5,5,0.2,0.0,0.00704,0.78924,0.09954,-1.80742,1,0
luke2:item6:mcq,uw-174349-mcq,local_inconsistency:style,local_inconsistency,style,1.5b,0.6571,mcq,2,5,5,0.2,0.0,0.00704,0.78924,0.09954,-1.80742,1,0
luke4:item17:open,uw-174388-open,local_inconsistency:style,local_inconsistency,style,1.5b,0.6571,open,4,5,5,0.2,0.0,0.00704,0.78924,0.09954,-1.80742,1,0
luke4:item18:mcq,uw-174388-mcq,local_inconsistency:style,local_inconsistency,style,1.5b,0.6571,mcq,4,5,5,0.2,0.0,0.00704,0.78924,0.09954,-1.80742,1,0
luke4:item20:mcq,uw-174389-mcq,local_inconsistency:style,local_inconsistency,style,1.5b,0.6571,mcq,4,5,5,0.2,0.0,0.00704,0.78924,0.09954,-1.80742,1,0
luke4:item21:open,uw-174392-open,local_inconsistency:style,local_inconsistency,style,1.5b,0.6571,open,4,5,5,0.2,0.0,0.00704,0.78924,0.09954,-1.80742,1,0
luke4:item24:mcq,uw-174393-mcq,local_inconsistency:style,local_inconsistency,style,1.5b,0.6571,mcq,4,5,5,0.2,0.0,0.00704,0.78924,0.09954,-1.80742,1,0
luke4:item28:mcq,uw-174395-mcq,local_inconsistency:style,local_inconsistency,style,1.5b,0.6571,mcq,4,5,5,0.2,0.0,0.00704,0.78924,0.09954,-1.80742,1,0
luke4:item2:mcq,uw-174377-mcq,local_inconsistency:style,local_inconsistency,style,1.5b,0.6571,mcq,4,5,5,0.2,0.0,0.00704,0.78924,0.09954,-1.80742,1,0
luke4:item5:open,uw-174379-open,local_inconsistency:style,local_inconsistency,style,1.5b,0.6571,open,4,5,5,0.2,0.0,0.00704,0.78924,0.09954,-1.80742,1,0
luke5:item22:mcq,uw-174410-mcq,local_inconsistency:style,local_inconsistency,style,1.5b,0.6571,mcq,5,5,5,0.2,0.0,0.00704,0.78924,0.09954,-1.80742,1,0
luke5:item3:open,uw-174401-open,local_inconsistency:style,local_inconsistency,style,1.5b,0.6571,open,5,5,5,0.2,0.0,0.00704,0.78924,0.09954,-1.80742,1,0
luke6:item12:mcq,uw-174424-mcq,local_inconsistency:style,local_inconsistency,style,1.5b,0.6571,mcq,6,5,5,0.2,0.0,0.00704,0.78924,0.09954,-1.80742,1,0
luke6:item5:open,uw-174421-open,local_inconsistency:style,local_inconsistency,style,1.5b,0.6571,open,6,5,5,0.2,0.0,0.00704,0.78924,0.09954,-1.80742,1,0
luke6:item9:open,uw-174423-open,local_inconsistency:style,local_inconsistency,style,1.5b,0.6571,open,6,5,5,0.2,0.0,0.00704,0.78924,0.09954,-1.80742,1,0
luke7:item12:mcq,uw-174436-mcq,local_inconsistency:style,local_inconsistency,style,1.5b,0.6571,mcq,7,5,5,0.2,0.0,0.00704,0.78924,0.09954,-1.80742,1,0
luke7:item14:mcq,uw-174440-mcq,local_inconsistency:style,local_inconsistency,style,1.5b,0.6571,mcq,7,5,5,0.2,0.0,0.00704,0.78924,0.09954,-1.80742,1,0
luke7:item18:mcq,uw-174442-mcq,local_inconsistency:style,local_inconsistency,style,1.5b,0.6571,mcq,7,5,5,0.2,0.0,0.00704,0.78924,0.09954,-1.80742,1,0
luke7:item4:mcq,uw-174430-mcq,local_inconsistency:style,local_inconsistency,style,1.5b,0.6571,mcq,7,5,5,0.2,0.0,0.00704,0.78924,0.09954,-1.80742,1,0
luke7:item6:mcq,uw-174431-mcq,local_inconsistency:style,local_inconsistency,style,1.5b,0.6571,mcq,7,5,5,0.2,0.0,0.00704,0.78924,0.09954,-1.80742,1,0
luke7:item8:mcq,uw-174432-mcq,local_inconsistency:style,local_inconsistency,style,1.5b,0.6571,mcq,7,5,5,0.2,0.0,0.00704,0.78924,0.09954,-1.80742,1,0
luke8:item13:open,uw-174452-open,local_inconsistency:style,local_inconsistency,style,1.5b,0.6571,open,8,5,5,0.2,0.0,0.00704,0.78924,0.09954,-1.80742,1,0
luke8:item16:mcq,uw-174454-mcq,local_inconsistency:style,local_inconsistency,style,1.5b,0.6571,mcq,8,5,5,0.2,0.0,0.00704,0.78924,0.09954,-1.80742,1,0
luke8:item17:open,uw-174455-open,local_inconsistency:style,local_inconsistency,style,1.5b,0.6571,open,8,5,5,0.2,0.0,0.00704,0.78924,0.09954,-1.80742,1,0
luke8:item18:mcq,uw-174455-mcq,local_inconsistency:style,local_inconsistency,style,1.5b,0.6571,mcq,8,5,5,0.2,0.0,0.00704,0.78924,0.09954,-1.80742,1,0
luke8:item4:mcq,uw-174445-mcq,local_inconsistency:style,local_inconsistency,style,1.5b,0.6571,mcq,8,5,5,0.2,0.0,0.00704,0.78924,0.09954,-1.80742,1,0
luke8:item6:mcq,uw-174446-mcq,local_inconsistency:style,local_inconsistency,style,1.5b,0.6571,mcq,8,5,5,0.2,0.0,0.00704,0.78924,0.09954,-1.80742,1,0
luke8:item8:mcq,uw-174447-mcq,local_inconsistency:style,local_inconsistency,style,1.5b,0.6571,mcq,8,5,5,0.2,0.0,0.00704,0.78924,0.09954,-1.80742,1,0
luke3:item5:open,uw-174367-open,local_inconsistency:style,local_inconsistency,style,1.5b,0.6571,open,3,5,5,0.2,0.04,0.00613,0.73629,0.08663,-1.29353,1,1
luke1:item41:open,uw-174343-open,local_inconsistency:style,local_inconsistency,style,1.5b,0.6571,open,1,5,5,0.2,0.06,0.00555,0.70074,0.07847,0.87907,1,1
luke4:item15:open,uw-174387-open,local_inconsistency:style,local_inconsistency,style,1.5b,0.6571,open,4,5,5,0.2,0.06,0.00555,0.70074,0.07847,0.87907,1,1
luke4:item39:open,uw-174399-open,local_inconsistency:style,local_inconsistency,style,1.5b,0.6571,open,4,5,5,0.2,0.06,0.00555,0.70074,0.07847,0.87907,1,1
luke1:item35:open,uw-174340-open,local_inconsistency:style,local_inconsistency,style,1.5b,0.6571,open,1,5,5,0.2,0.06,0.0052,0.67837,0.07354,-0.50688,1,1
luke1:item11:open,uw-174324-open,local_inconsistency:style,local_inconsistency,style,1.5b,0.6571,open,1,5,5,0.2,0.0,0.00504,0.66799,0.07131,0.16894,1,0
luke1:item15:open,uw-174326-open,local_inconsistency:style,local_inconsistency,style,1.5b,0.6571,open,1,5,5,0.2,0.0,0.00504,0.66799,0.07131,0.16894,1,0
luke1:item1:open,uw-174316-open,local_inconsistency:style,local_inconsistency,style,1.5b,0.6571,open,1,5,5,0.2,0.0,0.00504,0.66799,0.07131,0.16894,1,0
luke1:item31:open,uw-174336-open,local_inconsistency:style,local_inconsistency,style,1.5b,0.6571,open,1,5,5,0.2,0.0,0.00504,0.66799,0.07131,0.16894,1,0
luke1:item7:open,uw-174322-open,local_inconsistency:style,local_inconsistency,style,1.5b,0.6571,open,1,5,5,0.2,0.0,0.00504,0.66799,0.07131,0.16894,1,0
luke2:item15:open,uw-174355-open,local_inconsistency:style,local_inconsistency,style,1.5b,0.6571,open,2,5,5,0.2,0.0,0.00504,0.66799,0.07131,0.16894,1,0
luke2:item17:open,uw-174357-open,local_inconsistency:style,local_inconsistency,style,1.5b,0.6571,open,2,5,5,0.2,0.0,0.00504,0.66799,0.07131,0.16894,1,0
luke2:item21:open,uw-174361-open,local_inconsistency:style,local_inconsistency,style,1.5b,0.6571,open,2,5,5,0.2,0.04,0.00504,0.66793,0.07129,-0.16504,1,1
luke3:item11:open,uw-174374-open,local_inconsistency:style,local_inconsistency,style,1.5b,0.6571,open,3,5,5,0.2,0.0,0.00504,0.66799,0.07131,0.16894,1,0
luke3:item3:open,uw-174366-open,local_inconsistency:style,local_inconsistency,style,1.5b,0.6571,open,3,5,5,0.2,0.0,0.00504,0.66799,0.07131,0.16894,1,0
luke5:item1:open,uw-174400-open,local_inconsistency:style,local_inconsistency,style,1.5b,0.6571,open,5,5,5,0.2,0.0,0.00504,0.66799,0.07131,0.16894,1,0
luke7:item13:open,uw-174440-open,local_inconsistency:style,local_inconsistency,style,1.5b,0.6571,open,7,5,5,0.2,0.0,0.00504,0.66799,0.07131,0.16894,1,0
luke8:item9:open,uw-174448-open,local_inconsistency:style,local_inconsistency,style,1.5b,0.6571,open,8,5,5,0.2,0.0,0.00504,0.66799,0.07131,0.16894,1,0
luke2:item3:open,uw-174347-open,local_inconsistency:style,local_inconsistency,style,1.5b,0.6571,open,2,5,5,0.2,0.04,-0.15297,0.66976,-2.16328,-0.16584,1,1
luke1:item37:open,uw-174341-open,local_inconsistency:style,local_inconsistency,style,1.5b,0.6571,open,1,5,5,0.2,0.06,-0.1578,0.68029,-2.2316,-0.50942,1,1
luke8:item15:open,uw-174454-open,local_inconsistency:style,local_inconsistency,style,1.5b,0.6571,open,8,5,5,0.2,0.04,-0.15789,0.68048,-2.23283,0.51353,1,1
luke6:item13:open,uw-174427-open,local_inconsistency:style,local_inconsistency,style,1.5b,0.6571,open,6,5,5,0.2,0.04,-0.32288,0.68649,-4.56626,0.52162,1,1
luke4:item10:mcq,uw-174381-mcq,local_inconsistency:style,local_inconsistency,style,1.5b,0.6571,mcq,4,5,5,0.2,0.16,-0.34413,0.70894,-4.86678,-0.89399,1,1
luke2:item1:open,uw-174346-open,local_inconsistency:style,local_inconsistency,style,1.5b,0.6571,open,2,5,5,0.2,0.06,-0.34446,0.70928,-4.87141,0.89862,1,1
luke7:item9:open,uw-174434-open,local_inconsistency:style,local_inconsistency,style,1.5b,0.6571,open,7,5,5,0.2,0.06,-0.34446,0.70928,-4.87141,0.89862,1,1
luke1:item39:open,uw-174342-open,local_inconsistency:style,local_inconsistency,style,1.5b,0.6571,open,1,5,5,0.2,0.04,-0.43735,0.79834,-6.18505,1.86199,1,1
luke5:item5:open,uw-174402-open,local_inconsistency:style,local_inconsistency,style,1.5b,0.6571,open,5,5,5,0.2,0.04,-0.43735,0.79834,-6.18505,1.86199,1,1
luke2:item13:open,uw-174354-open,local_inconsistency:style,local_inconsistency,style,1.5b,0.6571,open,2,5,5,0.2,0.16,-0.7117,0.73456,-10.06493,0.95992,1,1
luke8:item5:open,uw-174448-open,local_inconsistency:style,local_inconsistency,style,1.7b,1.1343,open,8,4,4,0.15,0.25,0.94639,0.76808,16.92954,0.38724,1,1
luke7:item7:open,uw-174434-open,local_inconsistency:style,local_inconsistency,style,1.7b,1.1343,open,7,4,4,0.15,0.1875,0.80314,0.79994,14.36702,1.36389,1,1
luke2:item5:open,uw-174352-open,local_inconsistency:style,local_inconsistency,style,1.7b,1.1343,open,2,4,4,0.15,0.25,0.44995,0.72604,8.04895,0.3455,1,1
luke7:item1:open,uw-174429-open,local_inconsistency:style,local_inconsistency,style,1.7b,1.1343,open,7,4,4,0.15,0.25,0.44995,0.72604,8.04895,0.3455,1,1
luke1:item7:open,uw-174335-open,local_inconsistency:style,local_inconsistency,style,1.7b,1.1343,open,1,8,4,0.15,0.1875,0.363,0.65055,6.4935,1.20821,1,1
luke6:item5:open,uw-174423-open,local_inconsistency:style,local_inconsistency,style,1.7b,1.1343,open,6,4,4,0.15,0.1875,0.25364,0.77154,4.5373,1.25325,1,1
luke2:item3:open,uw-174349-open,local_inconsistency:style,local_inconsistency,style,1.7b,1.1343,open,2,4,4,0.15,0.1875,0.22116,0.72044,3.9563,-0.48158,1,1
luke1:item9:open,uw-174343-open,local_inconsistency:style,local_inconsistency,style,1.7b,1.1343,open,1,8,4,0.15,0.25,-0.00616,0.57898,-0.11023,0.1838,1,1
luke2:item9:open,uw-174362-open,local_inconsistency:style,local_inconsistency,style,1.7b,1.1343,open,2,4,4,0.15,0.0,-0.01133,0.78515,-0.20272,-1.43275,1,0
luke3:item1:open,uw-174366-open,local_inconsistency:style,local_inconsistency,style,1.7b,1.1343,open,3,4,4,0.15,0.0,-0.01133,0.78515,-0.20272,-1.43275,1,0
luke4:item1:open,uw-174388-open,local_inconsistency:style,local_inconsistency,style,1.7b,1.1343,open,4,4,4,0.15,0.0,-0.01133,0.78515,-0.20272,-1.43275,1,0
luke4:item4:mcq,uw-174389-mcq,local_inconsistency:style,local_inconsistency,style,1.7b,1.1343,mcq,4,4,4,0.15,0.0,-0.01133,0.78515,-0.20272,-1.43275,1,0
luke5:item1:open,uw-174402-open,local_inconsistency:style,local_inconsistency,style,1.7b,1.1343,open,5,4,4,0.15,0.0,-0.01133,0.78515,-0.20272,-1.43275,1,0
luke7:item3:open,uw-174431-open,local_inconsistency:style,local_inconsistency,style,1.7b,1.1343,open,7,4,4,0.15,0.0,-0.01133,0.78515,-0.20272,-1.43275,1,0
luke8:item3:open,uw-174446-open,local_inconsistency:style,local_inconsistency,style,1.7b,1.1343,open,8,4,4,0.15,0.0,-0.01133,0.78515,-0.20272,-1.43275,1,0
luke8:item7:open,uw-174449-open,local_inconsistency:style,local_inconsistency,style,1.7b,1.1343,open,8,4,4,0.15,0.0,-0.01133,0.78515,-0.20272,-1.43275,1,0
luke1:item1:open,uw-174316-open,local_inconsistency:style,local_inconsistency,style,1.7b,1.1343,open,1,8,4,0.15,0.0,-0.01373,0.86413,-0.24556,3.0699,1,0
luke1:item2:mcq,uw-174316-mcq,local_inconsistency:style,local_inconsistency,style,1.7b,1.1343,mcq,1,8,4,0.15,0.0,-0.01373,0.86413,-0.24556,3.0699,1,0
luke1:item3:open,uw-174318-open,local_inconsistency:style,local_inconsistency,style,1.7b,1.1343,open,1,8,4,0.15,0.0,-0.01373,0.86413,-0.24556,3.0699,1,0
luke1:item4:mcq,uw-174318-mcq,local_inconsistency:style,local_inconsistency,style,1.7b,1.1343,mcq,1,8,4,0.15,0.0,-0.01373,0.86413,-0.24556,3.0699,1,0
luke1:item5:open,uw-174322-open,local_inconsistency:style,local_inconsistency,style,1.7b,1.1343,open,1,8,4,0.15,0.0,-0.01373,0.86413,-0.24556,3.0699,1,0
luke1:item6:mcq,uw-174322-mcq,local_inconsistency:style,local_inconsistency,style,1.7b,1.1343,mcq,1,8,4,0.15,0.0,-0.01373,0.86413,-0.24556,3.0699,1,0
luke2:item10:mcq,uw-174362-mcq,local_inconsistency:style,local_inconsistency,style,1.7b,1.1343,mcq,2,4,4,0.15,0.0,-0.01482,0.89783,-0.26508,2.67836,1,0
luke2:item1:open,uw-174346-open,local_inconsistency:style,local_inconsistency,style,1.7b,1.1343,open,2,4,4,0.15,0.0,-0.01482,0.89783,-0.26508,2.67836,1,0
luke2:item2:mcq,uw-174346-mcq,local_inconsistency:style,local_inconsistency,style,1.7b,1.1343,mcq,2,4,4,0.15,0.0,-0.01482,0.89783,-0.26508,2.67836,1,0
luke2:item4:mcq,uw-174349-mcq,local_inconsistency:style,local_inconsistency,style,1.7b,1.1343,mcq,2,4,4,0.15,0.0,-0.01482,0.89783,-0.26508,2.67836,1,0
luke2:item6:mcq,uw-174352-mcq,local_inconsistency:style,local_inconsistency,style,1.7b,1.1343,mcq,2,4,4,0.15,0.0,-0.01482,0.89783,-0.26508,2.67836,1,0
luke2:item7:open,uw-174357-open,local_inconsistency:style,local_inconsistency,style,1.7b,1.1343,open,2,4,4,0.15,0.0,-0.01482,0.89783,-0.26508,2.67836,1,0
luke2:item8:mcq,uw-174357-mcq,local_inconsistency:style,local_inconsistency,style,1.7b,1.1343,mcq,2,4,4,0.15,0.0,-0.01482,0.89783,-0.26508,2.67836,1,0
luke3:item10:mcq,uw-174375-mcq,local_inconsistency:style,local_inconsistency,style,1.7b,1.1343,mcq,3,4,4,0.15,0.0,-0.01482,0.89783,-0.26508,2.67836,1,0
luke3:item2:mcq,uw-174366-mcq,local_inconsistency:style,local_inconsistency,style,1.7b,1.1343,mcq,3,4,4,0.15,0.0,-0.01482,0.89783,-0.26508,2.67836,1,0
luke3:item4:mcq,uw-174367-mcq,local_inconsistency:style,local_inconsistency,style,1.7b,1.1343,mcq,3,4,4,0.15,0.0,-0.01482,0.89783,-0.26508,2.67836,1,0
luke3:item5:open,uw-174368-open,local_inconsistency:style,local_inconsistency,style,1.7b,1.1343,open,3,4,4,0.15,0.0,-0.01482,0.89783,-0.26508,2.67836,1,0
luke3:item6:mcq,uw-174368-mcq,local_inconsistency:style,local_inconsistency,style,1.7b,1.1343,mcq,3,4,4,0.15,0.0,-0.01482,0.89783,-0.26508,2.67836,1,0
luke3:item7:open,uw-174374-open,local_inconsistency:style,local_inconsistency,style,1.7b,1.1343,open,3,4,4,0.15,0.0,-0.01482,0.89783,-0.26508,2.67836,1,0
luke3:item8:mcq,uw-174374-mcq,local_inconsistency:style,local_inconsistency,style,1.7b,1.1343,mcq,3,4,4,0.15,0.0,-0.01482,0.89783,-0.26508,2.67836,1,0
luke3:item9:open,uw-174375-open,local_inconsistency:style,local_inconsistency,style,1.7b,1.1343,open,3,4,4,0.15,0.0,-0.01482,0.89783,-0.26508,2.67836,1,0
luke4:item13:open,uw-174396-open,local_inconsistency:style,local_inconsistency,style,1.7b,1.1343,open,4,4,4,0.15,0.0,-0.01482,0.89783,-0.26508,2.67836,1,0
luke4:item14:mcq,uw-174396-mcq,local_inconsistency:style,local_inconsistency,style,1.7b,1.1343,mcq,4,4,4,0.15,0.0,-0.01482,0.89783,-0.26508,2.67836,1,0
luke4:item3:open,uw-174389-open,local_inconsistency:style,local_inconsistency,style,1.7b,1.1343,open,4,4,4,0.15,0.0,-0.01482,0.89783,-0.26508,2.67836,1,0
luke4:item5:open,uw-174393-open,local_inconsistency:style,local_inconsistency,style,1.7b,1.1343,open,4,4,4,0.15,0.0,-0.01482,0.89783,-0.26508,2.67836,1,0
luke4:item6:mcq,uw-174393-mcq,local_inconsistency:style,local_inconsistency,style,1.7b,1.1343,mcq,4,4,4,0.15,0.0,-0.01482,0.89783,-0.26508,2.67836,1,0
luke4:item8:mcq,uw-174394-mcq,local_inconsistency:style,local_inconsistency,style,1.7b,1.1343,mcq,4,4,4,0.15,0.0,-0.01482,0.89783,-0.26508,2.67836,1,0
luke5:item10:mcq,uw-174412-mcq,local_inconsistency:style,local_inconsistency,style,1.7b,1.1343,mcq,5,4,4,0.15,0.0,-0.01482,0.89783,-0.26508,2.67836,1,0
luke5:item2:mcq,uw-174402-mcq,local_inconsistency:style,local_inconsistency,style,1.7b,1.1343,mcq,5,4,4,0.15,0.0,-0.01482,0.89783,-0.26508,2.67836,1,0
luke5:item3:open,uw-174406-open,local_inconsistency:style,local_inconsistency,style,1.7b,1.1343,open,5,4,4,0.15,0.0,-0.01482,0.89783,-0.26508,2.67836,1,0
luke5:item4:mcq,uw-174406-mcq,local_inconsistency:style,local_inconsistency,style,1.7b,1.1343,mcq,5,4,4,0.15,0.0,-0.01482,0.89783,-0.26508,2.67836,1,0
luke5:item5:open,uw-174407-open,local_inconsistency:style,local_inconsistency,style,1.7b,1.1343,open,5,4,4,0.15,0.0,-0.01482,0.89783,-0.26508,2.67836,1,0
luke5:item6:mcq,uw-174407-mcq,local_inconsistency:style,local_inconsistency,style,1.7b,1.1343,mcq,5,4,4,0.15,0.0,-0.01482,0.89783,-0.26508,2.67836,1,0
luke5:item7:open,uw-174409-open,local_inconsistency:style,local_inconsistency,style,1.7b,1.1343,open,5,4,4,0.15,0.0,-0.01482,0.89783,-0.26508,2.67836,1,0
luke5:item8:mcq,uw-174409-mcq,local_inconsistency:style,local_inconsistency,style,1.7b,1.1343,mcq,5,4,4,0.15,0.0,-0.01482,0.89783,-0.26508,2.67836,1,0
luke5:item9:open,uw-174412-open,local_inconsistency:style,local_inconsistency,style,1.7b,1.1343,open,5,4,4,0.15,0.0,-0.01482,0.89783,-0.26508,2.67836,1,0
luke6:item10:mcq,uw-174428-mcq,local_inconsistency:style,local_inconsistency,style,1.7b,1.1343,mcq,6,4,4,0.15,0.0,-0.01482,0.89783,-0.26508,2.67836,1,0
luke6:item1:open,uw-174414-open,local_inconsistency:style,local_inconsistency,style,1.7b,1.1343,open,6,4,4,0.15,0.0,-0.01482,0.89783,-0.26508,2.67836,1,0
luke6:item2:mcq,uw-174414-mcq,local_inconsistency:style,local_inconsistency,style,1.7b,1.1343,mcq,6,4,4,0.15,0.0,-0.01482,0.89783,-0.26508,2.67836,1,0
luke6:item3:open,uw-174422-open,local_inconsistency:style,local_inconsistency,style,1.7b,1.1343,open,6,4,4,0.15,0.0,-0.01482,0.89783,-0.26508,2.67836,1,0
luke6:item4:mcq,uw-174422-mcq,local_inconsistency:style,local_inconsistency,style,1.7b,1.1343,mcq,6,4,4,0.15,0.0,-0.01482,0.89783,-0.26508,2.67836,1,0
luke6:item6:mcq,uw-174423-mcq,local_inconsistency:style,local_inconsistency,style,1.7b,1.1343,mcq,6,4,4,0.15,0.0,-0.01482,0.89783,-0.26508,2.67836,1,0
luke6:item7:open,uw-174424-open,local_inconsistency:style,local_inconsistency,style,1.7b,1.1343,open,6,4,4,0.15,0.0,-0.01482,0.89783,-0.26508,2.67836,1,0
luke6:item8:mcq,uw-174424-mcq,local_inconsistency:style,local_inconsistency,style,1.7b,1.1343,mcq,6,4,4,0.15,0.0,-0.01482,0.89783,-0.26508,2.67836,1,0
luke6:item9:open,uw-174428-open,local_inconsistency:style,local_inconsistency,style,1.7b,1.1343,open,6,4,4,0.15,0.0,-0.01482,0.89783,-0.26508,2.67836,1,0
luke7:item10:mcq,uw-174440-mcq,local_inconsistency:style,local_inconsistency,style,1.7b,1.1343,mcq,7,4,4,0.15,0.0,-0.01482,0.89783,-0.26508,2.67836,1,0
luke7:item2:mcq,uw-174429-mcq,local_inconsistency:style,local_inconsistency,style,1.7b,1.1343,mcq,7,4,4,0.15,0.0,-0.01482,0.89783,-0.26508,2.67836,1,0
luke7:item4:mcq,uw-174431-mcq,local_inconsistency:style,local_inconsistency,style,1.7b,1.1343,mcq,7,4,4,0.15,0.0,-0.01482,0.89783,-0.26508,2.67836,1,0
luke7:item5:open,uw-174432-open,local_inconsistency:style,local_inconsistency,style,1.7b,1.1343,open,7,4,4,0.15,0.0,-0.01482,0.89783,-0.26508,2.67836,1,0
luke7:item6:mcq,uw-174432-mcq,local_inconsistency:style,local_inconsistency,style,1.7b,1.1343,mcq,7,4,4,0.15,0.0,-0.01482,0.89783,-0.26508,2.67836,1,0
luke7:item8:mcq,uw-174434-mcq,local_inconsistency:style,local_inconsistency,style,1.7b,1.1343,mcq,7,4,4,0.15,0.0,-0.01482,0.89783,-0.26508,2.67836,1,0
luke7:item9:open,uw-174440-open,local_inconsistency:style,local_inconsistency,style,1.7b,1.1343,open,7,4,4,0.15,0.0,-0.01482,0.89783,-0.26508,2.67836,1,0
luke8:item10:mcq,uw-174454-mcq,local_inconsistency:style,local_inconsistency,style,1.7b,1.1343,mcq,8,4,4,0.15,0.0,-0.01482,0.89783,-0.26508,2.67836,1,0
luke8:item1:open,uw-174445-open,local_inconsistency:style,local_inconsistency,style,1.7b,1.1343,open,8,4,4,0.15,0.0,-0.01482,0.89783,-0.26508,2.67836,1,0
luke8:item2:mcq,uw-174445-mcq,local_inconsistency:style,local_inconsistency,style,1.7b,1.1343,mcq,8,4,4,0.15,0.0,-0.01482,0.89783,-0.26508,2.67836,1,0
luke8:item4:mcq,uw-174446-mcq,local_inconsistency:style,local_inconsistency,style,1.7b,1.1343,mcq,8,4,4,0.15,0.0,-0.01482,0.89783,-0.26508,2.67836,1,0
luke8:item6:mcq,uw-174448-mcq,local_inconsistency:style,local_inconsistency,style,1.7b,1.1343,mcq,8,4,4,0.15,0.0,-0.01482,0.89783,-0.26508,2.67836,1,0
luke8:item8:mcq,uw-174449-mcq,local_inconsistency:style,local_inconsistency,style,1.7b,1.1343,mcq,8,4,4,0.15,0.0,-0.01482,0.89783,-0.26508,2.67836,1,0
luke4:item2:mcq,uw-174388-mcq,local_inconsistency:style,local_inconsistency,style,1.7b,1.1343,mcq,4,4,4,0.15,0.1875,-0.27555,0.77219,-4.92914,1.25557,1,1
luke8:item9:open,uw-174454-open,local_inconsistency:style,local_inconsistency,style,1.7b,1.1343,open,8,4,4,0.15,0.1875,-0.27555,0.77219,-4.92914,1.25557,1,1
luke1:item10:mcq,uw-174343-mcq,local_inconsistency:style,local_inconsistency,style,1.7b,1.1343,mcq,1,8,4,0.15,0.1875,-0.77499,0.68315,-13.86348,1.30854,1,1
luke1:item8:mcq,uw-174335-mcq,local_inconsistency:style,local_inconsistency,style,1.7b,1.1343,mcq,1,8,4,0.15,0.1875,-0.77499,0.68315,-13.86348,1.30854,1,1
luke4:item7:open,uw-174394-open,local_inconsistency:style,local_inconsistency,style,1.7b,1.1343,open,4,4,4,0.15,0.1875,-0.82671,0.80155,-14.78873,1.37083,1,1
luke3:item3:open,uw-174367-open,local_inconsistency:style,local_inconsistency,style,1.7b,1.1343,open,3,4,4,0.15,0.25,-0.96814,0.77033,-17.31868,0.38961,1,1
luke4:item12:mcq,uw-174382-mcq,local_inconsistency:style,local_inconsistency,style,llama 1b,-0.3442,mcq,4,5,5,0.2,0.24,1.03216,0.74418,14.59694,0.4586,1,1
luke1:item13:open,uw-174325-open,local_inconsistency:style,local_inconsistency,style,llama 1b,-0.3442,open,1,5,5,0.2,0.16,0.88796,0.74272,12.55765,0.84419,1,1
luke6:item6:mcq,uw-174421-mcq,local_inconsistency:style,local_inconsistency,style,llama 1b,-0.3442,mcq,6,5,5,0.2,0.16,0.76129,0.75675,10.76626,1.24588,1,1
luke5:item19:open,uw-174409-open,local_inconsistency:style,local_inconsistency,style,llama 1b,-0.3442,open,5,5,5,0.2,0.06,0.54796,0.73207,7.74937,-1.07732,1,1
luke1:item27:open,uw-174333-open,local_inconsistency:style,local_inconsistency,style,llama 1b,-0.3442,open,1,5,5,0.2,0.04,0.42047,0.77722,5.94636,1.64996,1,1
luke3:item1:open,uw-174365-open,local_inconsistency:style,local_inconsistency,style,llama 1b,-0.3442,open,3,5,5,0.2,0.04,0.40517,0.76318,5.73001,-1.50823,1,1
luke4:item1:open,uw-174377-open,local_inconsistency:style,local_inconsistency,style,llama 1b,-0.3442,open,4,5,5,0.2,0.06,0.34046,0.69959,4.81478,0.75433,1,1
luke6:item9:open,uw-174423-open,local_inconsistency:style,local_inconsistency,style,llama 1b,-0.3442,open,6,5,5,0.2,0.06,0.33463,0.69351,4.73233,-0.65345,1,1
luke1:item43:open,uw-174344-open,local_inconsistency:style,local_inconsistency,style,llama 1b,-0.3442,open,1,5,5,0.2,0.04,0.32316,0.68137,4.5702,0.38995,1,1
luke1:item15:open,uw-174326-open,local_inconsistency:style,local_inconsistency,style,llama 1b,-0.3442,open,1,5,5,0.2,0.04,0.20132,0.7562,2.84711,-1.47966,1,1
luke1:item37:open,uw-174341-open,local_inconsistency:style,local_inconsistency,style,llama 1b,-0.3442,open,1,5,5,0.2,0.04,0.20132,0.7562,2.84711,-1.47966,1,1
luke2:item19:open,uw-174359-open,local_inconsistency:style,local_inconsistency,style,llama 1b,-0.3442,open,2,5,5,0.2,0.06,0.1796,0.71425,2.53992,-1.02854,1,1
luke7:item15:open,uw-174441-open,local_inconsistency:style,local_inconsistency,style,llama 1b,-0.3442,open,7,5,5,0.2,0.06,0.1796,0.71425,2.53992,-1.02854,1,1
luke1:item31:open,uw-174336-open,local_inconsistency:style,local_inconsistency,style,llama 1b,-0.3442,open,1,5,5,0.2,0.06,0.16918,0.69317,2.3925,0.74193,1,1
luke5:item21:open,uw-174410-open,local_inconsistency:style,local_inconsistency,style,llama 1b,-0.3442,open,5,5,5,0.2,0.06,0.16629,0.68722,2.35171,-0.64289,1,1
luke5:item5:open,uw-174402-open,local_inconsistency:style,local_inconsistency,style,llama 1b,-0.3442,open,5,5,5,0.2,0.06,0.16629,0.68722,2.35171,-0.64289,1,1
luke2:item17:open,uw-174357-open,local_inconsistency:style,local_inconsistency,style,llama 1b,-0.3442,open,2,5,5,0.2,0.04,0.15928,0.67253,2.2526,-0.29182,1,1
luke5:item23:open,uw-174412-open,local_inconsistency:style,local_inconsistency,style,llama 1b,-0.3442,open,5,5,5,0.2,0.04,0.15928,0.67253,2.2526,-0.29182,1,1
luke3:item7:open,uw-174368-open,local_inconsistency:style,local_inconsistency,style,llama 1b,-0.3442,open,3,5,5,0.2,0.1,0.15748,0.6687,2.22717,0.04495,1,1
luke1:item10:mcq,uw-174323-mcq,local_inconsistency:style,local_inconsistency,style,llama 1b,-0.3442,mcq,1,5,5,0.2,0.0,0.0,0.83308,0.0,2.22276,1,0
luke1:item11:open,uw-174324-open,local_inconsistency:style,local_inconsistency,style,llama 1b,-0.3442,open,1,5,5,0.2,0.0,0.0,0.83308,0.0,2.22276,1,0
luke1:item12:mcq,uw-174324-mcq,local_inconsistency:style,local_inconsistency,style,llama 1b,-0.3442,mcq,1,5,5,0.2,0.0,0.0,0.83308,0.0,2.22276,1,0
luke1:item14:mcq,uw-174325-mcq,local_inconsistency:style,local_inconsistency,style,llama 1b,-0.3442,mcq,1,5,5,0.2,0.0,0.0,0.83308,0.0,2.22276,1,0
luke1:item16:mcq,uw-174326-mcq,local_inconsistency:style,local_inconsistency,style,llama 1b,-0.3442,mcq,1,5,5,0.2,0.0,0.0,0.83308,0.0,2.22276,1,0
luke1:item17:open,uw-174328-open,local_inconsistency:style,local_inconsistency,style,llama 1b,-0.3442,open,1,5,5,0.2,0.0,0.0,0.83308,0.0,2.22276,1,0
luke1:item18:mcq,uw-174328-mcq,local_inconsistency:style,local_inconsistency,style,llama 1b,-0.3442,mcq,1,5,5,0.2,0.0,0.0,0.81378,0.0,-2.03772,1,0
luke1:item1:open,uw-174316-open,local_inconsistency:style,local_inconsistency,style,llama 1b,-0.3442,open,1,5,5,0.2,0.0,0.0,0.81378,0.0,-2.03772,1,0
luke1:item21:open,uw-174330-open,local_inconsistency:style,local_inconsistency,style,llama 1b,-0.3442,open,1,5,5,0.2,0.0,0.0,0.83308,0.0,2.22276,1,0
luke1:item22:mcq,uw-174330-mcq,local_inconsistency:style,local_inconsistency,style,llama 1b,-0.3442,mcq,1,5,5,0.2,0.0,0.0,0.83308,0.0,2.22276,1,0
luke1:item24:mcq,uw-174331-mcq,local_inconsistency:style,local_inconsistency,style,llama 1b,-0.3442,mcq,1,5,5,0.2,0.0,0.0,0.83308,0.0,2.22276,1,0
luke1:item25:open,uw-174332-open,local_inconsistency:style,local_inconsistency,style,llama 1b,-0.3442,open,1,5,5,0.2,0.0,0.0,0.83308,0.0,2.22276,1,0
luke1:item26:mcq,uw-174332-mcq,local_inconsistency:style,local_inconsistency,style,llama 1b,-0.3442,mcq,1,5,5,0.2,0.0,0.0,0.83308,0.0,2.22276,1,0
luke1:item28:mcq,uw-174333-mcq,local_inconsistency:style,local_inconsistency,style,llama 1b,-0.3442,mcq,1,5,5,0.2,0.0,0.0,0.83308,0.0,2.22276,1,0
luke1:item29:open,uw-174335-open,local_inconsistency:style,local_inconsistency,style,llama 1b,-0.3442,open,1,5,5,0.2,0.0,0.0,0.81378,0.0,-2.03772,1,0
luke1:item2:mcq,uw-174316-mcq,local_inconsistency:style,local_inconsistency,style,llama 1b,-0.3442,mcq,1,5,5,0.2,0.0,0.0,0.83308,0.0,2.22276,1,0
luke1:item30:mcq,uw-174335-mcq,local_inconsistency:style,local_inconsistency,style,llama 1b,-0.3442,mcq,1,5,5,0.2,0.0,0.0,0.83308,0.0,2.22276,1,0
luke1:item32:mcq,uw-174336-mcq,local_inconsistency:style,local_inconsistency,style,llama 1b,-0.3442,mcq,1,5,5,0.2,0.0,0.0,0.81378,0.0,-2.03772,1,0
luke1:item33:open,uw-174339-open,local_inconsistency:style,local_inconsistency,style,llama 1b,-0.3442,open,1,5,5,0.2,0.0,0.0,0.83308,0.0,2.22276,1,0
luke1:item34:mcq,uw-174339-mcq,local_inconsistency:style,local_inconsistency,style,llama 1b,-0.3442,mcq,1,5,5,0.2,0.0,0.0,0.81378,0.0,-2.03772,1,0
luke1:item35:open,uw-174340-open,local_inconsistency:style,local_inconsistency,style,llama 1b,-0.3442,open,1,5,5,0.2,0.0,0.0,0.83308,0.0,2.22276,1,0
luke1:item36:mcq,uw-174340-mcq,local_inconsistency:style,local_inconsistency,style,llama 1b,-0.3442,mcq,1,5,5,0.2,0.0,0.0,0.83308,0.0,2.22276,1,0
luke1:item38:mcq,uw-174341-mcq,local_inconsistency:style,local_inconsistency,style,llama 1b,-0.3442,mcq,1,5,5,0.2,0.0,0.0,0.81378,0.0,-2.03772,1,0
luke1:item40:mcq,uw-174342-mcq,local_inconsistency:style,local_inconsistency,style,llama 1b,-0.3442,mcq,1,5,5,0.2,0.0,0.0,0.83308,0.0,2.22276,1,0
luke1:item41:open,uw-174343-open,local_inconsistency:style,local_inconsistency,style,llama 1b,-0.3442,open,1,5,5,0.2,0.0,0.0,0.81378,0.0,-2.03772,1,0
luke1:item42:mcq,uw-174343-mcq,local_inconsistency:style,local_inconsistency,style,llama 1b,-0.3442,mcq,1,5,5,0.2,0.0,0.0,0.81378,0.0,-2.03772,1,0
luke1:item44:mcq,uw-174344-mcq,local_inconsistency:style,local_inconsistency,style,llama 1b,-0.3442,mcq,1,5,5,0.2,0.0,0.0,0.83308,0.0,2.22276,1,0
luke1:item4:mcq,uw-174317-mcq,local_inconsistency:style,local_inconsistency,style,llama 1b,-0.3442,mcq,1,5,5,0.2,0.0,0.0,0.83308,0.0,2.22276,1,0
luke1:item5:open,uw-174318-open,local_inconsistency:style,local_inconsistency,style,llama 1b,-0.3442,open,1,5,5,0.2,0.0,0.0,0.83308,0.0,2.22276,1,0
luke1:item6:mcq,uw-174318-mcq,local_inconsistency:style,local_inconsistency,style,llama 1b,-0.3442,mcq,1,5,5,0.2,0.0,0.0,0.81378,0.0,-2.03772,1,0
luke1:item8:mcq,uw-174322-mcq,local_inconsistency:style,local_inconsistency,style,llama 1b,-0.3442,mcq,1,5,5,0.2,0.0,0.0,0.83308,0.0,2.22276,1,0
luke1:item9:open,uw-174323-open,local_inconsistency:style,local_inconsistency,style,llama 1b,-0.3442,open,1,5,5,0.2,0.2,0.0,0.66676,0.0,0.04472,1,1
luke2:item10:mcq,uw-174351-mcq,local_inconsistency:style,local_inconsistency,style,llama 1b,-0.3442,mcq,2,5,5,0.2,0.0,0.0,0.83308,0.0,2.22276,1,0
luke2:item11:open,uw-174352-open,local_inconsistency:style,local_inconsistency,style,llama 1b,-0.3442,open,2,5,5,0.2,0.0,0.0,0.81378,0.0,-2.03772,1,0
luke2:item12:mcq,uw-174352-mcq,local_inconsistency:style,local_inconsistency,style,llama 1b,-0.3442,mcq,2,5,5,0.2,0.0,0.0,0.81378,0.0,-2.03772,1,0
luke2:item13:open,uw-174354-open,local_inconsistency:style,local_inconsistency,style,llama 1b,-0.3442,open,2,5,5,0.2,0.0,0.0,0.83308,0.0,2.22276,1,0
luke2:item14:mcq,uw-174354-mcq,local_inconsistency:style,local_inconsistency,style,llama 1b,-0.3442,mcq,2,5,5,0.2,0.0,0.0,0.83308,0.0,2.22276,1,0
luke2:item15:open,uw-174355-open,local_inconsistency:style,local_inconsistency,style,llama 1b,-0.3442,open,2,5,5,0.2,0.0,0.0,0.81378,0.0,-2.03772,1,0
luke2:item16:mcq,uw-174355-mcq,local_inconsistency:style,local_inconsistency,style,llama 1b,-0.3442,mcq,2,5,5,0.2,0.0,0.0,0.83308,0.0,2.22276,1,0
luke2:item18:mcq,uw-174357-mcq,local_inconsistency:style,local_inconsistency,style,llama 1b,-0.3442,mcq,2,5,5,0.2,0.0,0.0,0.83308,0.0,2.22276,1,0
luke2:item1:open,uw-174346-open,local_inconsistency:style,local_inconsistency,style,llama 1b,-0.3442,open,2,5,5,0.2,0.0,0.0,0.83308,0.0,2.22276,1,0
luke2:item20:mcq,uw-174359-mcq,local_inconsistency:style,local_inconsistency,style,llama 1b,-0.3442,mcq,2,5,5,0.2,0.0,0.0,0.83308,0.0,2.22276,1,0
luke2:item21:open,uw-174361-open,local_inconsistency:style,local_inconsistency,style,llama 1b,-0.3442,open,2,5,5,0.2,0.0,0.0,0.66676,0.0,0.04472,1,0
luke2:item22:mcq,uw-174361-mcq,local_inconsistency:style,local_inconsistency,style,llama 1b,-0.3442,mcq,2,5,5,0.2,0.0,0.0,0.83308,0.0,2.22276,1,0
luke2:item23:open,uw-174362-open,local_inconsistency:style,local_inconsistency,style,llama 1b,-0.3442,open,2,5,5,0.2,0.0,0.0,0.81378,0.0,-2.03772,1,0
luke2:item24:mcq,uw-174362-mcq,local_inconsistency:style,local_inconsistency,style,llama 1b,-0.3442,mcq,2,5,5,0.2,0.0,0.0,0.81378,0.0,-2.03772,1,0
luke2:item2:mcq,uw-174346-mcq,local_inconsistency:style,local_inconsistency,style,llama 1b,-0.3442,mcq,2,5,5,0.2,0.0,0.0,0.83308,0.0,2.22276,1,0
luke2:item4:mcq,uw-174347-mcq,local_inconsistency:style,local_inconsistency,style,llama 1b,-0.3442,mcq,2,5,5,0.2,0.0,0.0,0.83308,0.0,2.22276,1,0
luke2:item5:open,uw-174349-open,local_inconsistency:style,local_inconsistency,style,llama 1b,-0.3442,open,2,5,5,0.2,0.06,-0.0,0.72158,-0.0,1.13458,1,1
luke2:item6:mcq,uw-174349-mcq,local_inconsistency:style,local_inconsistency,style,llama 1b,-0.3442,mcq,2,5,5,0.2,0.0,0.0,0.83308,0.0,2.22276,1,0
luke2:item7:open,uw-174350-open,local_inconsistency:style,local_inconsistency,style,llama 1b,-0.3442,open,2,5,5,0.2,0.0,0.0,0.81378,0.0,-2.03772,1,0
luke2:item8:mcq,uw-174350-mcq,local_inconsistency:style,local_inconsistency,style,llama 1b,-0.3442,mcq,2,5,5,0.2,0.0,0.0,0.83308,0.0,2.22276,1,0
luke2:item9:open,uw-174351-open,local_inconsistency:style,local_inconsistency,style,llama 1b,-0.3442,open,2,5,5,0.2,0.0,0.0,0.81378,0.0,-2.03772,1,0
luke3:item10:mcq,uw-174370-mcq,local_inconsistency:style,local_inconsistency,style,llama 1b,-0.3442,mcq,3,5,5,0.2,0.0,0.0,0.81378,0.0,-2.03772,1,0
luke3:item11:open,uw-174374-open,local_inconsistency:style,local_inconsistency,style,llama 1b,-0.3442,open,3,5,5,0.2,0.0,0.0,0.81378,0.0,-2.03772,1,0
luke3:item12:mcq,uw-174374-mcq,local_inconsistency:style,local_inconsistency,style,llama 1b,-0.3442,mcq,3,5,5,0.2,0.0,0.0,0.83308,0.0,2.22276,1,0
luke3:item13:open,uw-174375-open,local_inconsistency:style,local_inconsistency,style,llama 1b,-0.3442,open,3,5,5,0.2,0.0,0.0,0.83308,0.0,2.22276,1,0
luke3:item14:mcq,uw-174375-mcq,local_inconsistency:style,local_inconsistency,style,llama 1b,-0.3442,mcq,3,5,5,0.2,0.0,0.0,0.83308,0.0,2.22276,1,0
luke3:item2:mcq,uw-174365-mcq,local_inconsistency:style,local_inconsistency,style,llama 1b,-0.3442,mcq,3,5,5,0.2,0.0,0.0,0.83308,0.0,2.22276,1,0
luke3:item3:open,uw-174366-open,local_inconsistency:style,local_inconsistency,style,llama 1b,-0.3442,open,3,5,5,0.2,0.0,0.0,0.83308,0.0,2.22276,1,0
luke3:item4:mcq,uw-174366-mcq,local_inconsistency:style,local_inconsistency,style,llama 1b,-0.3442,mcq,3,5,5,0.2,0.0,0.0,0.83308,0.0,2.22276,1,0
luke3:item5:open,uw-174367-open,local_inconsistency:style,local_inconsistency,style,llama 1b,-0.3442,open,3,5,5,0.2,0.0,0.0,0.81378,0.0,-2.03772,1,0
luke3:item6:mcq,uw-174367-mcq,local_inconsistency:style,local_inconsistency,style,llama 1b,-0.3442,mcq,3,5,5,0.2,0.0,0.0,0.81378,0.0,-2.03772,1,0
luke3:item8:mcq,uw-174368-mcq,local_inconsistency:style,local_inconsistency,style,llama 1b,-0.3442,mcq,3,5,5,0.2,0.0,0.0,0.83308,0.0,2.22276,1,0
luke3:item9:open,uw-174370-open,local_inconsistency:style,local_inconsistency,style,llama 1b,-0.3442,open,3,5,5,0.2,0.0,0.0,0.81378,0.0,-2.03772,1,0
luke4:item10:mcq,uw-174381-mcq,local_inconsistency:style,local_inconsistency,style,llama 1b,-0.3442,mcq,4,5,5,0.2,0.0,0.0,0.81378,0.0,-2.03772,1,0
luke4:item11:open,uw-174382-open,local_inconsistency:style,local_inconsistency,style,llama 1b,-0.3442,open,4,5,5,0.2,0.0,0.0,0.81378,0.0,-2.03772,1,0
luke4:item13:open,uw-174384-open,local_inconsistency:style,local_inconsistency,style,llama 1b,-0.3442,open,4,5,5,0.2,0.0,0.0,0.83308,0.0,2.22276,1,0
luke4:item14:mcq,uw-174384-mcq,local_inconsistency:style,local_inconsistency,style,llama 1b,-0.3442,mcq,4,5,5,0.2,0.0,0.0,0.83308,0.0,2.22276,1,0
luke4:item15:open,uw-174387-open,local_inconsistency:style,local_inconsistency,style,llama 1b,-0.3442,open,4,5,5,0.2,0.0,0.0,0.81378,0.0,-2.03772,1,0
luke4:item16:mcq,uw-174387-mcq,local_inconsistency:style,local_inconsistency,style,llama 1b,-0.3442,mcq,4,5,5,0.2,0.0,0.0,0.83308,0.0,2.22276,1,0
luke4:item17:open,uw-174388-open,local_inconsistency:style,local_inconsistency,style,llama 1b,-0.3442,open,4,5,5,0.2,0.0,0.0,0.83308,0.0,2.22276,1,0
luke4:item18:mcq,uw-174388-mcq,local_inconsistency:style,local_inconsistency,style,llama 1b,-0.3442,mcq,4,5,5,0.2,0.0,0.0,0.83308,0.0,2.22276,1,0
luke4:item19:open,uw-174389-open,local_inconsistency:style,local_inconsistency,style,llama 1b,-0.3442,open,4,5,5,0.2,0.0,0.0,0.81378,0.0,-2.03772,1,0
luke4:item20:mcq,uw-174389-mcq,local_inconsistency:style,local_inconsistency,style,llama 1b,-0.3442,mcq,4,5,5,0.2,0.0,0.0,0.81378,0.0,-2.03772,1,0
luke4:item21:open,uw-174392-open,local_inconsistency:style,local_inconsistency,style,llama 1b,-0.3442,open,4,5,5,0.2,0.0,0.0,0.83308,0.0,2.22276,1,0
luke4:item22:mcq,uw-174392-mcq,local_inconsistency:style,local_inconsistency,style,llama 1b,-0.3442,mcq,4,5,5,0.2,0.0,0.0,0.81378,0.0,-2.03772,1,0
luke4:item23:open,uw-174393-open,local_inconsistency:style,local_inconsistency,style,llama 1b,-0.3442,open,4,5,5,0.2,0.0,0.0,0.81378,0.0,-2.03772,1,0
luke4:item24:mcq,uw-174393-mcq,local_inconsistency:style,local_inconsistency,style,llama 1b,-0.3442,mcq,4,5,5,0.2,0.0,0.0,0.83308,0.0,2.22276,1,0
luke4:item25:open,uw-174394-open,local_inconsistency:style,local_inconsistency,style,llama 1b,-0.3442,open,4,5,5,0.2,0.0,0.0,0.83308,0.0,2.22276,1,0
luke4:item26:mcq,uw-174394-mcq,local_inconsistency:style,local_inconsistency,style,llama 1b,-0.3442,mcq,4,5,5,0.2,0.0,0.0,0.83308,0.0,2.22276,1,0
luke4:item27:open,uw-174395-open,local_inconsistency:style,local_inconsistency,style,llama 1b,-0.3442,open,4,5,5,0.2,0.0,0.0,0.83308,0.0,2.22276,1,0
luke4:item28:mcq,uw-174395-mcq,local_inconsistency:style,local_inconsistency,style,llama 1b,-0.3442,mcq,4,5,5,0.2,0.0,0.0,0.83308,0.0,2.22276,1,0
luke4:item2:mcq,uw-174377-mcq,local_inconsistency:style,local_inconsistency,style,llama 1b,-0.3442,mcq,4,5,5,0.2,0.0,0.0,0.81378,0.0,-2.03772,1,0
luke4:item33:open,uw-174397-open,local_inconsistency:style,local_inconsistency,style,llama 1b,-0.3442,open,4,5,5,0.2,0.0,0.0,0.83308,0.0,2.22276,1,0
luke4:item34:mcq,uw-174397-mcq,local_inconsistency:style,local_inconsistency,style,llama 1b,-0.3442,mcq,4,5,5,0.2,0.0,0.0,0.83308,0.0,2.22276,1,0
luke4:item39:open,uw-174399-open,local_inconsistency:style,local_inconsistency,style,llama 1b,-0.3442,open,4,5,5,0.2,0.0,0.0,0.81378,0.0,-2.03772,1,0
luke4:item3:open,uw-174378-open,local_inconsistency:style,local_inconsistency,style,llama 1b,-0.3442,open,4,5,5,0.2,0.0,0.0,0.83308,0.0,2.22276,1,0
luke4:item40:mcq,uw-174399-mcq,local_inconsistency:style,local_inconsistency,style,llama 1b,-0.3442,mcq,4,5,5,0.2,0.0,0.0,0.83308,0.0,2.22276,1,0
luke4:item42:mcq,uw-174396-mcq,local_inconsistency:style,local_inconsistency,style,llama 1b,-0.3442,mcq,4,5,5,0.2,0.0,0.0,0.83308,0.0,2.22276,1,0
luke4:item43:open,uw-174398-open,local_inconsistency:style,local_inconsistency,style,llama 1b,-0.3442,open,4,5,5,0.2,0.0,0.0,0.81378,0.0,-2.03772,1,0
luke4:item44:mcq,uw-174398-mcq,local_inconsistency:style,local_inconsistency,style,llama 1b,-0.3442,mcq,4,5,5,0.2,0.0,0.0,0.81378,0.0,-2.03772,1,0
luke4:item4:mcq,uw-174378-mcq,local_inconsistency:style,local_inconsistency,style,llama 1b,-0.3442,mcq,4,5,5,0.2,0.0,0.0,0.83308,0.0,2.22276,1,0
luke4:item5:open,uw-174379-open,local_inconsistency:style,local_inconsistency,style,llama 1b,-0.3442,open,4,5,5,0.2,0.0,0.0,0.83308,0.0,2.22276,1,0
luke4:item6:mcq,uw-174379-mcq,local_inconsistency:style,local_inconsistency,style,llama 1b,-0.3442,mcq,4,5,5,0.2,0.0,0.0,0.83308,0.0,2.22276,1,0
luke4:item7:open,uw-174380-open,local_inconsistency:style,local_inconsistency,style,llama 1b,-0.3442,open,4,5,5,0.2,0.0,0.0,0.83308,0.0,2.22276,1,0
luke4:item8:mcq,uw-174380-mcq,local_inconsistency:style,local_inconsistency,style,llama 1b,-0.3442,mcq,4,5,5,0.2,0.0,0.0,0.83308,0.0,2.22276,1,0
luke4:item9:open,uw-174381-open,local_inconsistency:style,local_inconsistency,style,llama 1b,-0.3442,open,4,5,5,0.2,0.0,0.0,0.83308,0.0,2.22276,1,0
luke5:item12:mcq,uw-174404-mcq,local_inconsistency:style,local_inconsistency,style,llama 1b,-0.3442,mcq,5,5,5,0.2,0.0,0.0,0.83308,0.0,2.22276,1,0
luke5:item13:open,uw-174406-open,local_inconsistency:style,local_inconsistency,style,llama 1b,-0.3442,open,5,5,5,0.2,0.0,0.0,0.83308,0.0,2.22276,1,0
luke5:item14:mcq,uw-174406-mcq,local_inconsistency:style,local_inconsistency,style,llama 1b,-0.3442,mcq,5,5,5,0.2,0.0,0.0,0.81378,0.0,-2.03772,1,0
luke5:item16:mcq,uw-174407-mcq,local_inconsistency:style,local_inconsistency,style,llama 1b,-0.3442,mcq,5,5,5,0.2,0.0,0.0,0.83308,0.0,2.22276,1,0
luke5:item17:open,uw-174408-open,local_inconsistency:style,local_inconsistency,style,llama 1b,-0.3442,open,5,5,5,0.2,0.0,0.0,0.81378,0.0,-2.03772,1,0
luke5:item18:mcq,uw-174408-mcq,local_inconsistency:style,local_inconsistency,style,llama 1b,-0.3442,mcq,5,5,5,0.2,0.0,0.0,0.83308,0.0,2.22276,1,0
luke5:item1:open,uw-174400-open,local_inconsistency:style,local_inconsistency,style,llama 1b,-0.3442,open,5,5,5,0.2,0.0,0.0,0.83308,0.0,2.22276,1,0
luke5:item20:mcq,uw-174409-mcq,local_inconsistency:style,local_inconsistency,style,llama 1b,-0.3442,mcq,5,5,5,0.2,0.0,0.0,0.83308,0.0,2.22276,1,0
luke5:item22:mcq,uw-174410-mcq,local_inconsistency:style,local_inconsistency,style,llama 1b,-0.3442,mcq,5,5,5,0.2,0.0,0.0,0.83308,0.0,2.22276,1,0
luke5:item24:mcq,uw-174412-mcq,local_inconsistency:style,local_inconsistency,style,llama 1b,-0.3442,mcq,5,5,5,0.2,0.0,0.0,0.81378,0.0,-2.03772,1,0
luke5:item25:open,uw-174403-open,local_inconsistency:style,local_inconsistency,style,llama 1b,-0.3442,open,5,5,5,0.2,0.0,0.0,0.83308,0.0,2.22276,1,0
luke5:item26:mcq,uw-174403-mcq,local_inconsistency:style,local_inconsistency,style,llama 1b,-0.3442,mcq,5,5,5,0.2,0.0,0.0,0.83308,0.0,2.22276,1,0
luke5:item2:mcq,uw-174400-mcq,local_inconsistency:style,local_inconsistency,style,llama 1b,-0.3442,mcq,5,5,5,0.2,0.0,0.0,0.81378,0.0,-2.03772,1,0
luke5:item3:open,uw-174401-open,local_inconsistency:style,local_inconsistency,style,llama 1b,-0.3442,open,5,5,5,0.2,0.0,0.0,0.81378,0.0,-2.03772,1,0
luke5:item4:mcq,uw-174401-mcq,local_inconsistency:style,local_inconsistency,style,llama 1b,-0.3442,mcq,5,5,5,0.2,0.0,0.0,0.83308,0.0,2.22276,1,0
luke5:item6:mcq,uw-174402-mcq,local_inconsistency:style,local_inconsistency,style,llama 1b,-0.3442,mcq,5,5,5,0.2,0.0,0.0,0.81378,0.0,-2.03772,1,0
luke6:item10:mcq,uw-174423-mcq,local_inconsistency:style,local_inconsistency,style,llama 1b,-0.3442,mcq,6,5,5,0.2,0.0,0.0,0.83308,0.0,2.22276,1,0
luke6:item11:open,uw-174424-open,local_inconsistency:style,local_inconsistency,style,llama 1b,-0.3442,open,6,5,5,0.2,0.0,0.0,0.81378,0.0,-2.03772,1,0
luke6:item12:mcq,uw-174424-mcq,local_inconsistency:style,local_inconsistency,style,llama 1b,-0.3442,mcq,6,5,5,0.2,0.0,0.0,0.83308,0.0,2.22276,1,0
luke6:item14:mcq,uw-174427-mcq,local_inconsistency:style,local_inconsistency,style,llama 1b,-0.3442,mcq,6,5,5,0.2,0.0,0.0,0.83308,0.0,2.22276,1,0
luke6:item15:open,uw-174428-open,local_inconsistency:style,local_inconsistency,style,llama 1b,-0.3442,open,6,5,5,0.2,0.0,0.0,0.81378,0.0,-2.03772,1,0
luke6:item16:mcq,uw-174428-mcq,local_inconsistency:style,local_inconsistency,style,llama 1b,-0.3442,mcq,6,5,5,0.2,0.0,0.0,0.83308,0.0,2.22276,1,0
luke6:item1:open,uw-174414-open,local_inconsistency:style,local_inconsistency,style,llama 1b,-0.3442,open,6,5,5,0.2,0.0,0.0,0.81378,0.0,-2.03772,1,0
luke6:item2:mcq,uw-174414-mcq,local_inconsistency:style,local_inconsistency,style,llama 1b,-0.3442,mcq,6,5,5,0.2,0.0,0.0,0.81378,0.0,-2.03772,1,0
luke6:item3:open,uw-174415-open,local_inconsistency:style,local_inconsistency,style,llama 1b,-0.3442,open,6,5,5,0.2,0.0,0.0,0.81378,0.0,-2.03772,1,0
luke6:item4:mcq,uw-174415-mcq,local_inconsistency:style,local_inconsistency,style,llama 1b,-0.3442,mcq,6,5,5,0.2,0.0,0.0,0.81378,0.0,-2.03772,1,0
luke6:item5:open,uw-174421-open,local_inconsistency:style,local_inconsistency,style,llama 1b,-0.3442,open,6,5,5,0.2,0.0,0.0,0.66676,0.0,0.04472,1,0
luke6:item7:open,uw-174422-open,local_inconsistency:style,local_inconsistency,style,llama 1b,-0.3442,open,6,5,5,0.2,0.0,0.0,0.83308,0.0,2.22276,1,0
luke6:item8:mcq,uw-174422-mcq,local_inconsistency:style,local_inconsistency,style,llama 1b,-0.3442,mcq,6,5,5,0.2,0.0,0.0,0.83308,0.0,2.22276,1,0
luke7:item10:mcq,uw-174434-mcq,local_inconsistency:style,local_inconsistency,style,llama 1b,-0.3442,mcq,7,5,5,0.2,0.0,0.0,0.81378,0.0,-2.03772,1,0
luke7:item12:mcq,uw-174436-mcq,local_inconsistency:style,local_inconsistency,style,llama 1b,-0.3442,mcq,7,5,5,0.2,0.0,0.0,0.83308,0.0,2.22276,1,0
luke7:item13:open,uw-174440-open,local_inconsistency:style,local_inconsistency,style,llama 1b,-0.3442,open,7,5,5,0.2,0.0,0.0,0.81378,0.0,-2.03772,1,0
luke7:item14:mcq,uw-174440-mcq,local_inconsistency:style,local_inconsistency,style,llama 1b,-0.3442,mcq,7,5,5,0.2,0.0,0.0,0.83308,0.0,2.22276,1,0
luke7:item16:mcq,uw-174441-mcq,local_inconsistency:style,local_inconsistency,style,llama 1b,-0.3442,mcq,7,5,5,0.2,0.0,0.0,0.83308,0.0,2.22276,1,0
luke7:item17:open,uw-174442-open,local_inconsistency:style,local_inconsistency,style,llama 1b,-0.3442,open,7,5,5,0.2,0.0,0.0,0.81378,0.0,-2.03772,1,0
luke7:item18:mcq,uw-174442-mcq,local_inconsistency:style,local_inconsistency,style,llama 1b,-0.3442,mcq,7,5,5,0.2,0.0,0.0,0.83308,0.0,2.22276,1,0
luke7:item1:open,uw-174429-open,local_inconsistency:style,local_inconsistency,style,llama 1b,-0.3442,open,7,5,5,0.2,0.0,0.0,0.83308,0.0,2.22276,1,0
luke7:item2:mcq,uw-174429-mcq,local_inconsistency:style,local_inconsistency,style,llama 1b,-0.3442,mcq,7,5,5,0.2,0.16,-0.0,0.72158,-0.0,1.13458,1,1
luke7:item3:open,uw-174430-open,local_inconsistency:style,local_inconsistency,style,llama 1b,-0.3442,open,7,5,5,0.2,0.0,0.0,0.81378,0.0,-2.03772,1,0
luke7:item4:mcq,uw-174430-mcq,local_inconsistency:style,local_inconsistency,style,llama 1b,-0.3442,mcq,7,5,5,0.2,0.0,0.0,0.81378,0.0,-2.03772,1,0
luke7:item5:open,uw-174431-open,local_inconsistency:style,local_inconsistency,style,llama 1b,-0.3442,open,7,5,5,0.2,0.0,0.0,0.81378,0.0,-2.03772,1,0
luke7:item6:mcq,uw-174431-mcq,local_inconsistency:style,local_inconsistency,style,llama 1b,-0.3442,mcq,7,5,5,0.2,0.0,0.0,0.81378,0.0,-2.03772,1,0
luke7:item7:open,uw-174432-open,local_inconsistency:style,local_inconsistency,style,llama 1b,-0.3442,open,7,5,5,0.2,0.0,0.0,0.81378,0.0,-2.03772,1,0
luke7:item8:mcq,uw-174432-mcq,local_inconsistency:style,local_inconsistency,style,llama 1b,-0.3442,mcq,7,5,5,0.2,0.0,0.0,0.81378,0.0,-2.03772,1,0
luke8:item10:mcq,uw-174448-mcq,local_inconsistency:style,local_inconsistency,style,llama 1b,-0.3442,mcq,8,5,5,0.2,0.0,0.0,0.83308,0.0,2.22276,1,0
luke8:item11:open,uw-174449-open,local_inconsistency:style,local_inconsistency,style,llama 1b,-0.3442,open,8,5,5,0.2,0.0,0.0,0.81378,0.0,-2.03772,1,0
luke8:item12:mcq,uw-174449-mcq,local_inconsistency:style,local_inconsistency,style,llama 1b,-0.3442,mcq,8,5,5,0.2,0.0,0.0,0.83308,0.0,2.22276,1,0
luke8:item13:open,uw-174452-open,local_inconsistency:style,local_inconsistency,style,llama 1b,-0.3442,open,8,5,5,0.2,0.0,0.0,0.83308,0.0,2.22276,1,0
luke8:item14:mcq,uw-174452-mcq,local_inconsistency:style,local_inconsistency,style,llama 1b,-0.3442,mcq,8,5,5,0.2,0.0,0.0,0.81378,0.0,-2.03772,1,0
luke8:item16:mcq,uw-174454-mcq,local_inconsistency:style,local_inconsistency,style,llama 1b,-0.3442,mcq,8,5,5,0.2,0.0,0.0,0.83308,0.0,2.22276,1,0
luke8:item17:open,uw-174455-open,local_inconsistency:style,local_inconsistency,style,llama 1b,-0.3442,open,8,5,5,0.2,0.0,0.0,0.81378,0.0,-2.03772,1,0
luke8:item18:mcq,uw-174455-mcq,local_inconsistency:style,local_inconsistency,style,llama 1b,-0.3442,mcq,8,5,5,0.2,0.0,0.0,0.83308,0.0,2.22276,1,0
luke8:item1:open,uw-174444-open,local_inconsistency:style,local_inconsistency,style,llama 1b,-0.3442,open,8,5,5,0.2,0.0,0.0,0.81378,0.0,-2.03772,1,0
luke8:item2:mcq,uw-174444-mcq,local_inconsistency:style,local_inconsistency,style,llama 1b,-0.3442,mcq,8,5,5,0.2,0.0,0.0,0.81378,0.0,-2.03772,1,0
luke8:item3:open,uw-174445-open,local_inconsistency:style,local_inconsistency,style,llama 1b,-0.3442,open,8,5,5,0.2,0.0,0.0,0.83308,0.0,2.22276,1,0
luke8:item4:mcq,uw-174445-mcq,local_inconsistency:style,local_inconsistency,style,llama 1b,-0.3442,mcq,8,5,5,0.2,0.0,0.0,0.81378,0.0,-2.03772,1,0
luke8:item6:mcq,uw-174446-mcq,local_inconsistency:style,local_inconsistency,style,llama 1b,-0.3442,mcq,8,5,5,0.2,0.0,0.0,0.81378,0.0,-2.03772,1,0
luke8:item7:open,uw-174447-open,local_inconsistency:style,local_inconsistency,style,llama 1b,-0.3442,open,8,5,5,0.2,0.0,0.0,0.81378,0.0,-2.03772,1,0
luke8:item8:mcq,uw-174447-mcq,local_inconsistency:style,local_inconsistency,style,llama 1b,-0.3442,mcq,8,5,5,0.2,0.0,0.0,0.83308,0.0,2.22276,1,0
luke8:item9:open,uw-174448-open,local_inconsistency:style,local_inconsistency,style,llama 1b,-0.3442,open,8,5,5,0.2,0.0,0.0,0.81378,0.0,-2.03772,1,0
luke2:item3:open,uw-174347-open,local_inconsistency:style,local_inconsistency,style,llama 1b,-0.3442,open,2,5,5,0.2,0.04,-0.15928,0.67253,-2.2526,-0.29182,1,1
luke1:item23:open,uw-174331-open,local_inconsistency:style,local_inconsistency,style,llama 1b,-0.3442,open,1,5,5,0.2,0.06,-0.16918,0.69317,-2.3925,0.74193,1,1
luke8:item5:open,uw-174446-open,local_inconsistency:style,local_inconsistency,style,llama 1b,-0.3442,open,8,5,5,0.2,0.06,-0.1796,0.71425,-2.53992,-1.02854,1,1
luke6:item13:open,uw-174427-open,local_inconsistency:style,local_inconsistency,style,llama 1b,-0.3442,open,6,5,5,0.2,0.04,-0.20132,0.7562,-2.84711,-1.47966,1,1
luke7:item9:open,uw-174434-open,local_inconsistency:style,local_inconsistency,style,llama 1b,-0.3442,open,7,5,5,0.2,0.04,-0.32045,0.67847,-4.53187,-0.29641,1,1
luke5:item11:open,uw-174404-open,local_inconsistency:style,local_inconsistency,style,llama 1b,-0.3442,open,5,5,5,0.2,0.24,-0.32316,0.68137,-4.5702,0.38995,1,1
luke5:item15:open,uw-174407-open,local_inconsistency:style,local_inconsistency,style,llama 1b,-0.3442,open,5,5,5,0.2,0.16,-0.33463,0.69351,-4.73233,-0.65345,1,1
luke8:item15:open,uw-174454-open,local_inconsistency:style,local_inconsistency,style,llama 1b,-0.3442,open,8,5,5,0.2,0.16,-0.33463,0.69351,-4.73233,-0.65345,1,1
luke1:item20:mcq,uw-174329-mcq,local_inconsistency:style,local_inconsistency,style,llama 1b,-0.3442,mcq,1,5,5,0.2,0.16,-0.3615,0.72104,-5.11239,-1.04671,1,1
luke1:item7:open,uw-174322-open,local_inconsistency:style,local_inconsistency,style,llama 1b,-0.3442,open,1,5,5,0.2,0.06,-0.37135,0.73082,-5.25166,1.16208,1,1
luke1:item3:open,uw-174317-open,local_inconsistency:style,local_inconsistency,style,llama 1b,-0.3442,open,1,5,5,0.2,0.16,-0.68568,0.71826,-9.697,-0.69674,1,1
luke1:item19:open,uw-174329-open,local_inconsistency:style,local_inconsistency,style,llama 1b,-0.3442,open,1,5,5,0.2,0.16,-0.69777,0.72467,-9.86796,0.80509,1,1
luke4:item41:open,uw-174396-open,local_inconsistency:style,local_inconsistency,style,llama 1b,-0.3442,open,4,5,5,0.2,0.16,-0.74115,0.74688,-10.48141,-1.12072,1,1
luke7:item11:open,uw-174436-open,local_inconsistency:style,local_inconsistency,style,llama 1b,-0.3442,open,7,5,5,0.2,0.16,-0.76129,0.75675,-10.76626,1.24588,1,1
luke1:item39:open,uw-174342-open,local_inconsistency:style,local_inconsistency,style,llama 1b,-0.3442,open,1,5,5,0.2,0.24,-1.03216,0.74418,-14.59694,0.4586,1,1
luke3:item10:mcq,uw-174370-mcq,mistranslation,mistranslation,,1.5b,0.6571,mcq,3,6,6,0.3,0.25,1.2515,0.74879,12.69254,0.11156,1,1
luke4:item6:mcq,uw-174379-mcq,mistranslation,mistranslation,,1.5b,0.6571,mcq,4,6,6,0.3,0.25,1.2515,0.74879,12.69254,0.11156,1,1
luke8:item11:open,uw-174449-open,mistranslation,mistranslation,,1.5b,0.6571,open,8,6,6,0.3,0.25,1.2515,0.74879,12.69254,0.11156,1,1
luke1:item35:open,uw-174340-open,mistranslation,mistranslation,,1.5b,0.6571,open,1,6,6,0.3,0.22222,1.20908,0.74339,12.26227,0.86609,1,1
luke4:item3:open,uw-174378-open,mistranslation,mistranslation,,1.5b,0.6571,open,4,6,6,0.3,0.22222,1.20908,0.74339,12.26227,0.86609,1,1
luke4:item4:mcq,uw-174378-mcq,mistranslation,mistranslation,,1.5b,0.6571,mcq,4,6,6,0.3,0.22222,1.20908,0.74339,12.26227,0.86609,1,1
luke2:item1:open,uw-174346-open,mistranslation,mistranslation,,1.5b,0.6571,open,2,6,6,0.3,0.20139,1.17769,0.74398,11.944,-0.24507,1,1
luke7:item2:mcq,uw-174429-mcq,mistranslation,mistranslation,,1.5b,0.6571,mcq,7,6,6,0.3,0.22222,1.13085,0.74802,11.46889,-0.59502,1,1
luke1:item25:open,uw-174332-open,mistranslation,mistranslation,,1.5b,0.6571,open,1,6,6,0.3,0.13889,1.00845,0.74919,10.22756,1.65249,1,1
luke1:item29:open,uw-174335-open,mistranslation,mistranslation,,1.5b,0.6571,open,1,6,6,0.3,0.13889,1.00845,0.74919,10.22756,1.65249,1,1
luke1:item30:mcq,uw-174335-mcq,mistranslation,mistranslation,,1.5b,0.6571,mcq,1,6,6,0.3,0.13889,1.00845,0.74919,10.22756,1.65249,1,1
luke1:item3:open,uw-174317-open,mistranslation,mistranslation,,1.5b,0.6571,open,1,6,6,0.3,0.13889,1.00845,0.74919,10.22756,1.65249,1,1
luke1:item44:mcq,uw-174344-mcq,mistranslation,mistranslation,,1.5b,0.6571,mcq,1,6,6,0.3,0.13889,1.00845,0.74919,10.22756,1.65249,1,1
luke1:item5:open,uw-174318-open,mistranslation,mistranslation,,1.5b,0.6571,open,1,6,6,0.3,0.13889,1.00845,0.74919,10.22756,1.65249,1,1
luke1:item6:mcq,uw-174318-mcq,mistranslation,mistranslation,,1.5b,0.6571,mcq,1,6,6,0.3,0.13889,1.00845,0.74919,10.22756,1.65249,1,1
luke3:item13:open,uw-174375-open,mistranslation,mistranslation,,1.5b,0.6571,open,3,6,6,0.3,0.13889,1.00845,0.74919,10.22756,1.65249,1,1
luke3:item2:mcq,uw-174365-mcq,mistranslation,mistranslation,,1.5b,0.6571,mcq,3,6,6,0.3,0.13889,1.00845,0.74919,10.22756,1.65249,1,1
luke5:item23:open,uw-174412-open,mistranslation,mistranslation,,1.5b,0.6571,open,5,6,6,0.3,0.13889,1.00845,0.74919,10.22756,1.65249,1,1
luke5:item25:open,uw-174403-open,mistranslation,mistranslation,,1.5b,0.6571,open,5,6,6,0.3,0.13889,1.00845,0.74919,10.22756,1.65249,1,1
luke5:item26:mcq,uw-174403-mcq,mistranslation,mistranslation,,1.5b,0.6571,mcq,5,6,6,0.3,0.13889,1.00845,0.74919,10.22756,1.65249,1,1
luke8:item6:mcq,uw-174446-mcq,mistranslation,mistranslation,,1.5b,0.6571,mcq,8,6,6,0.3,0.25,0.98184,0.71047,9.95769,0.11585,1,1
luke2:item19:open,uw-174359-open,mistranslation,mistranslation,,1.5b,0.6571,open,2,6,6,0.3,0.22222,0.86047,0.71296,8.72677,-0.54213,1,1
luke1:item39:open,uw-174342-open,mistranslation,mistranslation,,1.5b,0.6571,open,1,6,6,0.3,0.14583,0.8271,0.72757,8.38837,-0.88004,1,1
luke3:item1:open,uw-174365-open,mistranslation,mistranslation,,1.5b,0.6571,open,3,6,6,0.3,0.13889,0.81687,0.69527,8.28459,0.78984,1,1
luke4:item19:open,uw-174389-open,mistranslation,mistranslation,,1.5b,0.6571,open,4,6,6,0.3,0.13889,0.81687,0.69527,8.28459,0.78984,1,1
luke7:item3:open,uw-174430-open,mistranslation,mistranslation,,1.5b,0.6571,open,7,6,6,0.3,0.13889,0.80896,0.75161,8.20437,-1.2471,1,1
luke7:item15:open,uw-174441-open,mistranslation,mistranslation,,1.5b,0.6571,open,7,6,6,0.3,0.25,0.73748,0.67904,7.47946,0.11716,1,1
luke3:item7:open,uw-174368-open,mistranslation,mistranslation,,1.5b,0.6571,open,3,6,6,0.3,0.05556,0.73157,0.7297,7.41946,1.55241,1,1
luke8:item1:open,uw-174444-open,mistranslation,mistranslation,,1.5b,0.6571,open,8,6,6,0.3,0.05556,0.73157,0.7297,7.41946,1.55241,1,1
luke1:item41:open,uw-174343-open,mistranslation,mistranslation,,1.5b,0.6571,open,1,6,6,0.3,0.13889,0.69649,0.68316,7.0637,0.76969,1,1
luke2:item18:mcq,uw-174357-mcq,mistranslation,mistranslation,,1.5b,0.6571,mcq,2,6,6,0.3,0.22222,0.69649,0.68316,7.0637,0.76969,1,1
luke3:item9:open,uw-174370-open,mistranslation,mistranslation,,1.5b,0.6571,open,3,6,6,0.3,0.13889,0.69649,0.68316,7.0637,0.76969,1,1
luke7:item1:open,uw-174429-open,mistranslation,mistranslation,,1.5b,0.6571,open,7,6,6,0.3,0.13889,0.69649,0.68316,7.0637,0.76969,1,1
luke4:item13:open,uw-174384-open,mistranslation,mistranslation,,1.5b,0.6571,open,4,6,6,0.3,0.05556,0.6685,0.73711,6.77987,-1.20798,1,1
luke5:item5:open,uw-174402-open,mistranslation,mistranslation,,1.5b,0.6571,open,5,6,6,0.3,0.03472,0.63457,0.76765,6.43568,2.01163,1,1
luke7:item11:open,uw-174436-open,mistranslation,mistranslation,,1.5b,0.6571,open,7,6,6,0.3,0.03472,0.63457,0.76765,6.43568,2.01163,1,1
luke1:item21:open,uw-174330-open,mistranslation,mistranslation,,1.5b,0.6571,open,1,6,6,0.3,0.05556,0.59793,0.72262,6.06413,1.51303,1,1
luke2:item11:open,uw-174352-open,mistranslation,mistranslation,,1.5b,0.6571,open,2,6,6,0.3,0.0625,0.58074,0.69182,5.88976,1.10608,1,1
luke1:item1:open,uw-174316-open,mistranslation,mistranslation,,1.5b,0.6571,open,1,6,6,0.3,0.05556,0.57995,0.67314,5.88173,0.75229,1,1
luke4:item23:open,uw-174393-open,mistranslation,mistranslation,,1.5b,0.6571,open,4,6,6,0.3,0.05556,0.46652,0.7176,4.73136,1.481,1,1
luke4:item9:open,uw-174381-open,mistranslation,mistranslation,,1.5b,0.6571,open,4,6,6,0.3,0.13889,0.46652,0.7176,4.73136,1.481,1,1
luke5:item14:mcq,uw-174406-mcq,mistranslation,mistranslation,,1.5b,0.6571,mcq,5,6,6,0.3,0.13889,0.46652,0.7176,4.73136,1.481,1,1
luke4:item27:open,uw-174395-open,mistranslation,mistranslation,,1.5b,0.6571,open,4,6,6,0.3,0.22222,0.46646,0.66525,4.7308,0.7377,1,1
luke2:item21:open,uw-174361-open,mistranslation,mistranslation,,1.5b,0.6571,open,2,6,6,0.3,0.0625,0.44787,0.68686,4.54223,-0.80686,1,1
luke4:item39:open,uw-174399-open,mistranslation,mistranslation,,1.5b,0.6571,open,4,6,6,0.3,0.0625,0.44787,0.68686,4.54223,-0.80686,1,1
luke7:item5:open,uw-174431-open,mistranslation,mistranslation,,1.5b,0.6571,open,7,6,6,0.3,0.11806,0.44401,0.65458,4.50313,-0.18196,1,1
luke1:item15:open,uw-174326-open,mistranslation,mistranslation,,1.5b,0.6571,open,1,6,6,0.3,0.13889,0.3847,0.6615,3.90154,-0.4805,1,1
luke3:item3:open,uw-174366-open,mistranslation,mistranslation,,1.5b,0.6571,open,3,6,6,0.3,0.22222,0.3847,0.6615,3.90154,-0.4805,1,1
luke2:item23:open,uw-174362-open,mistranslation,mistranslation,,1.5b,0.6571,open,2,6,6,0.3,0.20139,0.37566,0.64862,3.80986,0.41421,1,1
luke6:item13:open,uw-174427-open,mistranslation,mistranslation,,1.5b,0.6571,open,6,6,6,0.3,0.03472,0.37566,0.64862,3.80986,0.41421,1,1
luke4:item43:open,uw-174398-open,mistranslation,mistranslation,,1.5b,0.6571,open,4,6,6,0.3,0.13889,0.35528,0.65949,3.60324,0.72598,1,1
luke1:item23:open,uw-174331-open,mistranslation,mistranslation,,1.5b,0.6571,open,1,6,6,0.3,0.03472,0.33744,0.76468,3.42228,1.93497,1,1
luke2:item17:open,uw-174357-open,mistranslation,mistranslation,,1.5b,0.6571,open,2,6,6,0.3,0.11806,0.33678,0.6464,3.41562,-0.17789,1,1
luke2:item14:mcq,uw-174354-mcq,mistranslation,mistranslation,,1.5b,0.6571,mcq,2,6,6,0.3,0.25,0.29953,0.64055,3.0378,0.11483,1,1
luke1:item7:open,uw-174322-open,mistranslation,mistranslation,,1.5b,0.6571,open,1,6,6,0.3,0.05556,0.24567,0.65587,2.49159,0.71721,1,1
luke5:item15:open,uw-174407-open,mistranslation,mistranslation,,1.5b,0.6571,open,5,6,6,0.3,0.13889,0.24567,0.65587,2.49159,0.71721,1,1
luke1:item27:open,uw-174333-open,mistranslation,mistranslation,,1.5b,0.6571,open,1,6,6,0.3,0.13889,0.20712,0.71442,2.10057,1.43968,1,1
luke5:item21:open,uw-174410-open,mistranslation,mistranslation,,1.5b,0.6571,open,5,6,6,0.3,0.05556,0.20712,0.71442,2.10057,1.43968,1,1
luke5:item2:mcq,uw-174400-mcq,mistranslation,mistranslation,,1.5b,0.6571,mcq,5,6,6,0.3,0.13889,0.20712,0.71442,2.10057,1.43968,1,1
luke5:item1:open,uw-174400-open,mistranslation,mistranslation,,1.5b,0.6571,open,5,6,6,0.3,0.08333,0.19628,0.63606,1.99065,0.11406,1,1
luke7:item13:open,uw-174440-open,mistranslation,mistranslation,,1.5b,0.6571,open,7,6,6,0.3,0.08333,0.19628,0.63606,1.99065,0.11406,1,1
luke1:item10:mcq,uw-174323-mcq,mistranslation,mistranslation,,1.5b,0.6571,mcq,1,6,6,0.3,0.0,0.16597,0.83799,1.68325,2.54996,1,0
luke1:item12:mcq,uw-174324-mcq,mistranslation,mistranslation,,1.5b,0.6571,mcq,1,6,6,0.3,0.0,0.16597,0.83799,1.68325,2.54996,1,0
luke1:item13:open,uw-174325-open,mistranslation,mistranslation,,1.5b,0.6571,open,1,6,6,0.3,0.0,0.16597,0.83799,1.68325,2.54996,1,0
luke1:item14:mcq,uw-174325-mcq,mistranslation,mistranslation,,1.5b,0.6571,mcq,1,6,6,0.3,0.0,0.16597,0.83799,1.68325,2.54996,1,0
luke1:item16:mcq,uw-174326-mcq,mistranslation,mistranslation,,1.5b,0.6571,mcq,1,6,6,0.3,0.0,0.16597,0.83799,1.68325,2.54996,1,0
luke1:item17:open,uw-174328-open,mistranslation,mistranslation,,1.5b,0.6571,open,1,6,6,0.3,0.0,0.16597,0.83799,1.68325,2.54996,1,0
luke1:item20:mcq,uw-174329-mcq,mistranslation,mistranslation,,1.5b,0.6571,mcq,1,6,6,0.3,0.0,0.16597,0.83799,1.68325,2.54996,1,0
luke1:item22:mcq,uw-174330-mcq,mistranslation,mistranslation,,1.5b,0.6571,mcq,1,6,6,0.3,0.0,0.16597,0.83799,1.68325,2.54996,1,0
luke1:item24:mcq,uw-174331-mcq,mistranslation,mistranslation,,1.5b,0.6571,mcq,1,6,6,0.3,0.0,0.16597,0.83799,1.68325,2.54996,1,0
luke1:item26:mcq,uw-174332-mcq,mistranslation,mistranslation,,1.5b,0.6571,mcq,1,6,6,0.3,0.0,0.16597,0.83799,1.68325,2.54996,1,0
luke1:item2:mcq,uw-174316-mcq,mistranslation,mistranslation,,1.5b,0.6571,mcq,1,6,6,0.3,0.0,0.16597,0.83799,1.68325,2.54996,1,0
luke1:item36:mcq,uw-174340-mcq,mistranslation,mistranslation,,1.5b,0.6571,mcq,1,6,6,0.3,0.0,0.16597,0.83799,1.68325,2.54996,1,0
luke1:item38:mcq,uw-174341-mcq,mistranslation,mistranslation,,1.5b,0.6571,mcq,1,6,6,0.3,0.0,0.16597,0.83799,1.68325,2.54996,1,0
luke1:item40:mcq,uw-174342-mcq,mistranslation,mistranslation,,1.5b,0.6571,mcq,1,6,6,0.3,0.0,0.16597,0.83799,1.68325,2.54996,1,0
luke1:item42:mcq,uw-174343-mcq,mistranslation,mistranslation,,1.5b,0.6571,mcq,1,6,6,0.3,0.0,0.16597,0.83799,1.68325,2.54996,1,0
luke1:item4:mcq,uw-174317-mcq,mistranslation,mistranslation,,1.5b,0.6571,mcq,1,6,6,0.3,0.0,0.16597,0.83799,1.68325,2.54996,1,0
luke1:item8:mcq,uw-174322-mcq,mistranslation,mistranslation,,1.5b,0.6571,mcq,1,6,6,0.3,0.0,0.16597,0.83799,1.68325,2.54996,1,0
luke1:item9:open,uw-174323-open,mistranslation,mistranslation,,1.5b,0.6571,open,1,6,6,0.3,0.0,0.16597,0.83799,1.68325,2.54996,1,0
luke2:item10:mcq,uw-174351-mcq,mistranslation,mistranslation,,1.5b,0.6571,mcq,2,6,6,0.3,0.0,0.16597,0.83799,1.68325,2.54996,1,0
luke2:item12:mcq,uw-174352-mcq,mistranslation,mistranslation,,1.5b,0.6571,mcq,2,6,6,0.3,0.0,0.16597,0.83799,1.68325,2.54996,1,0
luke2:item16:mcq,uw-174355-mcq,mistranslation,mistranslation,,1.5b,0.6571,mcq,2,6,6,0.3,0.0,0.16597,0.83799,1.68325,2.54996,1,0
luke2:item20:mcq,uw-174359-mcq,mistranslation,mistranslation,,1.5b,0.6571,mcq,2,6,6,0.3,0.0,0.16597,0.83799,1.68325,2.54996,1,0
luke2:item24:mcq,uw-174362-mcq,mistranslation,mistranslation,,1.5b,0.6571,mcq,2,6,6,0.3,0.0,0.16597,0.83799,1.68325,2.54996,1,0
luke2:item2:mcq,uw-174346-mcq,mistranslation,mistranslation,,1.5b,0.6571,mcq,2,6,6,0.3,0.0,0.16597,0.83799,1.68325,2.54996,1,0
luke2:item4:mcq,uw-174347-mcq,mistranslation,mistranslation,,1.5b,0.6571,mcq,2,6,6,0.3,0.0,0.16597,0.83799,1.68325,2.54996,1,0
luke2:item5:open,uw-174349-open,mistranslation,mistranslation,,1.5b,0.6571,open,2,6,6,0.3,0.0,0.16597,0.83799,1.68325,2.54996,1,0
luke2:item8:mcq,uw-174350-mcq,mistranslation,mistranslation,,1.5b,0.6571,mcq,2,6,6,0.3,0.0,0.16597,0.83799,1.68325,2.54996,1,0
luke3:item12:mcq,uw-174374-mcq,mistranslation,mistranslation,,1.5b,0.6571,mcq,3,6,6,0.3,0.0,0.16597,0.83799,1.68325,2.54996,1,0
luke3:item14:mcq,uw-174375-mcq,mistranslation,mistranslation,,1.5b,0.6571,mcq,3,6,6,0.3,0.0,0.16597,0.83799,1.68325,2.54996,1,0
luke3:item4:mcq,uw-174366-mcq,mistranslation,mistranslation,,1.5b,0.6571,mcq,3,6,6,0.3,0.0,0.16597,0.83799,1.68325,2.54996,1,0
luke3:item6:mcq,uw-174367-mcq,mistranslation,mistranslation,,1.5b,0.6571,mcq,3,6,6,0.3,0.0,0.16597,0.83799,1.68325,2.54996,1,0
luke3:item8:mcq,uw-174368-mcq,mistranslation,mistranslation,,1.5b,0.6571,mcq,3,6,6,0.3,0.0,0.16597,0.83799,1.68325,2.54996,1,0
luke4:item11:open,uw-174382-open,mistranslation,mistranslation,,1.5b,0.6571,open,4,6,6,0.3,0.0,0.16597,0.83799,1.68325,2.54996,1,0
luke4:item12:mcq,uw-174382-mcq,mistranslation,mistranslation,,1.5b,0.6571,mcq,4,6,6,0.3,0.0,0.16597,0.83799,1.68325,2.54996,1,0
luke4:item14:mcq,uw-174384-mcq,mistranslation,mistranslation,,1.5b,0.6571,mcq,4,6,6,0.3,0.0,0.16597,0.83799,1.68325,2.54996,1,0
luke4:item15:open,uw-174387-open,mistranslation,mistranslation,,1.5b,0.6571,open,4,6,6,0.3,0.0,0.16597,0.83799,1.68325,2.54996,1,0
luke4:item16:mcq,uw-174387-mcq,mistranslation,mistranslation,,1.5b,0.6571,mcq,4,6,6,0.3,0.0,0.16597,0.83799,1.68325,2.54996,1,0
luke4:item1:open,uw-174377-open,mistranslation,mistranslation,,1.5b,0.6571,open,4,6,6,0.3,0.0,0.16597,0.83799,1.68325,2.54996,1,0
luke4:item22:mcq,uw-174392-mcq,mistranslation,mistranslation,,1.5b,0.6571,mcq,4,6,6,0.3,0.0,0.16597,0.83799,1.68325,2.54996,1,0
luke4:item26:mcq,uw-174394-mcq,mistranslation,mistranslation,,1.5b,0.6571,mcq,4,6,6,0.3,0.0,0.16597,0.83799,1.68325,2.54996,1,0
luke4:item33:open,uw-174397-open,mistranslation,mistranslation,,1.5b,0.6571,open,4,6,6,0.3,0.0,0.16597,0.83799,1.68325,2.54996,1,0
luke4:item34:mcq,uw-174397-mcq,mistranslation,mistranslation,,1.5b,0.6571,mcq,4,6,6,0.3,0.0,0.16597,0.83799,1.68325,2.54996,1,0
luke4:item40:mcq,uw-174399-mcq,mistranslation,mistranslation,,1.5b,0.6571,mcq,4,6,6,0.3,0.0,0.16597,0.83799,1.68325,2.54996,1,0
luke4:item41:open,uw-174396-open,mistranslation,mistranslation,,1.5b,0.6571,open,4,6,6,0.3,0.0,0.16597,0.83799,1.68325,2.54996,1,0
luke4:item42:mcq,uw-174396-mcq,mistranslation,mistranslation,,1.5b,0.6571,mcq,4,6,6,0.3,0.0,0.16597,0.83799,1.68325,2.54996,1,0
luke4:item44:mcq,uw-174398-mcq,mistranslation,mistranslation,,1.5b,0.6571,mcq,4,6,6,0.3,0.0,0.16597,0.83799,1.68325,2.54996,1,0
luke4:item7:open,uw-174380-open,mistranslation,mistranslation,,1.5b,0.6571,open,4,6,6,0.3,0.0,0.16597,0.83799,1.68325,2.54996,1,0
luke4:item8:mcq,uw-174380-mcq,mistranslation,mistranslation,,1.5b,0.6571,mcq,4,6,6,0.3,0.0,0.16597,0.83799,1.68325,2.54996,1,0
luke5:item11:open,uw-174404-open,mistranslation,mistranslation,,1.5b,0.6571,open,5,6,6,0.3,0.0,0.16597,0.83799,1.68325,2.54996,1,0
luke5:item12:mcq,uw-174404-mcq,mistranslation,mistranslation,,1.5b,0.6571,mcq,5,6,6,0.3,0.0,0.16597,0.83799,1.68325,2.54996,1,0
luke5:item16:mcq,uw-174407-mcq,mistranslation,mistranslation,,1.5b,0.6571,mcq,5,6,6,0.3,0.0,0.16597,0.83799,1.68325,2.54996,1,0
luke5:item17:open,uw-174408-open,mistranslation,mistranslation,,1.5b,0.6571,open,5,6,6,0.3,0.0,0.16597,0.83799,1.68325,2.54996,1,0
luke5:item18:mcq,uw-174408-mcq,mistranslation,mistranslation,,1.5b,0.6571,mcq,5,6,6,0.3,0.0,0.16597,0.83799,1.68325,2.54996,1,0
luke5:item19:open,uw-174409-open,mistranslation,mistranslation,,1.5b,0.6571,open,5,6,6,0.3,0.0,0.16597,0.83799,1.68325,2.54996,1,0
luke5:item20:mcq,uw-174409-mcq,mistranslation,mistranslation,,1.5b,0.6571,mcq,5,6,6,0.3,0.0,0.16597,0.83799,1.68325,2.54996,1,0
luke5:item24:mcq,uw-174412-mcq,mistranslation,mistranslation,,1.5b,0.6571,mcq,5,6,6,0.3,0.0,0.16597,0.83799,1.68325,2.54996,1,0
luke5:item4:mcq,uw-174401-mcq,mistranslation,mistranslation,,1.5b,0.6571,mcq,5,6,6,0.3,0.0,0.16597,0.83799,1.68325,2.54996,1,0
luke5:item6:mcq,uw-174402-mcq,mistranslation,mistranslation,,1.5b,0.6571,mcq,5,6,6,0.3,0.0,0.16597,0.83799,1.68325,2.54996,1,0
luke6:item10:mcq,uw-174423-mcq,mistranslation,mistranslation,,1.5b,0.6571,mcq,6,6,6,0.3,0.0,0.16597,0.83799,1.68325,2.54996,1,0
luke6:item11:open,uw-174424-open,mistranslation,mistranslation,,1.5b,0.6571,open,6,6,6,0.3,0.0,0.16597,0.83799,1.68325,2.54996,1,0
luke6:item14:mcq,uw-174427-mcq,mistranslation,mistranslation,,1.5b,0.6571,mcq,6,6,6,0.3,0.0,0.16597,0.83799,1.68325,2.54996,1,0
luke6:item15:open,uw-174428-open,mistranslation,mistranslation,,1.5b,0.6571,open,6,6,6,0.3,0.0,0.16597,0.83799,1.68325,2.54996,1,0
luke6:item16:mcq,uw-174428-mcq,mistranslation,mistranslation,,1.5b,0.6571,mcq,6,6,6,0.3,0.0,0.16597,0.83799,1.68325,2.54996,1,0
luke6:item1:open,uw-174414-open,mistranslation,mistranslation,,1.5b,0.6571,open,6,6,6,0.3,0.0,0.16597,0.83799,1.68325,2.54996,1,0
luke6:item2:mcq,uw-174414-mcq,mistranslation,mistranslation,,1.5b,0.6571,mcq,6,6,6,0.3,0.0,0.16597,0.83799,1.68325,2.54996,1,0
luke6:item3:open,uw-174415-open,mistranslation,mistranslation,,1.5b,0.6571,open,6,6,6,0.3,0.0,0.16597,0.83799,1.68325,2.54996,1,0
luke6:item4:mcq,uw-174415-mcq,mistranslation,mistranslation,,1.5b,0.6571,mcq,6,6,6,0.3,0.0,0.16597,0.83799,1.68325,2.54996,1,0
luke6:item6:mcq,uw-174421-mcq,mistranslation,mistranslation,,1.5b,0.6571,mcq,6,6,6,0.3,0.0,0.16597,0.83799,1.68325,2.54996,1,0
luke6:item7:open,uw-174422-open,mistranslation,mistranslation,,1.5b,0.6571,open,6,6,6,0.3,0.0,0.16597,0.83799,1.68325,2.54996,1,0
luke6:item8:mcq,uw-174422-mcq,mistranslation,mistranslation,,1.5b,0.6571,mcq,6,6,6,0.3,0.0,0.16597,0.83799,1.68325,2.54996,1,0
luke7:item10:mcq,uw-174434-mcq,mistranslation,mistranslation,,1.5b,0.6571,mcq,7,6,6,0.3,0.0,0.16597,0.83799,1.68325,2.54996,1,0
luke7:item16:mcq,uw-174441-mcq,mistranslation,mistranslation,,1.5b,0.6571,mcq,7,6,6,0.3,0.0,0.16597,0.83799,1.68325,2.54996,1,0
luke7:item17:open,uw-174442-open,mistranslation,mistranslation,,1.5b,0.6571,open,7,6,6,0.3,0.0,0.16597,0.83799,1.68325,2.54996,1,0
luke7:item7:open,uw-174432-open,mistranslation,mistranslation,,1.5b,0.6571,open,7,6,6,0.3,0.0,0.16597,0.83799,1.68325,2.54996,1,0
luke8:item10:mcq,uw-174448-mcq,mistranslation,mistranslation,,1.5b,0.6571,mcq,8,6,6,0.3,0.0,0.16597,0.83799,1.68325,2.54996,1,0
luke8:item12:mcq,uw-174449-mcq,mistranslation,mistranslation,,1.5b,0.6571,mcq,8,6,6,0.3,0.0,0.16597,0.83799,1.68325,2.54996,1,0
luke8:item2:mcq,uw-174444-mcq,mistranslation,mistranslation,,1.5b,0.6571,mcq,8,6,6,0.3,0.0,0.16597,0.83799,1.68325,2.54996,1,0
luke8:item3:open,uw-174445-open,mistranslation,mistranslation,,1.5b,0.6571,open,8,6,6,0.3,0.0,0.16597,0.83799,1.68325,2.54996,1,0
luke8:item5:open,uw-174446-open,mistranslation,mistranslation,,1.5b,0.6571,open,8,6,6,0.3,0.0,0.16597,0.83799,1.68325,2.54996,1,0
luke8:item7:open,uw-174447-open,mistranslation,mistranslation,,1.5b,0.6571,open,8,6,6,0.3,0.0,0.16597,0.83799,1.68325,2.54996,1,0
luke8:item8:mcq,uw-174447-mcq,mistranslation,mistranslation,,1.5b,0.6571,mcq,8,6,6,0.3,0.0,0.16597,0.83799,1.68325,2.54996,1,0
luke1:item18:mcq,uw-174328-mcq,mistranslation,mistranslation,,1.5b,0.6571,mcq,1,6,6,0.3,0.0,0.14606,0.79198,1.48133,-2.02532,1,0
luke1:item28:mcq,uw-174333-mcq,mistranslation,mistranslation,,1.5b,0.6571,mcq,1,6,6,0.3,0.0,0.14606,0.79198,1.48133,-2.02532,1,0
luke1:item32:mcq,uw-174336-mcq,mistranslation,mistranslation,,1.5b,0.6571,mcq,1,6,6,0.3,0.0,0.14606,0.79198,1.48133,-2.02532,1,0
luke1:item43:open,uw-174344-open,mistranslation,mistranslation,,1.5b,0.6571,open,1,6,6,0.3,0.0,0.14606,0.79198,1.48133,-2.02532,1,0
luke2:item22:mcq,uw-174361-mcq,mistranslation,mistranslation,,1.5b,0.6571,mcq,2,6,6,0.3,0.0,0.14606,0.79198,1.48133,-2.02532,1,0
luke2:item6:mcq,uw-174349-mcq,mistranslation,mistranslation,,1.5b,0.6571,mcq,2,6,6,0.3,0.0,0.14606,0.79198,1.48133,-2.02532,1,0
luke4:item10:mcq,uw-174381-mcq,mistranslation,mistranslation,,1.5b,0.6571,mcq,4,6,6,0.3,0.0,0.14606,0.79198,1.48133,-2.02532,1,0
luke4:item20:mcq,uw-174389-mcq,mistranslation,mistranslation,,1.5b,0.6571,mcq,4,6,6,0.3,0.0,0.14606,0.79198,1.48133,-2.02532,1,0
luke4:item24:mcq,uw-174393-mcq,mistranslation,mistranslation,,1.5b,0.6571,mcq,4,6,6,0.3,0.0,0.14606,0.79198,1.48133,-2.02532,1,0
luke4:item2:mcq,uw-174377-mcq,mistranslation,mistranslation,,1.5b,0.6571,mcq,4,6,6,0.3,0.0,0.14606,0.79198,1.48133,-2.02532,1,0
luke4:item5:open,uw-174379-open,mistranslation,mistranslation,,1.5b,0.6571,open,4,6,6,0.3,0.0,0.14606,0.79198,1.48133,-2.02532,1,0
luke5:item22:mcq,uw-174410-mcq,mistranslation,mistranslation,,1.5b,0.6571,mcq,5,6,6,0.3,0.0,0.14606,0.79198,1.48133,-2.02532,1,0
luke5:item3:open,uw-174401-open,mistranslation,mistranslation,,1.5b,0.6571,open,5,6,6,0.3,0.0,0.14606,0.79198,1.48133,-2.02532,1,0
luke6:item5:open,uw-174421-open,mistranslation,mistranslation,,1.5b,0.6571,open,6,6,6,0.3,0.0,0.14606,0.79198,1.48133,-2.02532,1,0
luke7:item12:mcq,uw-174436-mcq,mistranslation,mistranslation,,1.5b,0.6571,mcq,7,6,6,0.3,0.0,0.14606,0.79198,1.48133,-2.02532,1,0
luke7:item14:mcq,uw-174440-mcq,mistranslation,mistranslation,,1.5b,0.6571,mcq,7,6,6,0.3,0.0,0.14606,0.79198,1.48133,-2.02532,1,0
luke7:item18:mcq,uw-174442-mcq,mistranslation,mistranslation,,1.5b,0.6571,mcq,7,6,6,0.3,0.0,0.14606,0.79198,1.48133,-2.02532,1,0
luke7:item4:mcq,uw-174430-mcq,mistranslation,mistranslation,,1.5b,0.6571,mcq,7,6,6,0.3,0.0,0.14606,0.79198,1.48133,-2.02532,1,0
luke7:item6:mcq,uw-174431-mcq,mistranslation,mistranslation,,1.5b,0.6571,mcq,7,6,6,0.3,0.0,0.14606,0.79198,1.48133,-2.02532,1,0
luke7:item8:mcq,uw-174432-mcq,mistranslation,mistranslation,,1.5b,0.6571,mcq,7,6,6,0.3,0.0,0.14606,0.79198,1.48133,-2.02532,1,0
luke8:item17:open,uw-174455-open,mistranslation,mistranslation,,1.5b,0.6571,open,8,6,6,0.3,0.0,0.14606,0.79198,1.48133,-2.02532,1,0
luke8:item18:mcq,uw-174455-mcq,mistranslation,mistranslation,,1.5b,0.6571,mcq,8,6,6,0.3,0.0,0.14606,0.79198,1.48133,-2.02532,1,0
luke8:item4:mcq,uw-174445-mcq,mistranslation,mistranslation,,1.5b,0.6571,mcq,8,6,6,0.3,0.0,0.14606,0.79198,1.48133,-2.02532,1,0
luke1:item19:open,uw-174329-open,mistranslation,mistranslation,,1.5b,0.6571,open,1,6,6,0.3,0.14583,0.10278,0.66337,1.04242,-0.777,1,1
luke1:item11:open,uw-174324-open,mistranslation,mistranslation,,1.5b,0.6571,open,1,6,6,0.3,0.0,0.09416,0.63358,0.95492,0.1135,1,0
luke1:item31:open,uw-174336-open,mistranslation,mistranslation,,1.5b,0.6571,open,1,6,6,0.3,0.0,0.09416,0.63358,0.95492,0.1135,1,0
luke1:item37:open,uw-174341-open,mistranslation,mistranslation,,1.5b,0.6571,open,1,6,6,0.3,0.0,0.09416,0.63358,0.95492,0.1135,1,0
luke2:item3:open,uw-174347-open,mistranslation,mistranslation,,1.5b,0.6571,open,2,6,6,0.3,0.0,0.09416,0.63358,0.95492,0.1135,1,0
luke2:item7:open,uw-174350-open,mistranslation,mistranslation,,1.5b,0.6571,open,2,6,6,0.3,0.0,0.09416,0.63358,0.95492,0.1135,1,0
luke4:item25:open,uw-174394-open,mistranslation,mistranslation,,1.5b,0.6571,open,4,6,6,0.3,0.0,0.09416,0.63358,0.95492,0.1135,1,0
luke8:item9:open,uw-174448-open,mistranslation,mistranslation,,1.5b,0.6571,open,8,6,6,0.3,0.0,0.09416,0.63358,0.95492,0.1135,1,0
luke8:item14:mcq,uw-174452-mcq,mistranslation,mistranslation,,1.5b,0.6571,mcq,8,6,6,0.3,0.22222,0.02827,0.65511,0.28672,0.70897,1,1
luke7:item9:open,uw-174434-open,mistranslation,mistranslation,,1.5b,0.6571,open,7,6,6,0.3,0.0625,-0.00867,0.68135,-0.08797,1.04357,1,1
luke2:item13:open,uw-174354-open,mistranslation,mistranslation,,1.5b,0.6571,open,2,6,6,0.3,0.11806,-0.04233,0.64082,-0.42932,0.40369,1,1
luke2:item9:open,uw-174351-open,mistranslation,mistranslation,,1.5b,0.6571,open,2,6,6,0.3,0.0625,-0.12714,0.68615,-1.28948,1.04675,1,1
luke8:item15:open,uw-174454-open,mistranslation,mistranslation,,1.5b,0.6571,open,8,6,6,0.3,0.20139,-0.14691,0.64401,-1.48997,0.40543,1,1
luke4:item21:open,uw-174392-open,mistranslation,mistranslation,,1.5b,0.6571,open,4,6,6,0.3,0.11806,-0.17759,0.63592,-1.80109,-0.17391,1,1
luke3:item11:open,uw-174374-open,mistranslation,mistranslation,,1.5b,0.6571,open,3,6,6,0.3,0.05556,-0.19151,0.663,-1.94224,0.71419,1,1
luke1:item33:open,uw-174339-open,mistranslation,mistranslation,,1.5b,0.6571,open,1,6,6,0.3,0.13889,-0.20751,0.68489,-2.10457,-1.12734,1,1
luke1:item34:mcq,uw-174339-mcq,mistranslation,mistranslation,,1.5b,0.6571,mcq,1,6,6,0.3,0.13889,-0.20751,0.68489,-2.10457,-1.12734,1,1
luke8:item16:mcq,uw-174454-mcq,mistranslation,mistranslation,,1.5b,0.6571,mcq,8,6,6,0.3,0.13889,-0.20751,0.68489,-2.10457,-1.12734,1,1
luke3:item5:open,uw-174367-open,mistranslation,mistranslation,,1.5b,0.6571,open,3,6,6,0.3,0.13889,-0.25214,0.64493,-2.55721,-0.47108,1,1
luke2:item15:open,uw-174355-open,mistranslation,mistranslation,,1.5b,0.6571,open,2,6,6,0.3,0.08333,-0.31602,0.64367,-3.20504,0.11643,1,1
luke8:item13:open,uw-174452-open,mistranslation,mistranslation,,1.5b,0.6571,open,8,6,6,0.3,0.03472,-0.32069,0.72363,-3.25235,-1.54437,1,1
luke5:item13:open,uw-174406-open,mistranslation,mistranslation,,1.5b,0.6571,open,5,6,6,0.3,0.22222,-0.41952,0.67947,-4.25468,0.73462,1,1
luke6:item9:open,uw-174423-open,mistranslation,mistranslation,,1.5b,0.6571,open,6,6,6,0.3,0.22222,-0.46624,0.656,-4.72857,-0.48389,1,1
luke4:item17:open,uw-174388-open,mistranslation,mistranslation,,1.5b,0.6571,open,4,6,6,0.3,0.22222,-0.69053,0.67548,-7.00329,-0.50302,1,1
luke4:item18:mcq,uw-174388-mcq,mistranslation,mistranslation,,1.5b,0.6571,mcq,4,6,6,0.3,0.22222,-0.69053,0.67548,-7.00329,-0.50302,1,1
luke4:item28:mcq,uw-174395-mcq,mistranslation,mistranslation,,1.5b,0.6571,mcq,4,6,6,0.3,0.13889,-0.69283,0.70448,-7.02655,-1.21103,1,1
luke6:item12:mcq,uw-174424-mcq,mistranslation,mistranslation,,1.5b,0.6571,mcq,6,6,6,0.3,0.13889,-0.69283,0.70448,-7.02655,-1.21103,1,1
luke2:item1:open,uw-174346-open,mistranslation,mistranslation,,1.7b,1.1343,open,2,6,6,0.3,0.25,1.29434,0.75425,13.12704,0.1972,1,1
luke3:item7:open,uw-174368-open,mistranslation,mistranslation,,1.7b,1.1343,open,3,6,6,0.3,0.25,1.29434,0.75425,13.12704,0.1972,1,1
luke3:item9:open,uw-174370-open,mistranslation,mistranslation,,1.7b,1.1343,open,3,6,6,0.3,0.25,1.29434,0.75425,13.12704,0.1972,1,1
luke4:item3:open,uw-174378-open,mistranslation,mistranslation,,1.7b,1.1343,open,4,6,6,0.3,0.25,1.29434,0.75425,13.12704,0.1972,1,1
luke4:item5:open,uw-174379-open,mistranslation,mistranslation,,1.7b,1.1343,open,4,6,6,0.3,0.25,1.29434,0.75425,13.12704,0.1972,1,1
luke4:item6:mcq,uw-174379-mcq,mistranslation,mistranslation,,1.7b,1.1343,mcq,4,6,6,0.3,0.25,1.29434,0.75425,13.12704,0.1972,1,1
luke8:item11:open,uw-174449-open,mistranslation,mistranslation,,1.7b,1.1343,open,8,6,6,0.3,0.25,1.29434,0.75425,13.12704,0.1972,1,1
luke1:item35:open,uw-174340-open,mistranslation,mistranslation,,1.7b,1.1343,open,1,6,6,0.3,0.22222,1.26653,0.75215,12.84494,0.97244,1,1
luke1:item36:mcq,uw-174340-mcq,mistranslation,mistranslation,,1.7b,1.1343,mcq,1,6,6,0.3,0.22222,1.26653,0.75215,12.84494,0.97244,1,1
luke4:item35:open,uw-174398-open,mistranslation,mistranslation,,1.7b,1.1343,open,4,6,6,0.3,0.22222,1.26653,0.75215,12.84494,0.97244,1,1
luke4:item36:mcq,uw-174398-mcq,mistranslation,mistranslation,,1.7b,1.1343,mcq,4,6,6,0.3,0.22222,1.26653,0.75215,12.84494,0.97244,1,1
luke4:item38:mcq,uw-174398-mcq,mistranslation,mistranslation,,1.7b,1.1343,mcq,4,6,6,0.3,0.22222,1.26653,0.75215,12.84494,0.97244,1,1
luke4:item4:mcq,uw-174378-mcq,mistranslation,mistranslation,,1.7b,1.1343,mcq,4,6,6,0.3,0.22222,1.26653,0.75215,12.84494,0.97244,1,1
luke2:item23:open,uw-174362-open,mistranslation,mistranslation,,1.7b,1.1343,open,2,6,6,0.3,0.22222,1.16059,0.74909,11.77055,-0.51775,1,1
luke1:item11:open,uw-174324-open,mistranslation,mistranslation,,1.7b,1.1343,open,1,6,6,0.3,0.13889,1.07992,0.76071,10.95235,1.79345,1,1
luke1:item29:open,uw-174335-open,mistranslation,mistranslation,,1.7b,1.1343,open,1,6,6,0.3,0.13889,1.07992,0.76071,10.95235,1.79345,1,1
luke1:item30:mcq,uw-174335-mcq,mistranslation,mistranslation,,1.7b,1.1343,mcq,1,6,6,0.3,0.13889,1.07992,0.76071,10.95235,1.79345,1,1
luke1:item3:open,uw-174317-open,mistranslation,mistranslation,,1.7b,1.1343,open,1,6,6,0.3,0.13889,1.07992,0.76071,10.95235,1.79345,1,1
luke1:item43:open,uw-174344-open,mistranslation,mistranslation,,1.7b,1.1343,open,1,6,6,0.3,0.13889,1.07992,0.76071,10.95235,1.79345,1,1
luke1:item44:mcq,uw-174344-mcq,mistranslation,mistranslation,,1.7b,1.1343,mcq,1,6,6,0.3,0.13889,1.07992,0.76071,10.95235,1.79345,1,1
luke1:item5:open,uw-174318-open,mistranslation,mistranslation,,1.7b,1.1343,open,1,6,6,0.3,0.13889,1.07992,0.76071,10.95235,1.79345,1,1
luke3:item13:open,uw-174375-open,mistranslation,mistranslation,,1.7b,1.1343,open,3,6,6,0.3,0.13889,1.07992,0.76071,10.95235,1.79345,1,1
luke4:item19:open,uw-174389-open,mistranslation,mistranslation,,1.7b,1.1343,open,4,6,6,0.3,0.13889,1.07992,0.76071,10.95235,1.79345,1,1
luke4:item24:mcq,uw-174393-mcq,mistranslation,mistranslation,,1.7b,1.1343,mcq,4,6,6,0.3,0.13889,1.07992,0.76071,10.95235,1.79345,1,1
luke5:item10:mcq,uw-174403-mcq,mistranslation,mistranslation,,1.7b,1.1343,mcq,5,6,6,0.3,0.13889,1.07992,0.76071,10.95235,1.79345,1,1
luke5:item23:open,uw-174412-open,mistranslation,mistranslation,,1.7b,1.1343,open,5,6,6,0.3,0.13889,1.07992,0.76071,10.95235,1.79345,1,1
luke5:item25:open,uw-174403-open,mistranslation,mistranslation,,1.7b,1.1343,open,5,6,6,0.3,0.13889,1.07992,0.76071,10.95235,1.79345,1,1
luke5:item26:mcq,uw-174403-mcq,mistranslation,mistranslation,,1.7b,1.1343,mcq,5,6,6,0.3,0.13889,1.07992,0.76071,10.95235,1.79345,1,1
luke5:item7:open,uw-174403-open,mistranslation,mistranslation,,1.7b,1.1343,open,5,6,6,0.3,0.13889,1.07992,0.76071,10.95235,1.79345,1,1
luke5:item8:mcq,uw-174403-mcq,mistranslation,mistranslation,,1.7b,1.1343,mcq,5,6,6,0.3,0.13889,1.07992,0.76071,10.95235,1.79345,1,1
luke7:item11:open,uw-174436-open,mistranslation,mistranslation,,1.7b,1.1343,open,7,6,6,0.3,0.13889,1.07992,0.76071,10.95235,1.79345,1,1
luke2:item11:open,uw-174352-open,mistranslation,mistranslation,,1.7b,1.1343,open,2,6,6,0.3,0.25,1.02092,0.71514,10.35398,0.1952,1,1
luke4:item16:mcq,uw-174387-mcq,mistranslation,mistranslation,,1.7b,1.1343,mcq,4,6,6,0.3,0.22222,0.99303,0.71762,10.0712,0.90959,1,1
luke2:item19:open,uw-174359-open,mistranslation,mistranslation,,1.7b,1.1343,open,2,6,6,0.3,0.22222,0.88968,0.71333,9.023,-0.46911,1,1
luke4:item2:mcq,uw-174377-mcq,mistranslation,mistranslation,,1.7b,1.1343,mcq,4,6,6,0.3,0.13889,0.83289,0.74743,8.44706,-1.16446,1,1
luke4:item43:open,uw-174398-open,mistranslation,mistranslation,,1.7b,1.1343,open,4,6,6,0.3,0.13889,0.83289,0.74743,8.44706,-1.16446,1,1
luke7:item3:open,uw-174430-open,mistranslation,mistranslation,,1.7b,1.1343,open,7,6,6,0.3,0.13889,0.83289,0.74743,8.44706,-1.16446,1,1
luke1:item15:open,uw-174326-open,mistranslation,mistranslation,,1.7b,1.1343,open,1,6,6,0.3,0.25,0.77358,0.68281,7.84552,0.1916,1,1
luke6:item9:open,uw-174423-open,mistranslation,mistranslation,,1.7b,1.1343,open,6,6,6,0.3,0.25,0.77358,0.68281,7.84552,0.1916,1,1
luke1:item27:open,uw-174333-open,mistranslation,mistranslation,,1.7b,1.1343,open,1,6,6,0.3,0.22222,0.74213,0.69046,7.52652,0.85869,1,1
luke2:item17:open,uw-174357-open,mistranslation,mistranslation,,1.7b,1.1343,open,2,6,6,0.3,0.22222,0.74213,0.69046,7.52652,0.85869,1,1
luke1:item37:open,uw-174341-open,mistranslation,mistranslation,,1.7b,1.1343,open,1,6,6,0.3,0.13889,0.56056,0.71894,5.68507,-1.09557,1,1
luke1:item23:open,uw-174331-open,mistranslation,mistranslation,,1.7b,1.1343,open,1,6,6,0.3,0.13889,0.52082,0.72863,5.28209,1.59608,1,1
luke1:item32:mcq,uw-174336-mcq,mistranslation,mistranslation,,1.7b,1.1343,mcq,1,6,6,0.3,0.13889,0.52082,0.72863,5.28209,1.59608,1,1
luke2:item13:open,uw-174354-open,mistranslation,mistranslation,,1.7b,1.1343,open,2,6,6,0.3,0.13889,0.52082,0.72863,5.28209,1.59608,1,1
luke4:item13:open,uw-174384-open,mistranslation,mistranslation,,1.7b,1.1343,open,4,6,6,0.3,0.13889,0.52082,0.72863,5.28209,1.59608,1,1
luke4:item9:open,uw-174381-open,mistranslation,mistranslation,,1.7b,1.1343,open,4,6,6,0.3,0.13889,0.52082,0.72863,5.28209,1.59608,1,1
luke7:item7:open,uw-174432-open,mistranslation,mistranslation,,1.7b,1.1343,open,7,6,6,0.3,0.13889,0.52082,0.72863,5.28209,1.59608,1,1
luke8:item14:mcq,uw-174452-mcq,mistranslation,mistranslation,,1.7b,1.1343,mcq,8,6,6,0.3,0.13889,0.52082,0.72863,5.28209,1.59608,1,1
luke8:item3:open,uw-174445-open,mistranslation,mistranslation,,1.7b,1.1343,open,8,6,6,0.3,0.13889,0.52082,0.72863,5.28209,1.59608,1,1
luke1:item33:open,uw-174339-open,mistranslation,mistranslation,,1.7b,1.1343,open,1,6,6,0.3,0.22222,0.50743,0.67152,5.1463,0.82039,1,1
luke1:item34:mcq,uw-174339-mcq,mistranslation,mistranslation,,1.7b,1.1343,mcq,1,6,6,0.3,0.22222,0.50743,0.67152,5.1463,0.82039,1,1
luke3:item11:open,uw-174374-open,mistranslation,mistranslation,,1.7b,1.1343,open,3,6,6,0.3,0.22222,0.50743,0.67152,5.1463,0.82039,1,1
luke4:item23:open,uw-174393-open,mistranslation,mistranslation,,1.7b,1.1343,open,4,6,6,0.3,0.22222,0.50743,0.67152,5.1463,0.82039,1,1
luke4:item33:open,uw-174397-open,mistranslation,mistranslation,,1.7b,1.1343,open,4,6,6,0.3,0.22222,0.50743,0.67152,5.1463,0.82039,1,1
luke8:item18:mcq,uw-174455-mcq,mistranslation,mistranslation,,1.7b,1.1343,mcq,8,6,6,0.3,0.22222,0.50743,0.67152,5.1463,0.82039,1,1
luke2:item15:open,uw-174355-open,mistranslation,mistranslation,,1.7b,1.1343,open,2,6,6,0.3,0.25,0.33177,0.64257,3.36473,0.18311,1,1
luke2:item21:open,uw-174361-open,mistranslation,mistranslation,,1.7b,1.1343,open,2,6,6,0.3,0.13889,0.30694,0.69666,3.11294,-1.05348,1,1
luke4:item18:mcq,uw-174388-mcq,mistranslation,mistranslation,,1.7b,1.1343,mcq,4,6,6,0.3,0.13889,0.30694,0.69666,3.11294,-1.05348,1,1
luke5:item21:open,uw-174410-open,mistranslation,mistranslation,,1.7b,1.1343,open,5,6,6,0.3,0.13889,0.30694,0.69666,3.11294,-1.05348,1,1
luke1:item28:mcq,uw-174333-mcq,mistranslation,mistranslation,,1.7b,1.1343,mcq,1,6,6,0.3,0.13889,0.25367,0.72458,2.57271,1.54552,1,1
luke3:item10:mcq,uw-174370-mcq,mistranslation,mistranslation,,1.7b,1.1343,mcq,3,6,6,0.3,0.13889,0.25367,0.72458,2.57271,1.54552,1,1
luke3:item1:open,uw-174365-open,mistranslation,mistranslation,,1.7b,1.1343,open,3,6,6,0.3,0.13889,0.25367,0.72458,2.57271,1.54552,1,1
luke3:item4:mcq,uw-174366-mcq,mistranslation,mistranslation,,1.7b,1.1343,mcq,3,6,6,0.3,0.13889,0.25367,0.72458,2.57271,1.54552,1,1
luke4:item11:open,uw-174382-open,mistranslation,mistranslation,,1.7b,1.1343,open,4,6,6,0.3,0.13889,0.25367,0.72458,2.57271,1.54552,1,1
luke5:item15:open,uw-174407-open,mistranslation,mistranslation,,1.7b,1.1343,open,5,6,6,0.3,0.13889,0.25367,0.72458,2.57271,1.54552,1,1
luke5:item2:mcq,uw-174400-mcq,mistranslation,mistranslation,,1.7b,1.1343,mcq,5,6,6,0.3,0.13889,0.25367,0.72458,2.57271,1.54552,1,1
luke1:item10:mcq,uw-174323-mcq,mistranslation,mistranslation,,1.7b,1.1343,mcq,1,6,6,0.3,0.0,0.2297,0.85483,2.32959,2.74153,1,0
luke1:item12:mcq,uw-174324-mcq,mistranslation,mistranslation,,1.7b,1.1343,mcq,1,6,6,0.3,0.0,0.2297,0.85483,2.32959,2.74153,1,0
luke1:item13:open,uw-174325-open,mistranslation,mistranslation,,1.7b,1.1343,open,1,6,6,0.3,0.0,0.2297,0.85483,2.32959,2.74153,1,0
luke1:item14:mcq,uw-174325-mcq,mistranslation,mistranslation,,1.7b,1.1343,mcq,1,6,6,0.3,0.0,0.2297,0.85483,2.32959,2.74153,1,0
luke1:item16:mcq,uw-174326-mcq,mistranslation,mistranslation,,1.7b,1.1343,mcq,1,6,6,0.3,0.0,0.2297,0.85483,2.32959,2.74153,1,0
luke1:item17:open,uw-174328-open,mistranslation,mistranslation,,1.7b,1.1343,open,1,6,6,0.3,0.0,0.2297,0.85483,2.32959,2.74153,1,0
luke1:item19:open,uw-174329-open,mistranslation,mistranslation,,1.7b,1.1343,open,1,6,6,0.3,0.0,0.2297,0.85483,2.32959,2.74153,1,0
luke1:item1:open,uw-174316-open,mistranslation,mistranslation,,1.7b,1.1343,open,1,6,6,0.3,0.0,0.2297,0.85483,2.32959,2.74153,1,0
luke1:item20:mcq,uw-174329-mcq,mistranslation,mistranslation,,1.7b,1.1343,mcq,1,6,6,0.3,0.0,0.2297,0.85483,2.32959,2.74153,1,0
luke1:item22:mcq,uw-174330-mcq,mistranslation,mistranslation,,1.7b,1.1343,mcq,1,6,6,0.3,0.0,0.2297,0.85483,2.32959,2.74153,1,0
luke1:item24:mcq,uw-174331-mcq,mistranslation,mistranslation,,1.7b,1.1343,mcq,1,6,6,0.3,0.0,0.2297,0.85483,2.32959,2.74153,1,0
luke1:item25:open,uw-174332-open,mistranslation,mistranslation,,1.7b,1.1343,open,1,6,6,0.3,0.0,0.2297,0.85483,2.32959,2.74153,1,0
luke1:item26:mcq,uw-174332-mcq,mistranslation,mistranslation,,1.7b,1.1343,mcq,1,6,6,0.3,0.0,0.2297,0.85483,2.32959,2.74153,1,0
luke1:item2:mcq,uw-174316-mcq,mistranslation,mistranslation,,1.7b,1.1343,mcq,1,6,6,0.3,0.0,0.2297,0.85483,2.32959,2.74153,1,0
luke1:item40:mcq,uw-174342-mcq,mistranslation,mistranslation,,1.7b,1.1343,mcq,1,6,6,0.3,0.0,0.2297,0.85483,2.32959,2.74153,1,0
luke1:item42:mcq,uw-174343-mcq,mistranslation,mistranslation,,1.7b,1.1343,mcq,1,6,6,0.3,0.0,0.2297,0.85483,2.32959,2.74153,1,0
luke1:item4:mcq,uw-174317-mcq,mistranslation,mistranslation,,1.7b,1.1343,mcq,1,6,6,0.3,0.0,0.2297,0.85483,2.32959,2.74153,1,0
luke1:item6:mcq,uw-174318-mcq,mistranslation,mistranslation,,1.7b,1.1343,mcq,1,6,6,0.3,0.0,0.2297,0.85483,2.32959,2.74153,1,0
luke1:item7:open,uw-174322-open,mistranslation,mistranslation,,1.7b,1.1343,open,1,6,6,0.3,0.0,0.2297,0.85483,2.32959,2.74153,1,0
luke1:item8:mcq,uw-174322-mcq,mistranslation,mistranslation,,1.7b,1.1343,mcq,1,6,6,0.3,0.0,0.2297,0.85483,2.32959,2.74153,1,0
luke1:item9:open,uw-174323-open,mistranslation,mistranslation,,1.7b,1.1343,open,1,6,6,0.3,0.0,0.2297,0.85483,2.32959,2.74153,1,0
luke2:item10:mcq,uw-174351-mcq,mistranslation,mistranslation,,1.7b,1.1343,mcq,2,6,6,0.3,0.0,0.2297,0.85483,2.32959,2.74153,1,0
luke2:item12:mcq,uw-174352-mcq,mistranslation,mistranslation,,1.7b,1.1343,mcq,2,6,6,0.3,0.0,0.2297,0.85483,2.32959,2.74153,1,0
luke2:item14:mcq,uw-174354-mcq,mistranslation,mistranslation,,1.7b,1.1343,mcq,2,6,6,0.3,0.0,0.2297,0.85483,2.32959,2.74153,1,0
luke2:item16:mcq,uw-174355-mcq,mistranslation,mistranslation,,1.7b,1.1343,mcq,2,6,6,0.3,0.0,0.2297,0.85483,2.32959,2.74153,1,0
luke2:item18:mcq,uw-174357-mcq,mistranslation,mistranslation,,1.7b,1.1343,mcq,2,6,6,0.3,0.0,0.2297,0.85483,2.32959,2.74153,1,0
luke2:item20:mcq,uw-174359-mcq,mistranslation,mistranslation,,1.7b,1.1343,mcq,2,6,6,0.3,0.0,0.2297,0.85483,2.32959,2.74153,1,0
luke2:item24:mcq,uw-174362-mcq,mistranslation,mistranslation,,1.7b,1.1343,mcq,2,6,6,0.3,0.0,0.2297,0.85483,2.32959,2.74153,1,0
luke2:item2:mcq,uw-174346-mcq,mistranslation,mistranslation,,1.7b,1.1343,mcq,2,6,6,0.3,0.0,0.2297,0.85483,2.32959,2.74153,1,0
luke2:item4:mcq,uw-174347-mcq,mistranslation,mistranslation,,1.7b,1.1343,mcq,2,6,6,0.3,0.0,0.2297,0.85483,2.32959,2.74153,1,0
luke2:item6:mcq,uw-174349-mcq,mistranslation,mistranslation,,1.7b,1.1343,mcq,2,6,6,0.3,0.0,0.2297,0.85483,2.32959,2.74153,1,0
luke2:item7:open,uw-174350-open,mistranslation,mistranslation,,1.7b,1.1343,open,2,6,6,0.3,0.0,0.2297,0.85483,2.32959,2.74153,1,0
luke2:item8:mcq,uw-174350-mcq,mistranslation,mistranslation,,1.7b,1.1343,mcq,2,6,6,0.3,0.0,0.2297,0.85483,2.32959,2.74153,1,0
luke2:item9:open,uw-174351-open,mistranslation,mistranslation,,1.7b,1.1343,open,2,6,6,0.3,0.0,0.2297,0.85483,2.32959,2.74153,1,0
luke3:item12:mcq,uw-174374-mcq,mistranslation,mistranslation,,1.7b,1.1343,mcq,3,6,6,0.3,0.0,0.2297,0.85483,2.32959,2.74153,1,0
luke3:item14:mcq,uw-174375-mcq,mistranslation,mistranslation,,1.7b,1.1343,mcq,3,6,6,0.3,0.0,0.2297,0.85483,2.32959,2.74153,1,0
luke3:item2:mcq,uw-174365-mcq,mistranslation,mistranslation,,1.7b,1.1343,mcq,3,6,6,0.3,0.0,0.2297,0.85483,2.32959,2.74153,1,0
luke3:item5:open,uw-174367-open,mistranslation,mistranslation,,1.7b,1.1343,open,3,6,6,0.3,0.0,0.2297,0.85483,2.32959,2.74153,1,0
luke3:item6:mcq,uw-174367-mcq,mistranslation,mistranslation,,1.7b,1.1343,mcq,3,6,6,0.3,0.0,0.2297,0.85483,2.32959,2.74153,1,0
luke3:item8:mcq,uw-174368-mcq,mistranslation,mistranslation,,1.7b,1.1343,mcq,3,6,6,0.3,0.0,0.2297,0.85483,2.32959,2.74153,1,0
luke4:item10:mcq,uw-174381-mcq,mistranslation,mistranslation,,1.7b,1.1343,mcq,4,6,6,0.3,0.0,0.2297,0.85483,2.32959,2.74153,1,0
luke4:item14:mcq,uw-174384-mcq,mistranslation,mistranslation,,1.7b,1.1343,mcq,4,6,6,0.3,0.0,0.2297,0.85483,2.32959,2.74153,1,0
luke4:item1:open,uw-174377-open,mistranslation,mistranslation,,1.7b,1.1343,open,4,6,6,0.3,0.0,0.2297,0.85483,2.32959,2.74153,1,0
luke4:item22:mcq,uw-174392-mcq,mistranslation,mistranslation,,1.7b,1.1343,mcq,4,6,6,0.3,0.0,0.2297,0.85483,2.32959,2.74153,1,0
luke4:item26:mcq,uw-174394-mcq,mistranslation,mistranslation,,1.7b,1.1343,mcq,4,6,6,0.3,0.0,0.2297,0.85483,2.32959,2.74153,1,0
luke4:item28:mcq,uw-174395-mcq,mistranslation,mistranslation,,1.7b,1.1343,mcq,4,6,6,0.3,0.0,0.2297,0.85483,2.32959,2.74153,1,0
luke4:item29:open,uw-174396-open,mistranslation,mistranslation,,1.7b,1.1343,open,4,6,6,0.3,0.0,0.2297,0.85483,2.32959,2.74153,1,0
luke4:item30:mcq,uw-174396-mcq,mistranslation,mistranslation,,1.7b,1.1343,mcq,4,6,6,0.3,0.0,0.2297,0.85483,2.32959,2.74153,1,0
luke4:item32:mcq,uw-174396-mcq,mistranslation,mistranslation,,1.7b,1.1343,mcq,4,6,6,0.3,0.0,0.2297,0.85483,2.32959,2.74153,1,0
luke4:item34:mcq,uw-174397-mcq,mistranslation,mistranslation,,1.7b,1.1343,mcq,4,6,6,0.3,0.0,0.2297,0.85483,2.32959,2.74153,1,0
luke4:item39:open,uw-174399-open,mistranslation,mistranslation,,1.7b,1.1343,open,4,6,6,0.3,0.0,0.2297,0.85483,2.32959,2.74153,1,0
luke4:item40:mcq,uw-174399-mcq,mistranslation,mistranslation,,1.7b,1.1343,mcq,4,6,6,0.3,0.0,0.2297,0.85483,2.32959,2.74153,1,0
luke4:item41:open,uw-174396-open,mistranslation,mistranslation,,1.7b,1.1343,open,4,6,6,0.3,0.0,0.2297,0.85483,2.32959,2.74153,1,0
luke4:item42:mcq,uw-174396-mcq,mistranslation,mistranslation,,1.7b,1.1343,mcq,4,6,6,0.3,0.0,0.2297,0.85483,2.32959,2.74153,1,0
luke4:item7:open,uw-174380-open,mistranslation,mistranslation,,1.7b,1.1343,open,4,6,6,0.3,0.0,0.2297,0.85483,2.32959,2.74153,1,0
luke4:item8:mcq,uw-174380-mcq,mistranslation,mistranslation,,1.7b,1.1343,mcq,4,6,6,0.3,0.0,0.2297,0.85483,2.32959,2.74153,1,0
luke5:item11:open,uw-174404-open,mistranslation,mistranslation,,1.7b,1.1343,open,5,6,6,0.3,0.0,0.2297,0.85483,2.32959,2.74153,1,0
luke5:item14:mcq,uw-174406-mcq,mistranslation,mistranslation,,1.7b,1.1343,mcq,5,6,6,0.3,0.0,0.2297,0.85483,2.32959,2.74153,1,0
luke5:item16:mcq,uw-174407-mcq,mistranslation,mistranslation,,1.7b,1.1343,mcq,5,6,6,0.3,0.0,0.2297,0.85483,2.32959,2.74153,1,0
luke5:item17:open,uw-174408-open,mistranslation,mistranslation,,1.7b,1.1343,open,5,6,6,0.3,0.0,0.2297,0.85483,2.32959,2.74153,1,0
luke5:item18:mcq,uw-174408-mcq,mistranslation,mistranslation,,1.7b,1.1343,mcq,5,6,6,0.3,0.0,0.2297,0.85483,2.32959,2.74153,1,0
luke5:item20:mcq,uw-174409-mcq,mistranslation,mistranslation,,1.7b,1.1343,mcq,5,6,6,0.3,0.0,0.2297,0.85483,2.32959,2.74153,1,0
luke5:item22:mcq,uw-174410-mcq,mistranslation,mistranslation,,1.7b,1.1343,mcq,5,6,6,0.3,0.0,0.2297,0.85483,2.32959,2.74153,1,0
luke5:item24:mcq,uw-174412-mcq,mistranslation,mistranslation,,1.7b,1.1343,mcq,5,6,6,0.3,0.0,0.2297,0.85483,2.32959,2.74153,1,0
luke5:item4:mcq,uw-174401-mcq,mistranslation,mistranslation,,1.7b,1.1343,mcq,5,6,6,0.3,0.0,0.2297,0.85483,2.32959,2.74153,1,0
luke5:item5:open,uw-174402-open,mistranslation,mistranslation,,1.7b,1.1343,open,5,6,6,0.3,0.0,0.2297,0.85483,2.32959,2.74153,1,0
luke5:item6:mcq,uw-174402-mcq,mistranslation,mistranslation,,1.7b,1.1343,mcq,5,6,6,0.3,0.0,0.2297,0.85483,2.32959,2.74153,1,0
luke5:item9:open,uw-174403-open,mistranslation,mistranslation,,1.7b,1.1343,open,5,6,6,0.3,0.0,0.2297,0.85483,2.32959,2.74153,1,0
luke6:item10:mcq,uw-174423-mcq,mistranslation,mistranslation,,1.7b,1.1343,mcq,6,6,6,0.3,0.0,0.2297,0.85483,2.32959,2.74153,1,0
luke6:item11:open,uw-174424-open,mistranslation,mistranslation,,1.7b,1.1343,open,6,6,6,0.3,0.0,0.2297,0.85483,2.32959,2.74153,1,0
luke6:item12:mcq,uw-174424-mcq,mistranslation,mistranslation,,1.7b,1.1343,mcq,6,6,6,0.3,0.0,0.2297,0.85483,2.32959,2.74153,1,0
luke6:item14:mcq,uw-174427-mcq,mistranslation,mistranslation,,1.7b,1.1343,mcq,6,6,6,0.3,0.0,0.2297,0.85483,2.32959,2.74153,1,0
luke6:item16:mcq,uw-174428-mcq,mistranslation,mistranslation,,1.7b,1.1343,mcq,6,6,6,0.3,0.0,0.2297,0.85483,2.32959,2.74153,1,0
luke6:item1:open,uw-174414-open,mistranslation,mistranslation,,1.7b,1.1343,open,6,6,6,0.3,0.0,0.2297,0.85483,2.32959,2.74153,1,0
luke6:item2:mcq,uw-174414-mcq,mistranslation,mistranslation,,1.7b,1.1343,mcq,6,6,6,0.3,0.0,0.2297,0.85483,2.32959,2.74153,1,0
luke6:item3:open,uw-174415-open,mistranslation,mistranslation,,1.7b,1.1343,open,6,6,6,0.3,0.0,0.2297,0.85483,2.32959,2.74153,1,0
luke6:item4:mcq,uw-174415-mcq,mistranslation,mistranslation,,1.7b,1.1343,mcq,6,6,6,0.3,0.0,0.2297,0.85483,2.32959,2.74153,1,0
luke6:item6:mcq,uw-174421-mcq,mistranslation,mistranslation,,1.7b,1.1343,mcq,6,6,6,0.3,0.0,0.2297,0.85483,2.32959,2.74153,1,0
luke6:item7:open,uw-174422-open,mistranslation,mistranslation,,1.7b,1.1343,open,6,6,6,0.3,0.0,0.2297,0.85483,2.32959,2.74153,1,0
luke6:item8:mcq,uw-174422-mcq,mistranslation,mistranslation,,1.7b,1.1343,mcq,6,6,6,0.3,0.0,0.2297,0.85483,2.32959,2.74153,1,0
luke7:item10:mcq,uw-174434-mcq,mistranslation,mistranslation,,1.7b,1.1343,mcq,7,6,6,0.3,0.0,0.2297,0.85483,2.32959,2.74153,1,0
luke7:item12:mcq,uw-174436-mcq,mistranslation,mistranslation,,1.7b,1.1343,mcq,7,6,6,0.3,0.0,0.2297,0.85483,2.32959,2.74153,1,0
luke7:item13:open,uw-174440-open,mistranslation,mistranslation,,1.7b,1.1343,open,7,6,6,0.3,0.0,0.2297,0.85483,2.32959,2.74153,1,0
luke7:item14:mcq,uw-174440-mcq,mistranslation,mistranslation,,1.7b,1.1343,mcq,7,6,6,0.3,0.0,0.2297,0.85483,2.32959,2.74153,1,0
luke7:item16:mcq,uw-174441-mcq,mistranslation,mistranslation,,1.7b,1.1343,mcq,7,6,6,0.3,0.0,0.2297,0.85483,2.32959,2.74153,1,0
luke7:item17:open,uw-174442-open,mistranslation,mistranslation,,1.7b,1.1343,open,7,6,6,0.3,0.0,0.2297,0.85483,2.32959,2.74153,1,0
luke7:item18:mcq,uw-174442-mcq,mistranslation,mistranslation,,1.7b,1.1343,mcq,7,6,6,0.3,0.0,0.2297,0.85483,2.32959,2.74153,1,0
luke7:item2:mcq,uw-174429-mcq,mistranslation,mistranslation,,1.7b,1.1343,mcq,7,6,6,0.3,0.0,0.2297,0.85483,2.32959,2.74153,1,0
luke7:item4:mcq,uw-174430-mcq,mistranslation,mistranslation,,1.7b,1.1343,mcq,7,6,6,0.3,0.0,0.2297,0.85483,2.32959,2.74153,1,0
luke7:item6:mcq,uw-174431-mcq,mistranslation,mistranslation,,1.7b,1.1343,mcq,7,6,6,0.3,0.0,0.2297,0.85483,2.32959,2.74153,1,0
luke8:item10:mcq,uw-174448-mcq,mistranslation,mistranslation,,1.7b,1.1343,mcq,8,6,6,0.3,0.0,0.2297,0.85483,2.32959,2.74153,1,0
luke8:item12:mcq,uw-174449-mcq,mistranslation,mistranslation,,1.7b,1.1343,mcq,8,6,6,0.3,0.0,0.2297,0.85483,2.32959,2.74153,1,0
luke8:item16:mcq,uw-174454-mcq,mistranslation,mistranslation,,1.7b,1.1343,mcq,8,6,6,0.3,0.0,0.2297,0.85483,2.32959,2.74153,1,0
luke8:item1:open,uw-174444-open,mistranslation,mistranslation,,1.7b,1.1343,open,8,6,6,0.3,0.0,0.2297,0.85483,2.32959,2.74153,1,0
luke8:item2:mcq,uw-174444-mcq,mistranslation,mistranslation,,1.7b,1.1343,mcq,8,6,6,0.3,0.0,0.2297,0.85483,2.32959,2.74153,1,0
luke8:item4:mcq,uw-174445-mcq,mistranslation,mistranslation,,1.7b,1.1343,mcq,8,6,6,0.3,0.0,0.2297,0.85483,2.32959,2.74153,1,0
luke8:item6:mcq,uw-174446-mcq,mistranslation,mistranslation,,1.7b,1.1343,mcq,8,6,6,0.3,0.0,0.2297,0.85483,2.32959,2.74153,1,0
luke8:item7:open,uw-174447-open,mistranslation,mistranslation,,1.7b,1.1343,open,8,6,6,0.3,0.0,0.2297,0.85483,2.32959,2.74153,1,0
luke8:item8:mcq,uw-174447-mcq,mistranslation,mistranslation,,1.7b,1.1343,mcq,8,6,6,0.3,0.0,0.2297,0.85483,2.32959,2.74153,1,0
luke1:item39:open,uw-174342-open,mistranslation,mistranslation,,1.7b,1.1343,open,1,6,6,0.3,0.22222,0.19835,0.646,2.0116,-0.39987,1,1
luke8:item15:open,uw-174454-open,mistranslation,mistranslation,,1.7b,1.1343,open,8,6,6,0.3,0.22222,0.19835,0.646,2.0116,-0.39987,1,1
luke2:item22:mcq,uw-174361-mcq,mistranslation,mistranslation,,1.7b,1.1343,mcq,2,6,6,0.3,0.0,0.18716,0.77948,1.89817,-1.90049,1,0
luke2:item3:open,uw-174347-open,mistranslation,mistranslation,,1.7b,1.1343,open,2,6,6,0.3,0.0,0.18716,0.77948,1.89817,-1.90049,1,0
luke2:item5:open,uw-174349-open,mistranslation,mistranslation,,1.7b,1.1343,open,2,6,6,0.3,0.0,0.18716,0.77948,1.89817,-1.90049,1,0
luke4:item17:open,uw-174388-open,mistranslation,mistranslation,,1.7b,1.1343,open,4,6,6,0.3,0.0,0.18716,0.77948,1.89817,-1.90049,1,0
luke4:item20:mcq,uw-174389-mcq,mistranslation,mistranslation,,1.7b,1.1343,mcq,4,6,6,0.3,0.0,0.18716,0.77948,1.89817,-1.90049,1,0
luke4:item44:mcq,uw-174398-mcq,mistranslation,mistranslation,,1.7b,1.1343,mcq,4,6,6,0.3,0.0,0.18716,0.77948,1.89817,-1.90049,1,0
luke7:item5:open,uw-174431-open,mistranslation,mistranslation,,1.7b,1.1343,open,7,6,6,0.3,0.0,0.18716,0.77948,1.89817,-1.90049,1,0
luke8:item17:open,uw-174455-open,mistranslation,mistranslation,,1.7b,1.1343,open,8,6,6,0.3,0.0,0.18716,0.77948,1.89817,-1.90049,1,0
luke1:item21:open,uw-174330-open,mistranslation,mistranslation,,1.7b,1.1343,open,1,6,6,0.3,0.22222,0.06216,0.65947,0.63037,0.78372,1,1
luke4:item12:mcq,uw-174382-mcq,mistranslation,mistranslation,,1.7b,1.1343,mcq,4,6,6,0.3,0.22222,0.06216,0.65947,0.63037,0.78372,1,1
luke5:item13:open,uw-174406-open,mistranslation,mistranslation,,1.7b,1.1343,open,5,6,6,0.3,0.22222,0.06216,0.65947,0.63037,0.78372,1,1
luke6:item13:open,uw-174427-open,mistranslation,mistranslation,,1.7b,1.1343,open,6,6,6,0.3,0.22222,0.06216,0.65947,0.63037,0.78372,1,1
luke7:item1:open,uw-174429-open,mistranslation,mistranslation,,1.7b,1.1343,open,7,6,6,0.3,0.22222,0.06216,0.65947,0.63037,0.78372,1,1
luke1:item38:mcq,uw-174341-mcq,mistranslation,mistranslation,,1.7b,1.1343,mcq,1,6,6,0.3,0.13889,-0.01403,0.73021,-0.14227,1.52948,1,1
luke1:item41:open,uw-174343-open,mistranslation,mistranslation,,1.7b,1.1343,open,1,6,6,0.3,0.13889,-0.01403,0.73021,-0.14227,1.52948,1,1
luke6:item15:open,uw-174428-open,mistranslation,mistranslation,,1.7b,1.1343,open,6,6,6,0.3,0.13889,-0.01403,0.73021,-0.14227,1.52948,1,1
luke7:item8:mcq,uw-174432-mcq,mistranslation,mistranslation,,1.7b,1.1343,mcq,7,6,6,0.3,0.13889,-0.01403,0.73021,-0.14227,1.52948,1,1
luke1:item18:mcq,uw-174328-mcq,mistranslation,mistranslation,,1.7b,1.1343,mcq,1,6,6,0.3,0.25,-0.07863,0.63503,-0.79742,0.18003,1,1
luke4:item21:open,uw-174392-open,mistranslation,mistranslation,,1.7b,1.1343,open,4,6,6,0.3,0.25,-0.07863,0.63503,-0.79742,0.18003,1,1
luke7:item15:open,uw-174441-open,mistranslation,mistranslation,,1.7b,1.1343,open,7,6,6,0.3,0.25,-0.07863,0.63503,-0.79742,0.18003,1,1
luke7:item9:open,uw-174434-open,mistranslation,mistranslation,,1.7b,1.1343,open,7,6,6,0.3,0.25,-0.07863,0.63503,-0.79742,0.18003,1,1
luke5:item19:open,uw-174409-open,mistranslation,mistranslation,,1.7b,1.1343,open,5,6,6,0.3,0.22222,-0.16027,0.66658,-1.62548,0.78717,1,1
luke3:item3:open,uw-174366-open,mistranslation,mistranslation,,1.7b,1.1343,open,3,6,6,0.3,0.13889,-0.16783,0.67778,-1.70213,-1.0405,1,1
luke4:item31:open,uw-174396-open,mistranslation,mistranslation,,1.7b,1.1343,open,4,6,6,0.3,0.13889,-0.16783,0.67778,-1.70213,-1.0405,1,1
luke5:item3:open,uw-174401-open,mistranslation,mistranslation,,1.7b,1.1343,open,5,6,6,0.3,0.13889,-0.16783,0.67778,-1.70213,-1.0405,1,1
luke8:item13:open,uw-174452-open,mistranslation,mistranslation,,1.7b,1.1343,open,8,6,6,0.3,0.13889,-0.16783,0.67778,-1.70213,-1.0405,1,1
luke4:item25:open,uw-174394-open,mistranslation,mistranslation,,1.7b,1.1343,open,4,6,6,0.3,0.22222,-0.21848,0.64165,-2.21584,-0.40018,1,1
luke4:item37:open,uw-174398-open,mistranslation,mistranslation,,1.7b,1.1343,open,4,6,6,0.3,0.22222,-0.39049,0.68239,-3.96031,0.80728,1,1
luke4:item27:open,uw-174395-open,mistranslation,mistranslation,,1.7b,1.1343,open,4,6,6,0.3,0.22222,-0.43013,0.65181,-4.36234,-0.4099,1,1
luke1:item31:open,uw-174336-open,mistranslation,mistranslation,,1.7b,1.1343,open,1,6,6,0.3,0.13889,-0.64182,0.69537,-6.50923,-1.11007,1,1
luke6:item5:open,uw-174421-open,mistranslation,mistranslation,,1.7b,1.1343,open,6,6,6,0.3,0.13889,-0.64182,0.69537,-6.50923,-1.11007,1,1
luke4:item15:open,uw-174387-open,mistranslation,mistranslation,,1.7b,1.1343,open,4,6,6,0.3,0.22222,-0.65127,0.67031,-6.60513,-0.42469,1,1
luke5:item1:open,uw-174400-open,mistranslation,mistranslation,,1.7b,1.1343,open,5,6,6,0.3,0.22222,-0.65127,0.67031,-6.60513,-0.42469,1,1
luke5:item12:mcq,uw-174404-mcq,mistranslation,mistranslation,,1.7b,1.1343,mcq,5,6,6,0.3,0.22222,-0.89812,0.73648,-9.10863,0.90642,1,1
luke8:item5:open,uw-174446-open,mistranslation,mistranslation,,1.7b,1.1343,open,8,6,6,0.3,0.22222,-0.89812,0.73648,-9.10863,0.90642,1,1
luke8:item9:open,uw-174448-open,mistranslation,mistranslation,,1.7b,1.1343,open,8,6,6,0.3,0.25,-0.97721,0.71646,-9.91074,0.2303,1,1
luke2:item1:open,uw-174346-open,mistranslation,mistranslation,,llama 1b,-0.3442,open,2,6,6,0.3,0.25,1.20128,0.7433,12.18324,-0.02845,1,1
luke2:item20:mcq,uw-174359-mcq,mistranslation,mistranslation,,llama 1b,-0.3442,mcq,2,6,6,0.3,0.25,1.20128,0.7433,12.18324,-0.02845,1,1
luke4:item5:open,uw-174379-open,mistranslation,mistranslation,,llama 1b,-0.3442,open,4,6,6,0.3,0.25,1.20128,0.7433,12.18324,-0.02845,1,1
luke5:item4:mcq,uw-174401-mcq,mistranslation,mistranslation,,llama 1b,-0.3442,mcq,5,6,6,0.3,0.25,1.20128,0.7433,12.18324,-0.02845,1,1
luke7:item7:open,uw-174432-open,mistranslation,mistranslation,,llama 1b,-0.3442,open,7,6,6,0.3,0.25,1.20128,0.7433,12.18324,-0.02845,1,1
luke1:item30:mcq,uw-174335-mcq,mistranslation,mistranslation,,llama 1b,-0.3442,mcq,1,6,6,0.3,0.22222,1.1361,0.73189,11.52211,0.70142,1,1
luke1:item35:open,uw-174340-open,mistranslation,mistranslation,,llama 1b,-0.3442,open,1,6,6,0.3,0.22222,1.1361,0.73189,11.52211,0.70142,1,1
luke4:item3:open,uw-174378-open,mistranslation,mistranslation,,llama 1b,-0.3442,open,4,6,6,0.3,0.22222,1.1361,0.73189,11.52211,0.70142,1,1
luke4:item4:mcq,uw-174378-mcq,mistranslation,mistranslation,,llama 1b,-0.3442,mcq,4,6,6,0.3,0.22222,1.1361,0.73189,11.52211,0.70142,1,1
luke6:item14:mcq,uw-174427-mcq,mistranslation,mistranslation,,llama 1b,-0.3442,mcq,6,6,6,0.3,0.22222,1.1361,0.73189,11.52211,0.70142,1,1
luke1:item21:open,uw-174330-open,mistranslation,mistranslation,,llama 1b,-0.3442,open,1,6,6,0.3,0.22222,1.10091,0.74968,11.16528,-0.72908,1,1
luke4:item6:mcq,uw-174379-mcq,mistranslation,mistranslation,,llama 1b,-0.3442,mcq,4,6,6,0.3,0.22222,1.10091,0.74968,11.16528,-0.72908,1,1
luke1:item44:mcq,uw-174344-mcq,mistranslation,mistranslation,,llama 1b,-0.3442,mcq,1,6,6,0.3,0.13889,0.91493,0.73188,9.27912,1.44241,1,1
luke3:item13:open,uw-174375-open,mistranslation,mistranslation,,llama 1b,-0.3442,open,3,6,6,0.3,0.13889,0.91493,0.73188,9.27912,1.44241,1,1
luke4:item7:open,uw-174380-open,mistranslation,mistranslation,,llama 1b,-0.3442,open,4,6,6,0.3,0.13889,0.91493,0.73188,9.27912,1.44241,1,1
luke5:item12:mcq,uw-174404-mcq,mistranslation,mistranslation,,llama 1b,-0.3442,mcq,5,6,6,0.3,0.13889,0.91493,0.73188,9.27912,1.44241,1,1
luke5:item26:mcq,uw-174403-mcq,mistranslation,mistranslation,,llama 1b,-0.3442,mcq,5,6,6,0.3,0.13889,0.91493,0.73188,9.27912,1.44241,1,1
luke6:item6:mcq,uw-174421-mcq,mistranslation,mistranslation,,llama 1b,-0.3442,mcq,6,6,6,0.3,0.13889,0.91493,0.73188,9.27912,1.44241,1,1
luke8:item16:mcq,uw-174454-mcq,mistranslation,mistranslation,,llama 1b,-0.3442,mcq,8,6,6,0.3,0.13889,0.91493,0.73188,9.27912,1.44241,1,1
luke2:item14:mcq,uw-174354-mcq,mistranslation,mistranslation,,llama 1b,-0.3442,mcq,2,6,6,0.3,0.22222,0.63876,0.67357,6.47826,0.62976,1,1
luke2:item18:mcq,uw-174357-mcq,mistranslation,mistranslation,,llama 1b,-0.3442,mcq,2,6,6,0.3,0.22222,0.63876,0.67357,6.47826,0.62976,1,1
luke4:item17:open,uw-174388-open,mistranslation,mistranslation,,llama 1b,-0.3442,open,4,6,6,0.3,0.22222,0.63876,0.67357,6.47826,0.62976,1,1
luke4:item40:mcq,uw-174399-mcq,mistranslation,mistranslation,,llama 1b,-0.3442,mcq,4,6,6,0.3,0.22222,0.63876,0.67357,6.47826,0.62976,1,1
luke1:item17:open,uw-174328-open,mistranslation,mistranslation,,llama 1b,-0.3442,open,1,6,6,0.3,0.22222,0.58002,0.68675,5.88247,-0.62547,1,1
luke1:item31:open,uw-174336-open,mistranslation,mistranslation,,llama 1b,-0.3442,open,1,6,6,0.3,0.05556,0.58002,0.68675,5.88247,-0.62547,1,1
luke4:item15:open,uw-174387-open,mistranslation,mistranslation,,llama 1b,-0.3442,open,4,6,6,0.3,0.22222,0.58002,0.68675,5.88247,-0.62547,1,1
luke8:item11:open,uw-174449-open,mistranslation,mistranslation,,llama 1b,-0.3442,open,8,6,6,0.3,0.22222,0.58002,0.68675,5.88247,-0.62547,1,1
luke4:item21:open,uw-174392-open,mistranslation,mistranslation,,llama 1b,-0.3442,open,4,6,6,0.3,0.11806,0.54591,0.65905,5.53658,0.30335,1,1
luke1:item25:open,uw-174332-open,mistranslation,mistranslation,,llama 1b,-0.3442,open,1,6,6,0.3,0.03472,0.54448,0.7461,5.52207,1.78137,1,1
luke3:item3:open,uw-174366-open,mistranslation,mistranslation,,llama 1b,-0.3442,open,3,6,6,0.3,0.03472,0.54448,0.7461,5.52207,1.78137,1,1
luke5:item25:open,uw-174403-open,mistranslation,mistranslation,,llama 1b,-0.3442,open,5,6,6,0.3,0.14583,0.51771,0.67925,5.25051,0.9528,1,1
luke2:item10:mcq,uw-174351-mcq,mistranslation,mistranslation,,llama 1b,-0.3442,mcq,2,6,6,0.3,0.13889,0.50315,0.73494,5.10289,-1.3217,1,1
luke2:item5:open,uw-174349-open,mistranslation,mistranslation,,llama 1b,-0.3442,open,2,6,6,0.3,0.25,0.47039,0.6531,4.77058,-0.00058,1,1
luke5:item23:open,uw-174412-open,mistranslation,mistranslation,,llama 1b,-0.3442,open,5,6,6,0.3,0.05556,0.46252,0.67504,4.69084,-0.61014,1,1
luke1:item33:open,uw-174339-open,mistranslation,mistranslation,,llama 1b,-0.3442,open,1,6,6,0.3,0.22222,0.41484,0.65685,4.20724,0.60625,1,1
luke4:item26:mcq,uw-174394-mcq,mistranslation,mistranslation,,llama 1b,-0.3442,mcq,4,6,6,0.3,0.22222,0.41484,0.65685,4.20724,0.60625,1,1
luke5:item13:open,uw-174406-open,mistranslation,mistranslation,,llama 1b,-0.3442,open,5,6,6,0.3,0.22222,0.41484,0.65685,4.20724,0.60625,1,1
luke1:item15:open,uw-174326-open,mistranslation,mistranslation,,llama 1b,-0.3442,open,1,6,6,0.3,0.0625,0.41432,0.69404,4.20197,-0.93458,1,1
luke6:item9:open,uw-174423-open,mistranslation,mistranslation,,llama 1b,-0.3442,open,6,6,6,0.3,0.03472,0.40617,0.65517,4.11928,-0.29689,1,1
luke1:item36:mcq,uw-174340-mcq,mistranslation,mistranslation,,llama 1b,-0.3442,mcq,1,6,6,0.3,0.13889,0.398,0.70126,4.03646,1.3059,1,1
luke4:item10:mcq,uw-174381-mcq,mistranslation,mistranslation,,llama 1b,-0.3442,mcq,4,6,6,0.3,0.13889,0.398,0.70126,4.03646,1.3059,1,1
luke4:item25:open,uw-174394-open,mistranslation,mistranslation,,llama 1b,-0.3442,open,4,6,6,0.3,0.13889,0.398,0.70126,4.03646,1.3059,1,1
luke4:item8:mcq,uw-174380-mcq,mistranslation,mistranslation,,llama 1b,-0.3442,mcq,4,6,6,0.3,0.13889,0.398,0.70126,4.03646,1.3059,1,1
luke8:item8:mcq,uw-174447-mcq,mistranslation,mistranslation,,llama 1b,-0.3442,mcq,8,6,6,0.3,0.13889,0.398,0.70126,4.03646,1.3059,1,1
luke2:item7:open,uw-174350-open,mistranslation,mistranslation,,llama 1b,-0.3442,open,2,6,6,0.3,0.05556,0.36837,0.72352,3.73597,-1.29627,1,1
luke7:item13:open,uw-174440-open,mistranslation,mistranslation,,llama 1b,-0.3442,open,7,6,6,0.3,0.08333,0.36364,0.64497,3.68793,0.00066,1,1
luke3:item12:mcq,uw-174374-mcq,mistranslation,mistranslation,,llama 1b,-0.3442,mcq,3,6,6,0.3,0.22222,0.3487,0.66533,3.53645,-0.59854,1,1
luke3:item2:mcq,uw-174365-mcq,mistranslation,mistranslation,,llama 1b,-0.3442,mcq,3,6,6,0.3,0.22222,0.3487,0.66533,3.53645,-0.59854,1,1
luke6:item1:open,uw-174414-open,mistranslation,mistranslation,,llama 1b,-0.3442,open,6,6,6,0.3,0.05556,0.3487,0.66533,3.53645,-0.59854,1,1
luke7:item9:open,uw-174434-open,mistranslation,mistranslation,,llama 1b,-0.3442,open,7,6,6,0.3,0.03472,0.31997,0.7659,3.24504,-1.72502,1,1
luke2:item21:open,uw-174361-open,mistranslation,mistranslation,,llama 1b,-0.3442,open,2,6,6,0.3,0.0625,0.29394,0.68437,2.98113,-0.91955,1,1
luke3:item4:mcq,uw-174366-mcq,mistranslation,mistranslation,,llama 1b,-0.3442,mcq,3,6,6,0.3,0.25,0.25921,0.63887,2.6289,0.00134,1,1
luke1:item18:mcq,uw-174328-mcq,mistranslation,mistranslation,,llama 1b,-0.3442,mcq,1,6,6,0.3,0.13889,0.23745,0.71396,2.40821,-1.27874,1,1
luke5:item15:open,uw-174407-open,mistranslation,mistranslation,,llama 1b,-0.3442,open,5,6,6,0.3,0.13889,0.23745,0.71396,2.40821,-1.27874,1,1
luke1:item40:mcq,uw-174342-mcq,mistranslation,mistranslation,,llama 1b,-0.3442,mcq,1,6,6,0.3,0.22222,0.19926,0.64859,2.02087,0.59177,1,1
luke7:item14:mcq,uw-174440-mcq,mistranslation,mistranslation,,llama 1b,-0.3442,mcq,7,6,6,0.3,0.22222,0.19926,0.64859,2.02087,0.59177,1,1
luke1:item3:open,uw-174317-open,mistranslation,mistranslation,,llama 1b,-0.3442,open,1,6,6,0.3,0.08333,0.15644,0.63481,1.58656,0.00165,1,1
luke5:item19:open,uw-174409-open,mistranslation,mistranslation,,llama 1b,-0.3442,open,5,6,6,0.3,0.08333,0.15644,0.63481,1.58656,0.00165,1,1
luke1:item26:mcq,uw-174332-mcq,mistranslation,mistranslation,,llama 1b,-0.3442,mcq,1,6,6,0.3,0.13889,0.14996,0.69911,1.52084,1.27591,1,1
luke6:item3:open,uw-174415-open,mistranslation,mistranslation,,llama 1b,-0.3442,open,6,6,6,0.3,0.20139,0.12374,0.63674,1.255,0.29006,1,1
luke1:item13:open,uw-174325-open,mistranslation,mistranslation,,llama 1b,-0.3442,open,1,6,6,0.3,0.03472,0.12344,0.74543,1.25195,1.70868,1,1
luke2:item19:open,uw-174359-open,mistranslation,mistranslation,,llama 1b,-0.3442,open,2,6,6,0.3,0.05556,0.10961,0.70655,1.11169,-1.2688,1,1
luke1:item14:mcq,uw-174325-mcq,mistranslation,mistranslation,,llama 1b,-0.3442,mcq,1,6,6,0.3,0.0,0.09061,0.81635,0.91894,-2.26079,1,0
luke1:item19:open,uw-174329-open,mistranslation,mistranslation,,llama 1b,-0.3442,open,1,6,6,0.3,0.0,0.09061,0.81635,0.91894,-2.26079,1,0
luke1:item1:open,uw-174316-open,mistranslation,mistranslation,,llama 1b,-0.3442,open,1,6,6,0.3,0.0,0.09061,0.81635,0.91894,-2.26079,1,0
luke1:item22:mcq,uw-174330-mcq,mistranslation,mistranslation,,llama 1b,-0.3442,mcq,1,6,6,0.3,0.0,0.09061,0.81635,0.91894,-2.26079,1,0
luke1:item27:open,uw-174333-open,mistranslation,mistranslation,,llama 1b,-0.3442,open,1,6,6,0.3,0.0,0.09061,0.81635,0.91894,-2.26079,1,0
luke1:item29:open,uw-174335-open,mistranslation,mistranslation,,llama 1b,-0.3442,open,1,6,6,0.3,0.0,0.09061,0.81635,0.91894,-2.26079,1,0
luke1:item34:mcq,uw-174339-mcq,mistranslation,mistranslation,,llama 1b,-0.3442,mcq,1,6,6,0.3,0.0,0.09061,0.81635,0.91894,-2.26079,1,0
luke1:item38:mcq,uw-174341-mcq,mistranslation,mistranslation,,llama 1b,-0.3442,mcq,1,6,6,0.3,0.0,0.09061,0.81635,0.91894,-2.26079,1,0
luke1:item41:open,uw-174343-open,mistranslation,mistranslation,,llama 1b,-0.3442,open,1,6,6,0.3,0.0,0.09061,0.81635,0.91894,-2.26079,1,0
luke1:item43:open,uw-174344-open,mistranslation,mistranslation,,llama 1b,-0.3442,open,1,6,6,0.3,0.0,0.09061,0.81635,0.91894,-2.26079,1,0
luke1:item5:open,uw-174318-open,mistranslation,mistranslation,,llama 1b,-0.3442,open,1,6,6,0.3,0.0,0.09061,0.81635,0.91894,-2.26079,1,0
luke1:item6:mcq,uw-174318-mcq,mistranslation,mistranslation,,llama 1b,-0.3442,mcq,1,6,6,0.3,0.0,0.09061,0.81635,0.91894,-2.26079,1,0
luke2:item11:open,uw-174352-open,mistranslation,mistranslation,,llama 1b,-0.3442,open,2,6,6,0.3,0.0,0.09061,0.81635,0.91894,-2.26079,1,0
luke2:item15:open,uw-174355-open,mistranslation,mistranslation,,llama 1b,-0.3442,open,2,6,6,0.3,0.0,0.09061,0.81635,0.91894,-2.26079,1,0
luke2:item22:mcq,uw-174361-mcq,mistranslation,mistranslation,,llama 1b,-0.3442,mcq,2,6,6,0.3,0.0,0.09061,0.81635,0.91894,-2.26079,1,0
luke2:item23:open,uw-174362-open,mistranslation,mistranslation,,llama 1b,-0.3442,open,2,6,6,0.3,0.0,0.09061,0.81635,0.91894,-2.26079,1,0
luke2:item24:mcq,uw-174362-mcq,mistranslation,mistranslation,,llama 1b,-0.3442,mcq,2,6,6,0.3,0.0,0.09061,0.81635,0.91894,-2.26079,1,0
luke3:item10:mcq,uw-174370-mcq,mistranslation,mistranslation,,llama 1b,-0.3442,mcq,3,6,6,0.3,0.0,0.09061,0.81635,0.91894,-2.26079,1,0
luke3:item11:open,uw-174374-open,mistranslation,mistranslation,,llama 1b,-0.3442,open,3,6,6,0.3,0.0,0.09061,0.81635,0.91894,-2.26079,1,0
luke3:item1:open,uw-174365-open,mistranslation,mistranslation,,llama 1b,-0.3442,open,3,6,6,0.3,0.0,0.09061,0.81635,0.91894,-2.26079,1,0
luke3:item9:open,uw-174370-open,mistranslation,mistranslation,,llama 1b,-0.3442,open,3,6,6,0.3,0.0,0.09061,0.81635,0.91894,-2.26079,1,0
luke4:item11:open,uw-174382-open,mistranslation,mistranslation,,llama 1b,-0.3442,open,4,6,6,0.3,0.0,0.09061,0.81635,0.91894,-2.26079,1,0
luke4:item16:mcq,uw-174387-mcq,mistranslation,mistranslation,,llama 1b,-0.3442,mcq,4,6,6,0.3,0.0,0.09061,0.81635,0.91894,-2.26079,1,0
luke4:item19:open,uw-174389-open,mistranslation,mistranslation,,llama 1b,-0.3442,open,4,6,6,0.3,0.0,0.09061,0.81635,0.91894,-2.26079,1,0
luke4:item20:mcq,uw-174389-mcq,mistranslation,mistranslation,,llama 1b,-0.3442,mcq,4,6,6,0.3,0.0,0.09061,0.81635,0.91894,-2.26079,1,0
luke4:item22:mcq,uw-174392-mcq,mistranslation,mistranslation,,llama 1b,-0.3442,mcq,4,6,6,0.3,0.0,0.09061,0.81635,0.91894,-2.26079,1,0
luke4:item2:mcq,uw-174377-mcq,mistranslation,mistranslation,,llama 1b,-0.3442,mcq,4,6,6,0.3,0.0,0.09061,0.81635,0.91894,-2.26079,1,0
luke4:item41:open,uw-174396-open,mistranslation,mistranslation,,llama 1b,-0.3442,open,4,6,6,0.3,0.0,0.09061,0.81635,0.91894,-2.26079,1,0
luke4:item9:open,uw-174381-open,mistranslation,mistranslation,,llama 1b,-0.3442,open,4,6,6,0.3,0.0,0.09061,0.81635,0.91894,-2.26079,1,0
luke5:item14:mcq,uw-174406-mcq,mistranslation,mistranslation,,llama 1b,-0.3442,mcq,5,6,6,0.3,0.0,0.09061,0.81635,0.91894,-2.26079,1,0
luke5:item24:mcq,uw-174412-mcq,mistranslation,mistranslation,,llama 1b,-0.3442,mcq,5,6,6,0.3,0.0,0.09061,0.81635,0.91894,-2.26079,1,0
luke5:item2:mcq,uw-174400-mcq,mistranslation,mistranslation,,llama 1b,-0.3442,mcq,5,6,6,0.3,0.0,0.09061,0.81635,0.91894,-2.26079,1,0
luke5:item6:mcq,uw-174402-mcq,mistranslation,mistranslation,,llama 1b,-0.3442,mcq,5,6,6,0.3,0.0,0.09061,0.81635,0.91894,-2.26079,1,0
luke6:item13:open,uw-174427-open,mistranslation,mistranslation,,llama 1b,-0.3442,open,6,6,6,0.3,0.0,0.09061,0.81635,0.91894,-2.26079,1,0
luke6:item4:mcq,uw-174415-mcq,mistranslation,mistranslation,,llama 1b,-0.3442,mcq,6,6,6,0.3,0.0,0.09061,0.81635,0.91894,-2.26079,1,0
luke7:item11:open,uw-174436-open,mistranslation,mistranslation,,llama 1b,-0.3442,open,7,6,6,0.3,0.0,0.09061,0.81635,0.91894,-2.26079,1,0
luke7:item4:mcq,uw-174430-mcq,mistranslation,mistranslation,,llama 1b,-0.3442,mcq,7,6,6,0.3,0.0,0.09061,0.81635,0.91894,-2.26079,1,0
luke7:item6:mcq,uw-174431-mcq,mistranslation,mistranslation,,llama 1b,-0.3442,mcq,7,6,6,0.3,0.0,0.09061,0.81635,0.91894,-2.26079,1,0
luke7:item8:mcq,uw-174432-mcq,mistranslation,mistranslation,,llama 1b,-0.3442,mcq,7,6,6,0.3,0.0,0.09061,0.81635,0.91894,-2.26079,1,0
luke8:item14:mcq,uw-174452-mcq,mistranslation,mistranslation,,llama 1b,-0.3442,mcq,8,6,6,0.3,0.0,0.09061,0.81635,0.91894,-2.26079,1,0
luke8:item17:open,uw-174455-open,mistranslation,mistranslation,,llama 1b,-0.3442,open,8,6,6,0.3,0.0,0.09061,0.81635,0.91894,-2.26079,1,0
luke8:item1:open,uw-174444-open,mistranslation,mistranslation,,llama 1b,-0.3442,open,8,6,6,0.3,0.0,0.09061,0.81635,0.91894,-2.26079,1,0
luke8:item4:mcq,uw-174445-mcq,mistranslation,mistranslation,,llama 1b,-0.3442,mcq,8,6,6,0.3,0.0,0.09061,0.81635,0.91894,-2.26079,1,0
luke8:item6:mcq,uw-174446-mcq,mistranslation,mistranslation,,llama 1b,-0.3442,mcq,8,6,6,0.3,0.0,0.09061,0.81635,0.91894,-2.26079,1,0
luke1:item10:mcq,uw-174323-mcq,mistranslation,mistranslation,,llama 1b,-0.3442,mcq,1,6,6,0.3,0.0,0.09005,0.81043,0.91327,2.26875,1,0
luke1:item11:open,uw-174324-open,mistranslation,mistranslation,,llama 1b,-0.3442,open,1,6,6,0.3,0.0,0.09005,0.81043,0.91327,2.26875,1,0
luke1:item12:mcq,uw-174324-mcq,mistranslation,mistranslation,,llama 1b,-0.3442,mcq,1,6,6,0.3,0.0,0.09005,0.81043,0.91327,2.26875,1,0
luke1:item16:mcq,uw-174326-mcq,mistranslation,mistranslation,,llama 1b,-0.3442,mcq,1,6,6,0.3,0.0,0.09005,0.81043,0.91327,2.26875,1,0
luke1:item24:mcq,uw-174331-mcq,mistranslation,mistranslation,,llama 1b,-0.3442,mcq,1,6,6,0.3,0.0,0.09005,0.81043,0.91327,2.26875,1,0
luke1:item28:mcq,uw-174333-mcq,mistranslation,mistranslation,,llama 1b,-0.3442,mcq,1,6,6,0.3,0.0,0.09005,0.81043,0.91327,2.26875,1,0
luke1:item2:mcq,uw-174316-mcq,mistranslation,mistranslation,,llama 1b,-0.3442,mcq,1,6,6,0.3,0.0,0.09005,0.81043,0.91327,2.26875,1,0
luke1:item42:mcq,uw-174343-mcq,mistranslation,mistranslation,,llama 1b,-0.3442,mcq,1,6,6,0.3,0.0,0.09005,0.81043,0.91327,2.26875,1,0
luke1:item4:mcq,uw-174317-mcq,mistranslation,mistranslation,,llama 1b,-0.3442,mcq,1,6,6,0.3,0.0,0.09005,0.81043,0.91327,2.26875,1,0
luke1:item8:mcq,uw-174322-mcq,mistranslation,mistranslation,,llama 1b,-0.3442,mcq,1,6,6,0.3,0.0,0.09005,0.81043,0.91327,2.26875,1,0
luke1:item9:open,uw-174323-open,mistranslation,mistranslation,,llama 1b,-0.3442,open,1,6,6,0.3,0.0,0.09005,0.81043,0.91327,2.26875,1,0
luke2:item16:mcq,uw-174355-mcq,mistranslation,mistranslation,,llama 1b,-0.3442,mcq,2,6,6,0.3,0.0,0.09005,0.81043,0.91327,2.26875,1,0
luke2:item2:mcq,uw-174346-mcq,mistranslation,mistranslation,,llama 1b,-0.3442,mcq,2,6,6,0.3,0.0,0.09005,0.81043,0.91327,2.26875,1,0
luke2:item4:mcq,uw-174347-mcq,mistranslation,mistranslation,,llama 1b,-0.3442,mcq,2,6,6,0.3,0.0,0.09005,0.81043,0.91327,2.26875,1,0
luke2:item6:mcq,uw-174349-mcq,mistranslation,mistranslation,,llama 1b,-0.3442,mcq,2,6,6,0.3,0.0,0.09005,0.81043,0.91327,2.26875,1,0
luke2:item8:mcq,uw-174350-mcq,mistranslation,mistranslation,,llama 1b,-0.3442,mcq,2,6,6,0.3,0.0,0.09005,0.81043,0.91327,2.26875,1,0
luke3:item14:mcq,uw-174375-mcq,mistranslation,mistranslation,,llama 1b,-0.3442,mcq,3,6,6,0.3,0.0,0.09005,0.81043,0.91327,2.26875,1,0
luke3:item8:mcq,uw-174368-mcq,mistranslation,mistranslation,,llama 1b,-0.3442,mcq,3,6,6,0.3,0.0,0.09005,0.81043,0.91327,2.26875,1,0
luke4:item14:mcq,uw-174384-mcq,mistranslation,mistranslation,,llama 1b,-0.3442,mcq,4,6,6,0.3,0.0,0.09005,0.81043,0.91327,2.26875,1,0
luke4:item18:mcq,uw-174388-mcq,mistranslation,mistranslation,,llama 1b,-0.3442,mcq,4,6,6,0.3,0.0,0.09005,0.81043,0.91327,2.26875,1,0
luke4:item1:open,uw-174377-open,mistranslation,mistranslation,,llama 1b,-0.3442,open,4,6,6,0.3,0.0,0.09005,0.81043,0.91327,2.26875,1,0
luke4:item24:mcq,uw-174393-mcq,mistranslation,mistranslation,,llama 1b,-0.3442,mcq,4,6,6,0.3,0.0,0.09005,0.81043,0.91327,2.26875,1,0
luke4:item28:mcq,uw-174395-mcq,mistranslation,mistranslation,,llama 1b,-0.3442,mcq,4,6,6,0.3,0.0,0.09005,0.81043,0.91327,2.26875,1,0
luke4:item33:open,uw-174397-open,mistranslation,mistranslation,,llama 1b,-0.3442,open,4,6,6,0.3,0.0,0.09005,0.81043,0.91327,2.26875,1,0
luke4:item34:mcq,uw-174397-mcq,mistranslation,mistranslation,,llama 1b,-0.3442,mcq,4,6,6,0.3,0.0,0.09005,0.81043,0.91327,2.26875,1,0
luke4:item42:mcq,uw-174396-mcq,mistranslation,mistranslation,,llama 1b,-0.3442,mcq,4,6,6,0.3,0.0,0.09005,0.81043,0.91327,2.26875,1,0
luke5:item16:mcq,uw-174407-mcq,mistranslation,mistranslation,,llama 1b,-0.3442,mcq,5,6,6,0.3,0.0,0.09005,0.81043,0.91327,2.26875,1,0
luke5:item18:mcq,uw-174408-mcq,mistranslation,mistranslation,,llama 1b,-0.3442,mcq,5,6,6,0.3,0.0,0.09005,0.81043,0.91327,2.26875,1,0
luke5:item20:mcq,uw-174409-mcq,mistranslation,mistranslation,,llama 1b,-0.3442,mcq,5,6,6,0.3,0.0,0.09005,0.81043,0.91327,2.26875,1,0
luke5:item22:mcq,uw-174410-mcq,mistranslation,mistranslation,,llama 1b,-0.3442,mcq,5,6,6,0.3,0.0,0.09005,0.81043,0.91327,2.26875,1,0
luke6:item12:mcq,uw-174424-mcq,mistranslation,mistranslation,,llama 1b,-0.3442,mcq,6,6,6,0.3,0.0,0.09005,0.81043,0.91327,2.26875,1,0
luke6:item16:mcq,uw-174428-mcq,mistranslation,mistranslation,,llama 1b,-0.3442,mcq,6,6,6,0.3,0.0,0.09005,0.81043,0.91327,2.26875,1,0
luke6:item2:mcq,uw-174414-mcq,mistranslation,mistranslation,,llama 1b,-0.3442,mcq,6,6,6,0.3,0.0,0.09005,0.81043,0.91327,2.26875,1,0
luke6:item7:open,uw-174422-open,mistranslation,mistranslation,,llama 1b,-0.3442,open,6,6,6,0.3,0.0,0.09005,0.81043,0.91327,2.26875,1,0
luke6:item8:mcq,uw-174422-mcq,mistranslation,mistranslation,,llama 1b,-0.3442,mcq,6,6,6,0.3,0.0,0.09005,0.81043,0.91327,2.26875,1,0
luke7:item12:mcq,uw-174436-mcq,mistranslation,mistranslation,,llama 1b,-0.3442,mcq,7,6,6,0.3,0.0,0.09005,0.81043,0.91327,2.26875,1,0
luke7:item16:mcq,uw-174441-mcq,mistranslation,mistranslation,,llama 1b,-0.3442,mcq,7,6,6,0.3,0.0,0.09005,0.81043,0.91327,2.26875,1,0
luke7:item2:mcq,uw-174429-mcq,mistranslation,mistranslation,,llama 1b,-0.3442,mcq,7,6,6,0.3,0.0,0.09005,0.81043,0.91327,2.26875,1,0
luke8:item10:mcq,uw-174448-mcq,mistranslation,mistranslation,,llama 1b,-0.3442,mcq,8,6,6,0.3,0.0,0.09005,0.81043,0.91327,2.26875,1,0
luke8:item12:mcq,uw-174449-mcq,mistranslation,mistranslation,,llama 1b,-0.3442,mcq,8,6,6,0.3,0.0,0.09005,0.81043,0.91327,2.26875,1,0
luke8:item18:mcq,uw-174455-mcq,mistranslation,mistranslation,,llama 1b,-0.3442,mcq,8,6,6,0.3,0.0,0.09005,0.81043,0.91327,2.26875,1,0
luke8:item3:open,uw-174445-open,mistranslation,mistranslation,,llama 1b,-0.3442,open,8,6,6,0.3,0.0,0.09005,0.81043,0.91327,2.26875,1,0
luke8:item7:open,uw-174447-open,mistranslation,mistranslation,,llama 1b,-0.3442,open,8,6,6,0.3,0.0,0.09005,0.81043,0.91327,2.26875,1,0
luke4:item23:open,uw-174393-open,mistranslation,mistranslation,,llama 1b,-0.3442,open,4,6,6,0.3,0.14583,0.06115,0.66855,0.62022,0.90899,1,1
luke8:item5:open,uw-174446-open,mistranslation,mistranslation,,llama 1b,-0.3442,open,8,6,6,0.3,0.25,0.05465,0.63274,0.55424,0.00173,1,1
luke7:item17:open,uw-174442-open,mistranslation,mistranslation,,llama 1b,-0.3442,open,7,6,6,0.3,0.03472,0.02922,0.7498,0.29639,-1.69902,1,1
luke1:item39:open,uw-174342-open,mistranslation,mistranslation,,llama 1b,-0.3442,open,1,6,6,0.3,0.03472,-0.01314,0.63621,-0.13323,-0.28564,1,1
luke2:item17:open,uw-174357-open,mistranslation,mistranslation,,llama 1b,-0.3442,open,2,6,6,0.3,0.20139,-0.01314,0.63621,-0.13323,-0.28564,1,1
luke8:item15:open,uw-174454-open,mistranslation,mistranslation,,llama 1b,-0.3442,open,8,6,6,0.3,0.11806,-0.01314,0.63621,-0.13323,-0.28564,1,1
luke4:item13:open,uw-174384-open,mistranslation,mistranslation,,llama 1b,-0.3442,open,4,6,6,0.3,0.13889,-0.01365,0.64877,-0.13846,0.58716,1,1
luke4:item44:mcq,uw-174398-mcq,mistranslation,mistranslation,,llama 1b,-0.3442,mcq,4,6,6,0.3,0.13889,-0.01598,0.70145,-0.16205,-1.26615,1,1
luke7:item1:open,uw-174429-open,mistranslation,mistranslation,,llama 1b,-0.3442,open,7,6,6,0.3,0.05556,-0.01598,0.70145,-0.16205,-1.26615,1,1
luke7:item3:open,uw-174430-open,mistranslation,mistranslation,,llama 1b,-0.3442,open,7,6,6,0.3,0.13889,-0.01598,0.70145,-0.16205,-1.26615,1,1
luke8:item13:open,uw-174452-open,mistranslation,mistranslation,,llama 1b,-0.3442,open,8,6,6,0.3,0.16667,-0.0468,0.63267,-0.47461,0.00174,1,1
luke4:item39:open,uw-174399-open,mistranslation,mistranslation,,llama 1b,-0.3442,open,4,6,6,0.3,0.0625,-0.05234,0.66838,-0.53079,-0.90471,1,1
luke1:item23:open,uw-174331-open,mistranslation,mistranslation,,llama 1b,-0.3442,open,1,6,6,0.3,0.0625,-0.0526,0.67148,-0.53351,0.90882,1,1
luke3:item7:open,uw-174368-open,mistranslation,mistranslation,,llama 1b,-0.3442,open,3,6,6,0.3,0.0625,-0.0526,0.67148,-0.53351,0.90882,1,1
luke2:item9:open,uw-174351-open,mistranslation,mistranslation,,llama 1b,-0.3442,open,2,6,6,0.3,0.13889,-0.08454,0.64744,-0.8574,-0.58426,1,1
luke1:item37:open,uw-174341-open,mistranslation,mistranslation,,llama 1b,-0.3442,open,1,6,6,0.3,0.13889,-0.09997,0.70656,-1.01383,1.2731,1,1
luke7:item18:mcq,uw-174442-mcq,mistranslation,mistranslation,,llama 1b,-0.3442,mcq,7,6,6,0.3,0.13889,-0.09997,0.70656,-1.01383,1.2731,1,1
luke5:item5:open,uw-174402-open,mistranslation,mistranslation,,llama 1b,-0.3442,open,5,6,6,0.3,0.03472,-0.11234,0.74504,-1.13935,-1.70211,1,1
luke2:item3:open,uw-174347-open,mistranslation,mistranslation,,llama 1b,-0.3442,open,2,6,6,0.3,0.03472,-0.11576,0.63654,-1.17403,-0.28641,1,1
luke4:item43:open,uw-174398-open,mistranslation,mistranslation,,llama 1b,-0.3442,open,4,6,6,0.3,0.25,-0.14854,0.63459,-1.50646,0.00182,1,1
luke6:item15:open,uw-174428-open,mistranslation,mistranslation,,llama 1b,-0.3442,open,6,6,6,0.3,0.25,-0.14854,0.63459,-1.50646,0.00182,1,1
luke5:item3:open,uw-174401-open,mistranslation,mistranslation,,llama 1b,-0.3442,open,5,6,6,0.3,0.14583,-0.1654,0.66755,-1.67745,-0.90898,1,1
luke3:item5:open,uw-174367-open,mistranslation,mistranslation,,llama 1b,-0.3442,open,3,6,6,0.3,0.14583,-0.16775,0.67667,-1.70127,0.91334,1,1
luke7:item15:open,uw-174441-open,mistranslation,mistranslation,,llama 1b,-0.3442,open,7,6,6,0.3,0.05556,-0.22778,0.71381,-2.31009,1.28251,1,1
luke5:item17:open,uw-174408-open,mistranslation,mistranslation,,llama 1b,-0.3442,open,5,6,6,0.3,0.13889,-0.26386,0.69847,-2.67601,-1.28163,1,1
luke6:item5:open,uw-174421-open,mistranslation,mistranslation,,llama 1b,-0.3442,open,6,6,6,0.3,0.05556,-0.26386,0.69847,-2.67601,-1.28163,1,1
luke4:item12:mcq,uw-174382-mcq,mistranslation,mistranslation,,llama 1b,-0.3442,mcq,4,6,6,0.3,0.22222,-0.29787,0.65118,-3.02098,-0.59348,1,1
luke7:item10:mcq,uw-174434-mcq,mistranslation,mistranslation,,llama 1b,-0.3442,mcq,7,6,6,0.3,0.22222,-0.29787,0.65118,-3.02098,-0.59348,1,1
luke2:item12:mcq,uw-174352-mcq,mistranslation,mistranslation,,llama 1b,-0.3442,mcq,2,6,6,0.3,0.25,-0.3555,0.64446,-3.60548,0.00283,1,1
luke1:item32:mcq,uw-174336-mcq,mistranslation,mistranslation,,llama 1b,-0.3442,mcq,1,6,6,0.3,0.13889,-0.35861,0.72322,-3.63702,1.29952,1,1
luke2:item13:open,uw-174354-open,mistranslation,mistranslation,,llama 1b,-0.3442,open,2,6,6,0.3,0.05556,-0.38786,0.70056,-3.93357,-1.29933,1,1
luke7:item5:open,uw-174431-open,mistranslation,mistranslation,,llama 1b,-0.3442,open,7,6,6,0.3,0.03472,-0.39237,0.74281,-3.97939,-1.73898,1,1
luke1:item7:open,uw-174322-open,mistranslation,mistranslation,,llama 1b,-0.3442,open,1,6,6,0.3,0.05556,-0.49326,0.73453,-5.00259,1.32445,1,1
luke8:item9:open,uw-174448-open,mistranslation,mistranslation,,llama 1b,-0.3442,open,8,6,6,0.3,0.05556,-0.51301,0.70495,-5.20285,-1.32345,1,1
luke5:item1:open,uw-174400-open,mistranslation,mistranslation,,llama 1b,-0.3442,open,5,6,6,0.3,0.16667,-0.68488,0.6746,-6.94597,0.00888,1,1
luke5:item21:open,uw-174410-open,mistranslation,mistranslation,,llama 1b,-0.3442,open,5,6,6,0.3,0.16667,-0.68488,0.6746,-6.94597,0.00888,1,1
luke6:item11:open,uw-174424-open,mistranslation,mistranslation,,llama 1b,-0.3442,open,6,6,6,0.3,0.22222,-0.74615,0.68399,-7.56732,-0.6393,1,1
luke1:item20:mcq,uw-174329-mcq,mistranslation,mistranslation,,llama 1b,-0.3442,mcq,1,6,6,0.3,0.13889,-0.76999,0.72014,-7.80909,-1.39052,1,1
luke4:item27:open,uw-174395-open,mistranslation,mistranslation,,llama 1b,-0.3442,open,4,6,6,0.3,0.13889,-0.76999,0.72014,-7.80909,-1.39052,1,1
luke5:item11:open,uw-174404-open,mistranslation,mistranslation,,llama 1b,-0.3442,open,5,6,6,0.3,0.13889,-0.76999,0.72014,-7.80909,-1.39052,1,1
luke3:item6:mcq,uw-174367-mcq,mistranslation,mistranslation,,llama 1b,-0.3442,mcq,3,6,6,0.3,0.22222,-0.95198,0.73108,-9.65482,0.69852,1,1
luke6:item10:mcq,uw-174423-mcq,mistranslation,mistranslation,,llama 1b,-0.3442,mcq,6,6,6,0.3,0.22222,-0.95198,0.73108,-9.65482,0.69852,1,1
luke8:item2:mcq,uw-174444-mcq,mistranslation,mistranslation,,llama 1b,-0.3442,mcq,8,6,6,0.3,0.25,-1.05477,0.72257,-10.69734,0.02429,1,1
luke2:item11:open,uw-174352-open,omission,omission,,1.5b,0.6571,open,2,6,6,0.3,0.25,1.21438,0.74319,12.31607,0.13765,1,1
luke2:item12:mcq,uw-174352-mcq,omission,omission,,1.5b,0.6571,mcq,2,6,6,0.3,0.25,1.21438,0.74319,12.31607,0.13765,1,1
luke4:item7:open,uw-174380-open,omission,omission,,1.5b,0.6571,open,4,6,6,0.3,0.25,1.21438,0.74319,12.31607,0.13765,1,1
luke5:item13:open,uw-174406-open,omission,omission,,1.5b,0.6571,open,5,6,6,0.3,0.25,1.21438,0.74319,12.31607,0.13765,1,1
luke5:item14:mcq,uw-174406-mcq,omission,omission,,1.5b,0.6571,mcq,5,6,6,0.3,0.25,1.21438,0.74319,12.31607,0.13765,1,1
luke8:item1:open,uw-174444-open,omission,omission,,1.5b,0.6571,open,8,6,6,0.3,0.22222,1.17677,0.73948,11.9346,0.8868,1,1
luke8:item6:mcq,uw-174446-mcq,omission,omission,,1.5b,0.6571,mcq,8,6,6,0.3,0.22222,1.17677,0.73948,11.9346,0.8868,1,1
luke7:item2:mcq,uw-174429-mcq,omission,omission,,1.5b,0.6571,mcq,7,6,6,0.3,0.22222,1.09013,0.74179,11.05591,-0.56164,1,1
luke1:item39:open,uw-174342-open,omission,omission,,1.5b,0.6571,open,1,6,6,0.3,0.14583,1.06586,0.73604,10.8098,1.26279,1,1
luke5:item15:open,uw-174407-open,omission,omission,,1.5b,0.6571,open,5,6,6,0.3,0.13889,1.0414,0.72212,10.56177,0.85832,1,1
luke1:item10:mcq,uw-174323-mcq,omission,omission,,1.5b,0.6571,mcq,1,6,6,0.3,0.13889,0.97914,0.74876,9.93032,1.67338,1,1
luke1:item3:open,uw-174317-open,omission,omission,,1.5b,0.6571,open,1,6,6,0.3,0.13889,0.97914,0.74876,9.93032,1.67338,1,1
luke4:item6:mcq,uw-174379-mcq,omission,omission,,1.5b,0.6571,mcq,4,6,6,0.3,0.13889,0.97914,0.74876,9.93032,1.67338,1,1
luke5:item12:mcq,uw-174404-mcq,omission,omission,,1.5b,0.6571,mcq,5,6,6,0.3,0.13889,0.97914,0.74876,9.93032,1.67338,1,1
luke5:item6:mcq,uw-174402-mcq,omission,omission,,1.5b,0.6571,mcq,5,6,6,0.3,0.13889,0.97914,0.74876,9.93032,1.67338,1,1
luke6:item4:mcq,uw-174415-mcq,omission,omission,,1.5b,0.6571,mcq,6,6,6,0.3,0.13889,0.97914,0.74876,9.93032,1.67338,1,1
luke8:item7:open,uw-174447-open,omission,omission,,1.5b,0.6571,open,8,6,6,0.3,0.13889,0.97914,0.74876,9.93032,1.67338,1,1
luke8:item8:mcq,uw-174447-mcq,omission,omission,,1.5b,0.6571,mcq,8,6,6,0.3,0.13889,0.97914,0.74876,9.93032,1.67338,1,1
luke4:item15:open,uw-174387-open,omission,omission,,1.5b,0.6571,open,4,6,6,0.3,0.14583,0.93112,0.72218,9.44331,1.22153,1,1
luke2:item1:open,uw-174346-open,omission,omission,,1.5b,0.6571,open,2,6,6,0.3,0.20139,0.91826,0.70128,9.31282,0.47857,1,1
luke4:item39:open,uw-174399-open,omission,omission,,1.5b,0.6571,open,4,6,6,0.3,0.14583,0.80114,0.71009,8.12509,1.18497,1,1
luke7:item5:open,uw-174431-open,omission,omission,,1.5b,0.6571,open,7,6,6,0.3,0.14583,0.78811,0.72145,7.99288,-0.84633,1,1
luke1:item9:open,uw-174323-open,omission,omission,,1.5b,0.6571,open,1,6,6,0.3,0.13889,0.76626,0.74505,7.77128,-1.20759,1,1
luke4:item19:open,uw-174389-open,omission,omission,,1.5b,0.6571,open,4,6,6,0.3,0.13889,0.76626,0.74505,7.77128,-1.20759,1,1
luke7:item3:open,uw-174430-open,omission,omission,,1.5b,0.6571,open,7,6,6,0.3,0.13889,0.76626,0.74505,7.77128,-1.20759,1,1
luke1:item35:open,uw-174340-open,omission,omission,,1.5b,0.6571,open,1,6,6,0.3,0.13889,0.70005,0.69222,7.09978,-0.4938,1,1
luke1:item37:open,uw-174341-open,omission,omission,,1.5b,0.6571,open,1,6,6,0.3,0.0625,0.65886,0.7067,6.68209,-0.81893,1,1
luke1:item21:open,uw-174330-open,omission,omission,,1.5b,0.6571,open,1,6,6,0.3,0.03472,0.6021,0.77064,6.10641,2.03957,1,1
luke6:item7:open,uw-174422-open,omission,omission,,1.5b,0.6571,open,6,6,6,0.3,0.03472,0.6021,0.77064,6.10641,2.03957,1,1
luke8:item5:open,uw-174446-open,omission,omission,,1.5b,0.6571,open,8,6,6,0.3,0.03472,0.6021,0.77064,6.10641,2.03957,1,1
luke1:item1:open,uw-174316-open,omission,omission,,1.5b,0.6571,open,1,6,6,0.3,0.05556,0.58093,0.67889,5.89174,-0.47838,1,1
luke2:item19:open,uw-174359-open,omission,omission,,1.5b,0.6571,open,2,6,6,0.3,0.13889,0.58093,0.67889,5.89174,-0.47838,1,1
luke3:item11:open,uw-174374-open,omission,omission,,1.5b,0.6571,open,3,6,6,0.3,0.05556,0.58093,0.67889,5.89174,-0.47838,1,1
luke4:item24:mcq,uw-174393-mcq,omission,omission,,1.5b,0.6571,mcq,4,6,6,0.3,0.22222,0.58093,0.67889,5.89174,-0.47838,1,1
luke1:item15:open,uw-174326-open,omission,omission,,1.5b,0.6571,open,1,6,6,0.3,0.20139,0.56593,0.66284,5.7396,0.44802,1,1
luke4:item21:open,uw-174392-open,omission,omission,,1.5b,0.6571,open,4,6,6,0.3,0.14583,0.55247,0.6918,5.60304,1.1264,1,1
luke6:item1:open,uw-174414-open,omission,omission,,1.5b,0.6571,open,6,6,6,0.3,0.14583,0.53463,0.69354,5.42213,-0.79669,1,1
luke1:item33:open,uw-174339-open,omission,omission,,1.5b,0.6571,open,1,6,6,0.3,0.13889,0.49524,0.71788,5.02263,-1.14241,1,1
luke1:item34:mcq,uw-174339-mcq,omission,omission,,1.5b,0.6571,mcq,1,6,6,0.3,0.13889,0.49524,0.71788,5.02263,-1.14241,1,1
luke7:item1:open,uw-174429-open,omission,omission,,1.5b,0.6571,open,7,6,6,0.3,0.03472,0.45961,0.75363,4.66133,-1.53904,1,1
luke8:item15:open,uw-174454-open,omission,omission,,1.5b,0.6571,open,8,6,6,0.3,0.03472,0.45961,0.75363,4.66133,-1.53904,1,1
luke5:item21:open,uw-174410-open,omission,omission,,1.5b,0.6571,open,5,6,6,0.3,0.20139,0.45604,0.65422,4.62505,0.44029,1,1
luke4:item23:open,uw-174393-open,omission,omission,,1.5b,0.6571,open,4,6,6,0.3,0.05556,0.43901,0.66474,4.45237,0.75746,1,1
luke8:item2:mcq,uw-174444-mcq,omission,omission,,1.5b,0.6571,mcq,8,6,6,0.3,0.13889,0.43617,0.71954,4.42361,1.50472,1,1
luke8:item9:open,uw-174448-open,omission,omission,,1.5b,0.6571,open,8,6,6,0.3,0.03472,0.4152,0.65166,4.21093,-0.16004,1,1
luke2:item17:open,uw-174357-open,omission,omission,,1.5b,0.6571,open,2,6,6,0.3,0.05556,0.36666,0.70665,3.71862,-1.1204,1,1
luke7:item11:open,uw-174436-open,omission,omission,,1.5b,0.6571,open,7,6,6,0.3,0.13889,0.35476,0.65809,3.59794,-0.45693,1,1
luke1:item41:open,uw-174343-open,omission,omission,,1.5b,0.6571,open,1,6,6,0.3,0.03472,0.34865,0.6477,3.53597,0.43393,1,1
luke7:item13:open,uw-174440-open,omission,omission,,1.5b,0.6571,open,7,6,6,0.3,0.11806,0.34865,0.6477,3.53597,0.43393,1,1
luke4:item43:open,uw-174398-open,omission,omission,,1.5b,0.6571,open,4,6,6,0.3,0.03472,0.3021,0.76911,3.06387,1.96686,1,1
luke5:item25:open,uw-174403-open,omission,omission,,1.5b,0.6571,open,5,6,6,0.3,0.03472,0.3021,0.76911,3.06387,1.96686,1,1
luke1:item32:mcq,uw-174336-mcq,omission,omission,,1.5b,0.6571,mcq,1,6,6,0.3,0.13889,0.24177,0.69739,2.45195,-1.10506,1,1
luke7:item15:open,uw-174441-open,omission,omission,,1.5b,0.6571,open,7,6,6,0.3,0.0625,0.19606,0.68059,1.98841,1.07603,1,1
luke5:item1:open,uw-174400-open,omission,omission,,1.5b,0.6571,open,5,6,6,0.3,0.05556,0.17486,0.71777,1.77341,1.46634,1,1
luke4:item27:open,uw-174395-open,omission,omission,,1.5b,0.6571,open,4,6,6,0.3,0.03472,0.15169,0.7717,1.53843,1.94822,1,1
luke1:item12:mcq,uw-174324-mcq,omission,omission,,1.5b,0.6571,mcq,1,6,6,0.3,0.0,0.12103,0.84497,1.22749,2.60026,1,0
luke1:item13:open,uw-174325-open,omission,omission,,1.5b,0.6571,open,1,6,6,0.3,0.0,0.12103,0.84497,1.22749,2.60026,1,0
luke1:item14:mcq,uw-174325-mcq,omission,omission,,1.5b,0.6571,mcq,1,6,6,0.3,0.0,0.12103,0.84497,1.22749,2.60026,1,0
luke1:item16:mcq,uw-174326-mcq,omission,omission,,1.5b,0.6571,mcq,1,6,6,0.3,0.0,0.12103,0.84497,1.22749,2.60026,1,0
luke1:item17:open,uw-174328-open,omission,omission,,1.5b,0.6571,open,1,6,6,0.3,0.0,0.12103,0.84497,1.22749,2.60026,1,0
luke1:item20:mcq,uw-174329-mcq,omission,omission,,1.5b,0.6571,mcq,1,6,6,0.3,0.0,0.12103,0.84497,1.22749,2.60026,1,0
luke1:item22:mcq,uw-174330-mcq,omission,omission,,1.5b,0.6571,mcq,1,6,6,0.3,0.0,0.12103,0.84497,1.22749,2.60026,1,0
luke1:item23:open,uw-174331-open,omission,omission,,1.5b,0.6571,open,1,6,6,0.3,0.0,0.12103,0.84497,1.22749,2.60026,1,0
luke1:item24:mcq,uw-174331-mcq,omission,omission,,1.5b,0.6571,mcq,1,6,6,0.3,0.0,0.12103,0.84497,1.22749,2.60026,1,0
luke1:item25:open,uw-174332-open,omission,omission,,1.5b,0.6571,open,1,6,6,0.3,0.0,0.12103,0.84497,1.22749,2.60026,1,0
luke1:item26:mcq,uw-174332-mcq,omission,omission,,1.5b,0.6571,mcq,1,6,6,0.3,0.0,0.12103,0.84497,1.22749,2.60026,1,0
luke1:item27:open,uw-174333-open,omission,omission,,1.5b,0.6571,open,1,6,6,0.3,0.0,0.12103,0.84497,1.22749,2.60026,1,0
luke1:item29:open,uw-174335-open,omission,omission,,1.5b,0.6571,open,1,6,6,0.3,0.0,0.12103,0.84497,1.22749,2.60026,1,0
luke1:item2:mcq,uw-174316-mcq,omission,omission,,1.5b,0.6571,mcq,1,6,6,0.3,0.0,0.12103,0.84497,1.22749,2.60026,1,0
luke1:item30:mcq,uw-174335-mcq,omission,omission,,1.5b,0.6571,mcq,1,6,6,0.3,0.0,0.12103,0.84497,1.22749,2.60026,1,0
luke1:item36:mcq,uw-174340-mcq,omission,omission,,1.5b,0.6571,mcq,1,6,6,0.3,0.0,0.12103,0.84497,1.22749,2.60026,1,0
luke1:item38:mcq,uw-174341-mcq,omission,omission,,1.5b,0.6571,mcq,1,6,6,0.3,0.0,0.12103,0.84497,1.22749,2.60026,1,0
luke1:item40:mcq,uw-174342-mcq,omission,omission,,1.5b,0.6571,mcq,1,6,6,0.3,0.0,0.12103,0.84497,1.22749,2.60026,1,0
luke1:item42:mcq,uw-174343-mcq,omission,omission,,1.5b,0.6571,mcq,1,6,6,0.3,0.0,0.12103,0.84497,1.22749,2.60026,1,0
luke1:item44:mcq,uw-174344-mcq,omission,omission,,1.5b,0.6571,mcq,1,6,6,0.3,0.0,0.12103,0.84497,1.22749,2.60026,1,0
luke1:item4:mcq,uw-174317-mcq,omission,omission,,1.5b,0.6571,mcq,1,6,6,0.3,0.0,0.12103,0.84497,1.22749,2.60026,1,0
luke1:item5:open,uw-174318-open,omission,omission,,1.5b,0.6571,open,1,6,6,0.3,0.0,0.12103,0.84497,1.22749,2.60026,1,0
luke1:item6:mcq,uw-174318-mcq,omission,omission,,1.5b,0.6571,mcq,1,6,6,0.3,0.0,0.12103,0.84497,1.22749,2.60026,1,0
luke1:item8:mcq,uw-174322-mcq,omission,omission,,1.5b,0.6571,mcq,1,6,6,0.3,0.0,0.12103,0.84497,1.22749,2.60026,1,0
luke2:item10:mcq,uw-174351-mcq,omission,omission,,1.5b,0.6571,mcq,2,6,6,0.3,0.0,0.12103,0.84497,1.22749,2.60026,1,0
luke2:item14:mcq,uw-174354-mcq,omission,omission,,1.5b,0.6571,mcq,2,6,6,0.3,0.0,0.12103,0.84497,1.22749,2.60026,1,0
luke2:item16:mcq,uw-174355-mcq,omission,omission,,1.5b,0.6571,mcq,2,6,6,0.3,0.0,0.12103,0.84497,1.22749,2.60026,1,0
luke2:item18:mcq,uw-174357-mcq,omission,omission,,1.5b,0.6571,mcq,2,6,6,0.3,0.0,0.12103,0.84497,1.22749,2.60026,1,0
luke2:item20:mcq,uw-174359-mcq,omission,omission,,1.5b,0.6571,mcq,2,6,6,0.3,0.0,0.12103,0.84497,1.22749,2.60026,1,0
luke2:item24:mcq,uw-174362-mcq,omission,omission,,1.5b,0.6571,mcq,2,6,6,0.3,0.0,0.12103,0.84497,1.22749,2.60026,1,0
luke2:item2:mcq,uw-174346-mcq,omission,omission,,1.5b,0.6571,mcq,2,6,6,0.3,0.0,0.12103,0.84497,1.22749,2.60026,1,0
luke2:item4:mcq,uw-174347-mcq,omission,omission,,1.5b,0.6571,mcq,2,6,6,0.3,0.0,0.12103,0.84497,1.22749,2.60026,1,0
luke2:item5:open,uw-174349-open,omission,omission,,1.5b,0.6571,open,2,6,6,0.3,0.0,0.12103,0.84497,1.22749,2.60026,1,0
luke2:item8:mcq,uw-174350-mcq,omission,omission,,1.5b,0.6571,mcq,2,6,6,0.3,0.0,0.12103,0.84497,1.22749,2.60026,1,0
luke3:item10:mcq,uw-174370-mcq,omission,omission,,1.5b,0.6571,mcq,3,6,6,0.3,0.0,0.12103,0.84497,1.22749,2.60026,1,0
luke3:item12:mcq,uw-174374-mcq,omission,omission,,1.5b,0.6571,mcq,3,6,6,0.3,0.0,0.12103,0.84497,1.22749,2.60026,1,0
luke3:item13:open,uw-174375-open,omission,omission,,1.5b,0.6571,open,3,6,6,0.3,0.0,0.12103,0.84497,1.22749,2.60026,1,0
luke3:item14:mcq,uw-174375-mcq,omission,omission,,1.5b,0.6571,mcq,3,6,6,0.3,0.0,0.12103,0.84497,1.22749,2.60026,1,0
luke3:item1:open,uw-174365-open,omission,omission,,1.5b,0.6571,open,3,6,6,0.3,0.0,0.12103,0.84497,1.22749,2.60026,1,0
luke3:item2:mcq,uw-174365-mcq,omission,omission,,1.5b,0.6571,mcq,3,6,6,0.3,0.0,0.12103,0.84497,1.22749,2.60026,1,0
luke3:item4:mcq,uw-174366-mcq,omission,omission,,1.5b,0.6571,mcq,3,6,6,0.3,0.0,0.12103,0.84497,1.22749,2.60026,1,0
luke3:item6:mcq,uw-174367-mcq,omission,omission,,1.5b,0.6571,mcq,3,6,6,0.3,0.0,0.12103,0.84497,1.22749,2.60026,1,0
luke3:item7:open,uw-174368-open,omission,omission,,1.5b,0.6571,open,3,6,6,0.3,0.0,0.12103,0.84497,1.22749,2.60026,1,0
luke3:item8:mcq,uw-174368-mcq,omission,omission,,1.5b,0.6571,mcq,3,6,6,0.3,0.0,0.12103,0.84497,1.22749,2.60026,1,0
luke3:item9:open,uw-174370-open,omission,omission,,1.5b,0.6571,open,3,6,6,0.3,0.0,0.12103,0.84497,1.22749,2.60026,1,0
luke4:item11:open,uw-174382-open,omission,omission,,1.5b,0.6571,open,4,6,6,0.3,0.0,0.12103,0.84497,1.22749,2.60026,1,0
luke4:item12:mcq,uw-174382-mcq,omission,omission,,1.5b,0.6571,mcq,4,6,6,0.3,0.0,0.12103,0.84497,1.22749,2.60026,1,0
luke4:item14:mcq,uw-174384-mcq,omission,omission,,1.5b,0.6571,mcq,4,6,6,0.3,0.0,0.12103,0.84497,1.22749,2.60026,1,0
luke4:item16:mcq,uw-174387-mcq,omission,omission,,1.5b,0.6571,mcq,4,6,6,0.3,0.0,0.12103,0.84497,1.22749,2.60026,1,0
luke4:item22:mcq,uw-174392-mcq,omission,omission,,1.5b,0.6571,mcq,4,6,6,0.3,0.0,0.12103,0.84497,1.22749,2.60026,1,0
luke4:item26:mcq,uw-174394-mcq,omission,omission,,1.5b,0.6571,mcq,4,6,6,0.3,0.0,0.12103,0.84497,1.22749,2.60026,1,0
luke4:item33:open,uw-174397-open,omission,omission,,1.5b,0.6571,open,4,6,6,0.3,0.0,0.12103,0.84497,1.22749,2.60026,1,0
luke4:item34:mcq,uw-174397-mcq,omission,omission,,1.5b,0.6571,mcq,4,6,6,0.3,0.0,0.12103,0.84497,1.22749,2.60026,1,0
luke4:item3:open,uw-174378-open,omission,omission,,1.5b,0.6571,open,4,6,6,0.3,0.0,0.12103,0.84497,1.22749,2.60026,1,0
luke4:item40:mcq,uw-174399-mcq,omission,omission,,1.5b,0.6571,mcq,4,6,6,0.3,0.0,0.12103,0.84497,1.22749,2.60026,1,0
luke4:item41:open,uw-174396-open,omission,omission,,1.5b,0.6571,open,4,6,6,0.3,0.0,0.12103,0.84497,1.22749,2.60026,1,0
luke4:item42:mcq,uw-174396-mcq,omission,omission,,1.5b,0.6571,mcq,4,6,6,0.3,0.0,0.12103,0.84497,1.22749,2.60026,1,0
luke4:item44:mcq,uw-174398-mcq,omission,omission,,1.5b,0.6571,mcq,4,6,6,0.3,0.0,0.12103,0.84497,1.22749,2.60026,1,0
luke4:item4:mcq,uw-174378-mcq,omission,omission,,1.5b,0.6571,mcq,4,6,6,0.3,0.0,0.12103,0.84497,1.22749,2.60026,1,0
luke4:item8:mcq,uw-174380-mcq,omission,omission,,1.5b,0.6571,mcq,4,6,6,0.3,0.0,0.12103,0.84497,1.22749,2.60026,1,0
luke5:item11:open,uw-174404-open,omission,omission,,1.5b,0.6571,open,5,6,6,0.3,0.0,0.12103,0.84497,1.22749,2.60026,1,0
luke5:item16:mcq,uw-174407-mcq,omission,omission,,1.5b,0.6571,mcq,5,6,6,0.3,0.0,0.12103,0.84497,1.22749,2.60026,1,0
luke5:item17:open,uw-174408-open,omission,omission,,1.5b,0.6571,open,5,6,6,0.3,0.0,0.12103,0.84497,1.22749,2.60026,1,0
luke5:item18:mcq,uw-174408-mcq,omission,omission,,1.5b,0.6571,mcq,5,6,6,0.3,0.0,0.12103,0.84497,1.22749,2.60026,1,0
luke5:item19:open,uw-174409-open,omission,omission,,1.5b,0.6571,open,5,6,6,0.3,0.0,0.12103,0.84497,1.22749,2.60026,1,0
luke5:item20:mcq,uw-174409-mcq,omission,omission,,1.5b,0.6571,mcq,5,6,6,0.3,0.0,0.12103,0.84497,1.22749,2.60026,1,0
luke5:item23:open,uw-174412-open,omission,omission,,1.5b,0.6571,open,5,6,6,0.3,0.0,0.12103,0.84497,1.22749,2.60026,1,0
luke5:item24:mcq,uw-174412-mcq,omission,omission,,1.5b,0.6571,mcq,5,6,6,0.3,0.0,0.12103,0.84497,1.22749,2.60026,1,0
luke5:item26:mcq,uw-174403-mcq,omission,omission,,1.5b,0.6571,mcq,5,6,6,0.3,0.0,0.12103,0.84497,1.22749,2.60026,1,0
luke5:item2:mcq,uw-174400-mcq,omission,omission,,1.5b,0.6571,mcq,5,6,6,0.3,0.0,0.12103,0.84497,1.22749,2.60026,1,0
luke5:item4:mcq,uw-174401-mcq,omission,omission,,1.5b,0.6571,mcq,5,6,6,0.3,0.0,0.12103,0.84497,1.22749,2.60026,1,0
luke6:item10:mcq,uw-174423-mcq,omission,omission,,1.5b,0.6571,mcq,6,6,6,0.3,0.0,0.12103,0.84497,1.22749,2.60026,1,0
luke6:item11:open,uw-174424-open,omission,omission,,1.5b,0.6571,open,6,6,6,0.3,0.0,0.12103,0.84497,1.22749,2.60026,1,0
luke6:item14:mcq,uw-174427-mcq,omission,omission,,1.5b,0.6571,mcq,6,6,6,0.3,0.0,0.12103,0.84497,1.22749,2.60026,1,0
luke6:item16:mcq,uw-174428-mcq,omission,omission,,1.5b,0.6571,mcq,6,6,6,0.3,0.0,0.12103,0.84497,1.22749,2.60026,1,0
luke6:item2:mcq,uw-174414-mcq,omission,omission,,1.5b,0.6571,mcq,6,6,6,0.3,0.0,0.12103,0.84497,1.22749,2.60026,1,0
luke6:item6:mcq,uw-174421-mcq,omission,omission,,1.5b,0.6571,mcq,6,6,6,0.3,0.0,0.12103,0.84497,1.22749,2.60026,1,0
luke6:item8:mcq,uw-174422-mcq,omission,omission,,1.5b,0.6571,mcq,6,6,6,0.3,0.0,0.12103,0.84497,1.22749,2.60026,1,0
luke7:item16:mcq,uw-174441-mcq,omission,omission,,1.5b,0.6571,mcq,7,6,6,0.3,0.0,0.12103,0.84497,1.22749,2.60026,1,0
luke7:item17:open,uw-174442-open,omission,omission,,1.5b,0.6571,open,7,6,6,0.3,0.0,0.12103,0.84497,1.22749,2.60026,1,0
luke7:item7:open,uw-174432-open,omission,omission,,1.5b,0.6571,open,7,6,6,0.3,0.0,0.12103,0.84497,1.22749,2.60026,1,0
luke8:item10:mcq,uw-174448-mcq,omission,omission,,1.5b,0.6571,mcq,8,6,6,0.3,0.0,0.12103,0.84497,1.22749,2.60026,1,0
luke8:item11:open,uw-174449-open,omission,omission,,1.5b,0.6571,open,8,6,6,0.3,0.0,0.12103,0.84497,1.22749,2.60026,1,0
luke8:item12:mcq,uw-174449-mcq,omission,omission,,1.5b,0.6571,mcq,8,6,6,0.3,0.0,0.12103,0.84497,1.22749,2.60026,1,0
luke8:item3:open,uw-174445-open,omission,omission,,1.5b,0.6571,open,8,6,6,0.3,0.0,0.12103,0.84497,1.22749,2.60026,1,0
luke1:item28:mcq,uw-174333-mcq,omission,omission,,1.5b,0.6571,mcq,1,6,6,0.3,0.0,0.10348,0.78542,1.04944,-1.98294,1,0
luke1:item43:open,uw-174344-open,omission,omission,,1.5b,0.6571,open,1,6,6,0.3,0.0,0.10348,0.78542,1.04944,-1.98294,1,0
luke2:item22:mcq,uw-174361-mcq,omission,omission,,1.5b,0.6571,mcq,2,6,6,0.3,0.0,0.10348,0.78542,1.04944,-1.98294,1,0
luke2:item6:mcq,uw-174349-mcq,omission,omission,,1.5b,0.6571,mcq,2,6,6,0.3,0.0,0.10348,0.78542,1.04944,-1.98294,1,0
luke4:item17:open,uw-174388-open,omission,omission,,1.5b,0.6571,open,4,6,6,0.3,0.0,0.10348,0.78542,1.04944,-1.98294,1,0
luke4:item20:mcq,uw-174389-mcq,omission,omission,,1.5b,0.6571,mcq,4,6,6,0.3,0.0,0.10348,0.78542,1.04944,-1.98294,1,0
luke4:item28:mcq,uw-174395-mcq,omission,omission,,1.5b,0.6571,mcq,4,6,6,0.3,0.0,0.10348,0.78542,1.04944,-1.98294,1,0
luke4:item5:open,uw-174379-open,omission,omission,,1.5b,0.6571,open,4,6,6,0.3,0.0,0.10348,0.78542,1.04944,-1.98294,1,0
luke5:item22:mcq,uw-174410-mcq,omission,omission,,1.5b,0.6571,mcq,5,6,6,0.3,0.0,0.10348,0.78542,1.04944,-1.98294,1,0
luke6:item9:open,uw-174423-open,omission,omission,,1.5b,0.6571,open,6,6,6,0.3,0.0,0.10348,0.78542,1.04944,-1.98294,1,0
luke7:item18:mcq,uw-174442-mcq,omission,omission,,1.5b,0.6571,mcq,7,6,6,0.3,0.0,0.10348,0.78542,1.04944,-1.98294,1,0
luke7:item6:mcq,uw-174431-mcq,omission,omission,,1.5b,0.6571,mcq,7,6,6,0.3,0.0,0.10348,0.78542,1.04944,-1.98294,1,0
luke8:item16:mcq,uw-174454-mcq,omission,omission,,1.5b,0.6571,mcq,8,6,6,0.3,0.0,0.10348,0.78542,1.04944,-1.98294,1,0
luke8:item4:mcq,uw-174445-mcq,omission,omission,,1.5b,0.6571,mcq,8,6,6,0.3,0.0,0.10348,0.78542,1.04944,-1.98294,1,0
luke1:item31:open,uw-174336-open,omission,omission,,1.5b,0.6571,open,1,6,6,0.3,0.0,0.06767,0.63345,0.6863,0.13336,1,0
luke2:item7:open,uw-174350-open,omission,omission,,1.5b,0.6571,open,2,6,6,0.3,0.0,0.06767,0.63345,0.6863,0.13336,1,0
luke6:item13:open,uw-174427-open,omission,omission,,1.5b,0.6571,open,6,6,6,0.3,0.0,0.06767,0.63345,0.6863,0.13336,1,0
luke4:item1:open,uw-174377-open,omission,omission,,1.5b,0.6571,open,4,6,6,0.3,0.05556,0.04381,0.72054,0.44427,1.45934,1,1
luke7:item9:open,uw-174434-open,omission,omission,,1.5b,0.6571,open,7,6,6,0.3,0.03472,-0.00012,0.63356,-0.00125,-0.1529,1,1
luke2:item9:open,uw-174351-open,omission,omission,,1.5b,0.6571,open,2,6,6,0.3,0.03472,-0.00018,0.77658,-0.00187,1.94194,1,1
luke6:item3:open,uw-174415-open,omission,omission,,1.5b,0.6571,open,6,6,6,0.3,0.03472,-0.00018,0.77658,-0.00187,1.94194,1,1
luke3:item3:open,uw-174366-open,omission,omission,,1.5b,0.6571,open,3,6,6,0.3,0.0625,-0.03967,0.6846,-0.40238,1.06873,1,1
luke5:item5:open,uw-174402-open,omission,omission,,1.5b,0.6571,open,5,6,6,0.3,0.0625,-0.03967,0.6846,-0.40238,1.06873,1,1
luke1:item11:open,uw-174324-open,omission,omission,,1.5b,0.6571,open,1,6,6,0.3,0.03472,-0.06969,0.64229,-0.70679,0.42458,1,1
luke4:item9:open,uw-174381-open,omission,omission,,1.5b,0.6571,open,4,6,6,0.3,0.05556,-0.08871,0.72575,-0.89968,1.46079,1,1
luke4:item25:open,uw-174394-open,omission,omission,,1.5b,0.6571,open,4,6,6,0.3,0.05556,-0.11012,0.66058,-1.11687,0.73279,1,1
luke7:item14:mcq,uw-174440-mcq,omission,omission,,1.5b,0.6571,mcq,7,6,6,0.3,0.25,-0.13609,0.63566,-1.38017,0.13383,1,1
luke4:item13:open,uw-174384-open,omission,omission,,1.5b,0.6571,open,4,6,6,0.3,0.05556,-0.17401,0.64217,-1.76478,-0.44721,1,1
luke1:item7:open,uw-174322-open,omission,omission,,1.5b,0.6571,open,1,6,6,0.3,0.05556,-0.22358,0.73327,-2.26747,1.47099,1,1
luke1:item18:mcq,uw-174328-mcq,omission,omission,,1.5b,0.6571,mcq,1,6,6,0.3,0.13889,-0.23699,0.6829,-2.40348,-1.10444,1,1
luke4:item2:mcq,uw-174377-mcq,omission,omission,,1.5b,0.6571,mcq,4,6,6,0.3,0.13889,-0.23699,0.6829,-2.40348,-1.10444,1,1
luke5:item3:open,uw-174401-open,omission,omission,,1.5b,0.6571,open,5,6,6,0.3,0.22222,-0.279,0.64518,-2.8296,-0.45124,1,1
luke8:item13:open,uw-174452-open,omission,omission,,1.5b,0.6571,open,8,6,6,0.3,0.13889,-0.279,0.64518,-2.8296,-0.45124,1,1
luke1:item19:open,uw-174329-open,omission,omission,,1.5b,0.6571,open,1,6,6,0.3,0.11806,-0.30763,0.6411,-3.11994,-0.15528,1,1
luke2:item21:open,uw-174361-open,omission,omission,,1.5b,0.6571,open,2,6,6,0.3,0.03472,-0.31175,0.79225,-3.16177,1.96765,1,1
luke2:item23:open,uw-174362-open,omission,omission,,1.5b,0.6571,open,2,6,6,0.3,0.03472,-0.31175,0.79225,-3.16177,1.96765,1,1
luke6:item15:open,uw-174428-open,omission,omission,,1.5b,0.6571,open,6,6,6,0.3,0.03472,-0.31175,0.79225,-3.16177,1.96765,1,1
luke2:item15:open,uw-174355-open,omission,omission,,1.5b,0.6571,open,2,6,6,0.3,0.08333,-0.34387,0.64591,-3.48744,0.1375,1,1
luke8:item17:open,uw-174455-open,omission,omission,,1.5b,0.6571,open,8,6,6,0.3,0.03472,-0.3522,0.72086,-3.57191,-1.51882,1,1
luke7:item10:mcq,uw-174434-mcq,omission,omission,,1.5b,0.6571,mcq,7,6,6,0.3,0.13889,-0.36164,0.74288,-3.66768,1.49025,1,1
luke8:item14:mcq,uw-174452-mcq,omission,omission,,1.5b,0.6571,mcq,8,6,6,0.3,0.13889,-0.36164,0.74288,-3.66768,1.49025,1,1
luke2:item13:open,uw-174354-open,omission,omission,,1.5b,0.6571,open,2,6,6,0.3,0.11806,-0.41285,0.64766,-4.1871,-0.15675,1,1
luke2:item3:open,uw-174347-open,omission,omission,,1.5b,0.6571,open,2,6,6,0.3,0.08333,-0.45094,0.6541,-4.57333,0.14097,1,1
luke4:item10:mcq,uw-174381-mcq,omission,omission,,1.5b,0.6571,mcq,4,6,6,0.3,0.13889,-0.65028,0.76681,-6.59501,1.55688,1,1
luke4:item18:mcq,uw-174388-mcq,omission,omission,,1.5b,0.6571,mcq,4,6,6,0.3,0.13889,-0.65028,0.76681,-6.59501,1.55688,1,1
luke6:item12:mcq,uw-174424-mcq,omission,omission,,1.5b,0.6571,mcq,6,6,6,0.3,0.13889,-0.65028,0.76681,-6.59501,1.55688,1,1
luke7:item8:mcq,uw-174432-mcq,omission,omission,,1.5b,0.6571,mcq,7,6,6,0.3,0.13889,-0.65028,0.76681,-6.59501,1.55688,1,1
luke7:item4:mcq,uw-174430-mcq,omission,omission,,1.5b,0.6571,mcq,7,6,6,0.3,0.13889,-0.72132,0.70499,-7.31548,-1.19102,1,1
luke8:item18:mcq,uw-174455-mcq,omission,omission,,1.5b,0.6571,mcq,8,6,6,0.3,0.13889,-0.72132,0.70499,-7.31548,-1.19102,1,1
luke6:item5:open,uw-174421-open,omission,omission,,1.5b,0.6571,open,6,6,6,0.3,0.22222,-0.96215,0.70713,-9.758,-0.50675,1,1
luke7:item12:mcq,uw-174436-mcq,omission,omission,,1.5b,0.6571,mcq,7,6,6,0.3,0.22222,-0.96215,0.70713,-9.758,-0.50675,1,1
luke3:item5:open,uw-174367-open,omission,omission,,1.5b,0.6571,open,3,6,6,0.3,0.25,-1.04713,0.72468,-10.6198,0.1822,1,1
luke3:item11:open,uw-174374-open,omission,omission,,1.7b,1.1343,open,3,6,6,0.3,0.25,1.27346,0.75103,12.91523,0.2255,1,1
luke4:item27:open,uw-174395-open,omission,omission,,1.7b,1.1343,open,4,6,6,0.3,0.25,1.27346,0.75103,12.91523,0.2255,1,1
luke4:item28:mcq,uw-174395-mcq,omission,omission,,1.7b,1.1343,mcq,4,6,6,0.3,0.25,1.27346,0.75103,12.91523,0.2255,1,1
luke5:item13:open,uw-174406-open,omission,omission,,1.7b,1.1343,open,5,6,6,0.3,0.25,1.27346,0.75103,12.91523,0.2255,1,1
luke5:item21:open,uw-174410-open,omission,omission,,1.7b,1.1343,open,5,6,6,0.3,0.25,1.27346,0.75103,12.91523,0.2255,1,1
luke1:item31:open,uw-174336-open,omission,omission,,1.7b,1.1343,open,1,6,6,0.3,0.22222,1.25076,0.75051,12.68503,0.99988,1,1
luke2:item1:open,uw-174346-open,omission,omission,,1.7b,1.1343,open,2,6,6,0.3,0.22222,1.25076,0.75051,12.68503,0.99988,1,1
luke8:item16:mcq,uw-174454-mcq,omission,omission,,1.7b,1.1343,mcq,8,6,6,0.3,0.22222,1.25076,0.75051,12.68503,0.99988,1,1
luke8:item1:open,uw-174444-open,omission,omission,,1.7b,1.1343,open,8,6,6,0.3,0.22222,1.25076,0.75051,12.68503,0.99988,1,1
luke8:item2:mcq,uw-174444-mcq,omission,omission,,1.7b,1.1343,mcq,8,6,6,0.3,0.22222,1.25076,0.75051,12.68503,0.99988,1,1
luke8:item4:mcq,uw-174445-mcq,omission,omission,,1.7b,1.1343,mcq,8,6,6,0.3,0.22222,1.25076,0.75051,12.68503,0.99988,1,1
luke1:item34:mcq,uw-174339-mcq,omission,omission,,1.7b,1.1343,mcq,1,6,6,0.3,0.22222,1.13578,0.74492,11.51894,-0.48571,1,1
luke7:item11:open,uw-174436-open,omission,omission,,1.7b,1.1343,open,7,6,6,0.3,0.22222,1.13578,0.74492,11.51894,-0.48571,1,1
luke4:item19:open,uw-174389-open,omission,omission,,1.7b,1.1343,open,4,6,6,0.3,0.13889,1.06808,0.76187,10.83229,1.82585,1,1
luke4:item21:open,uw-174392-open,omission,omission,,1.7b,1.1343,open,4,6,6,0.3,0.13889,1.06808,0.76187,10.83229,1.82585,1,1
luke5:item22:mcq,uw-174410-mcq,omission,omission,,1.7b,1.1343,mcq,5,6,6,0.3,0.13889,1.06808,0.76187,10.83229,1.82585,1,1
luke5:item5:open,uw-174402-open,omission,omission,,1.7b,1.1343,open,5,6,6,0.3,0.13889,1.06808,0.76187,10.83229,1.82585,1,1
luke5:item9:open,uw-174403-open,omission,omission,,1.7b,1.1343,open,5,6,6,0.3,0.13889,1.06808,0.76187,10.83229,1.82585,1,1
luke7:item13:open,uw-174440-open,omission,omission,,1.7b,1.1343,open,7,6,6,0.3,0.13889,1.06808,0.76187,10.83229,1.82585,1,1
luke7:item17:open,uw-174442-open,omission,omission,,1.7b,1.1343,open,7,6,6,0.3,0.13889,1.06808,0.76187,10.83229,1.82585,1,1
luke8:item6:mcq,uw-174446-mcq,omission,omission,,1.7b,1.1343,mcq,8,6,6,0.3,0.13889,1.06808,0.76187,10.83229,1.82585,1,1
luke8:item7:open,uw-174447-open,omission,omission,,1.7b,1.1343,open,8,6,6,0.3,0.13889,1.06808,0.76187,10.83229,1.82585,1,1
luke1:item1:open,uw-174316-open,omission,omission,,1.7b,1.1343,open,1,6,6,0.3,0.25,1.00227,0.71237,10.16491,0.22116,1,1
luke4:item5:open,uw-174379-open,omission,omission,,1.7b,1.1343,open,4,6,6,0.3,0.25,1.00227,0.71237,10.16491,0.22116,1,1
luke6:item1:open,uw-174414-open,omission,omission,,1.7b,1.1343,open,6,6,6,0.3,0.22222,0.97825,0.71664,9.92126,0.93523,1,1
luke7:item7:open,uw-174432-open,omission,omission,,1.7b,1.1343,open,7,6,6,0.3,0.22222,0.97825,0.71664,9.92126,0.93523,1,1
luke4:item16:mcq,uw-174387-mcq,omission,omission,,1.7b,1.1343,mcq,4,6,6,0.3,0.22222,0.86786,0.70948,8.80169,-0.44022,1,1
luke7:item18:mcq,uw-174442-mcq,omission,omission,,1.7b,1.1343,mcq,7,6,6,0.3,0.22222,0.86786,0.70948,8.80169,-0.44022,1,1
luke1:item9:open,uw-174323-open,omission,omission,,1.7b,1.1343,open,1,6,6,0.3,0.13889,0.80621,0.74243,8.17645,-1.12786,1,1
luke4:item13:open,uw-174384-open,omission,omission,,1.7b,1.1343,open,4,6,6,0.3,0.13889,0.80621,0.74243,8.17645,-1.12786,1,1
luke4:item14:mcq,uw-174384-mcq,omission,omission,,1.7b,1.1343,mcq,4,6,6,0.3,0.22222,0.7278,0.69017,7.38119,0.88314,1,1
luke7:item6:mcq,uw-174431-mcq,omission,omission,,1.7b,1.1343,mcq,7,6,6,0.3,0.22222,0.7278,0.69017,7.38119,0.88314,1,1
luke8:item15:open,uw-174454-open,omission,omission,,1.7b,1.1343,open,8,6,6,0.3,0.22222,0.7278,0.69017,7.38119,0.88314,1,1
luke7:item15:open,uw-174441-open,omission,omission,,1.7b,1.1343,open,7,6,6,0.3,0.22222,0.62348,0.67999,6.32324,-0.40801,1,1
luke7:item5:open,uw-174431-open,omission,omission,,1.7b,1.1343,open,7,6,6,0.3,0.22222,0.62348,0.67999,6.32324,-0.40801,1,1
luke1:item17:open,uw-174328-open,omission,omission,,1.7b,1.1343,open,1,6,6,0.3,0.13889,0.53746,0.71434,5.45084,-1.06297,1,1
luke1:item37:open,uw-174341-open,omission,omission,,1.7b,1.1343,open,1,6,6,0.3,0.13889,0.53746,0.71434,5.45084,-1.06297,1,1
luke4:item6:mcq,uw-174379-mcq,omission,omission,,1.7b,1.1343,mcq,4,6,6,0.3,0.13889,0.50604,0.7314,5.13217,1.62721,1,1
luke5:item14:mcq,uw-174406-mcq,omission,omission,,1.7b,1.1343,mcq,5,6,6,0.3,0.13889,0.50604,0.7314,5.13217,1.62721,1,1
luke7:item2:mcq,uw-174429-mcq,omission,omission,,1.7b,1.1343,mcq,7,6,6,0.3,0.13889,0.50604,0.7314,5.13217,1.62721,1,1
luke1:item21:open,uw-174330-open,omission,omission,,1.7b,1.1343,open,1,6,6,0.3,0.22222,0.49306,0.67195,5.00051,0.84425,1,1
luke1:item3:open,uw-174317-open,omission,omission,,1.7b,1.1343,open,1,6,6,0.3,0.22222,0.49306,0.67195,5.00051,0.84425,1,1
luke1:item4:mcq,uw-174317-mcq,omission,omission,,1.7b,1.1343,mcq,1,6,6,0.3,0.22222,0.49306,0.67195,5.00051,0.84425,1,1
luke4:item7:open,uw-174380-open,omission,omission,,1.7b,1.1343,open,4,6,6,0.3,0.22222,0.49306,0.67195,5.00051,0.84425,1,1
luke5:item11:open,uw-174404-open,omission,omission,,1.7b,1.1343,open,5,6,6,0.3,0.22222,0.49306,0.67195,5.00051,0.84425,1,1
luke6:item9:open,uw-174423-open,omission,omission,,1.7b,1.1343,open,6,6,6,0.3,0.22222,0.49306,0.67195,5.00051,0.84425,1,1
luke8:item18:mcq,uw-174455-mcq,omission,omission,,1.7b,1.1343,mcq,8,6,6,0.3,0.22222,0.49306,0.67195,5.00051,0.84425,1,1
luke1:item15:open,uw-174326-open,omission,omission,,1.7b,1.1343,open,1,6,6,0.3,0.22222,0.39694,0.65807,4.02569,-0.38748,1,1
luke2:item19:open,uw-174359-open,omission,omission,,1.7b,1.1343,open,2,6,6,0.3,0.25,0.31672,0.64191,3.21217,0.20523,1,1
luke5:item3:open,uw-174401-open,omission,omission,,1.7b,1.1343,open,5,6,6,0.3,0.25,0.31672,0.64191,3.21217,0.20523,1,1
luke8:item13:open,uw-174452-open,omission,omission,,1.7b,1.1343,open,8,6,6,0.3,0.13889,0.28689,0.69278,2.9096,-1.02403,1,1
luke2:item22:mcq,uw-174361-mcq,omission,omission,,1.7b,1.1343,mcq,2,6,6,0.3,0.22222,0.26786,0.6623,2.71659,0.81905,1,1
luke4:item18:mcq,uw-174388-mcq,omission,omission,,1.7b,1.1343,mcq,4,6,6,0.3,0.22222,0.26786,0.6623,2.71659,0.81905,1,1
luke4:item44:mcq,uw-174398-mcq,omission,omission,,1.7b,1.1343,mcq,4,6,6,0.3,0.22222,0.26786,0.6623,2.71659,0.81905,1,1
luke1:item35:open,uw-174340-open,omission,omission,,1.7b,1.1343,open,1,6,6,0.3,0.13889,0.23652,0.72824,2.39877,1.5776,1,1
luke2:item2:mcq,uw-174346-mcq,omission,omission,,1.7b,1.1343,mcq,2,6,6,0.3,0.13889,0.23652,0.72824,2.39877,1.5776,1,1
luke4:item22:mcq,uw-174392-mcq,omission,omission,,1.7b,1.1343,mcq,4,6,6,0.3,0.13889,0.23652,0.72824,2.39877,1.5776,1,1
luke4:item25:open,uw-174394-open,omission,omission,,1.7b,1.1343,open,4,6,6,0.3,0.13889,0.23652,0.72824,2.39877,1.5776,1,1
luke4:item37:open,uw-174398-open,omission,omission,,1.7b,1.1343,open,4,6,6,0.3,0.13889,0.23652,0.72824,2.39877,1.5776,1,1
luke5:item16:mcq,uw-174407-mcq,omission,omission,,1.7b,1.1343,mcq,5,6,6,0.3,0.13889,0.23652,0.72824,2.39877,1.5776,1,1
luke1:item10:mcq,uw-174323-mcq,omission,omission,,1.7b,1.1343,mcq,1,6,6,0.3,0.0,0.20546,0.86184,2.0837,2.80358,1,0
luke1:item11:open,uw-174324-open,omission,omission,,1.7b,1.1343,open,1,6,6,0.3,0.0,0.20546,0.86184,2.0837,2.80358,1,0
luke1:item13:open,uw-174325-open,omission,omission,,1.7b,1.1343,open,1,6,6,0.3,0.0,0.20546,0.86184,2.0837,2.80358,1,0
luke1:item14:mcq,uw-174325-mcq,omission,omission,,1.7b,1.1343,mcq,1,6,6,0.3,0.0,0.20546,0.86184,2.0837,2.80358,1,0
luke1:item16:mcq,uw-174326-mcq,omission,omission,,1.7b,1.1343,mcq,1,6,6,0.3,0.0,0.20546,0.86184,2.0837,2.80358,1,0
luke1:item18:mcq,uw-174328-mcq,omission,omission,,1.7b,1.1343,mcq,1,6,6,0.3,0.0,0.20546,0.86184,2.0837,2.80358,1,0
luke1:item20:mcq,uw-174329-mcq,omission,omission,,1.7b,1.1343,mcq,1,6,6,0.3,0.0,0.20546,0.86184,2.0837,2.80358,1,0
luke1:item22:mcq,uw-174330-mcq,omission,omission,,1.7b,1.1343,mcq,1,6,6,0.3,0.0,0.20546,0.86184,2.0837,2.80358,1,0
luke1:item23:open,uw-174331-open,omission,omission,,1.7b,1.1343,open,1,6,6,0.3,0.0,0.20546,0.86184,2.0837,2.80358,1,0
luke1:item24:mcq,uw-174331-mcq,omission,omission,,1.7b,1.1343,mcq,1,6,6,0.3,0.0,0.20546,0.86184,2.0837,2.80358,1,0
luke1:item27:open,uw-174333-open,omission,omission,,1.7b,1.1343,open,1,6,6,0.3,0.0,0.20546,0.86184,2.0837,2.80358,1,0
luke1:item28:mcq,uw-174333-mcq,omission,omission,,1.7b,1.1343,mcq,1,6,6,0.3,0.0,0.20546,0.86184,2.0837,2.80358,1,0
luke1:item29:open,uw-174335-open,omission,omission,,1.7b,1.1343,open,1,6,6,0.3,0.0,0.20546,0.86184,2.0837,2.80358,1,0
luke1:item2:mcq,uw-174316-mcq,omission,omission,,1.7b,1.1343,mcq,1,6,6,0.3,0.0,0.20546,0.86184,2.0837,2.80358,1,0
luke1:item30:mcq,uw-174335-mcq,omission,omission,,1.7b,1.1343,mcq,1,6,6,0.3,0.0,0.20546,0.86184,2.0837,2.80358,1,0
luke1:item36:mcq,uw-174340-mcq,omission,omission,,1.7b,1.1343,mcq,1,6,6,0.3,0.0,0.20546,0.86184,2.0837,2.80358,1,0
luke1:item38:mcq,uw-174341-mcq,omission,omission,,1.7b,1.1343,mcq,1,6,6,0.3,0.0,0.20546,0.86184,2.0837,2.80358,1,0
luke1:item39:open,uw-174342-open,omission,omission,,1.7b,1.1343,open,1,6,6,0.3,0.0,0.20546,0.86184,2.0837,2.80358,1,0
luke1:item40:mcq,uw-174342-mcq,omission,omission,,1.7b,1.1343,mcq,1,6,6,0.3,0.0,0.20546,0.86184,2.0837,2.80358,1,0
luke1:item42:mcq,uw-174343-mcq,omission,omission,,1.7b,1.1343,mcq,1,6,6,0.3,0.0,0.20546,0.86184,2.0837,2.80358,1,0
luke1:item43:open,uw-174344-open,omission,omission,,1.7b,1.1343,open,1,6,6,0.3,0.0,0.20546,0.86184,2.0837,2.80358,1,0
luke1:item44:mcq,uw-174344-mcq,omission,omission,,1.7b,1.1343,mcq,1,6,6,0.3,0.0,0.20546,0.86184,2.0837,2.80358,1,0
luke1:item5:open,uw-174318-open,omission,omission,,1.7b,1.1343,open,1,6,6,0.3,0.0,0.20546,0.86184,2.0837,2.80358,1,0
luke1:item6:mcq,uw-174318-mcq,omission,omission,,1.7b,1.1343,mcq,1,6,6,0.3,0.0,0.20546,0.86184,2.0837,2.80358,1,0
luke1:item7:open,uw-174322-open,omission,omission,,1.7b,1.1343,open,1,6,6,0.3,0.0,0.20546,0.86184,2.0837,2.80358,1,0
luke1:item8:mcq,uw-174322-mcq,omission,omission,,1.7b,1.1343,mcq,1,6,6,0.3,0.0,0.20546,0.86184,2.0837,2.80358,1,0
luke2:item10:mcq,uw-174351-mcq,omission,omission,,1.7b,1.1343,mcq,2,6,6,0.3,0.0,0.20546,0.86184,2.0837,2.80358,1,0
luke2:item11:open,uw-174352-open,omission,omission,,1.7b,1.1343,open,2,6,6,0.3,0.0,0.20546,0.86184,2.0837,2.80358,1,0
luke2:item12:mcq,uw-174352-mcq,omission,omission,,1.7b,1.1343,mcq,2,6,6,0.3,0.0,0.20546,0.86184,2.0837,2.80358,1,0
luke2:item13:open,uw-174354-open,omission,omission,,1.7b,1.1343,open,2,6,6,0.3,0.0,0.20546,0.86184,2.0837,2.80358,1,0
luke2:item14:mcq,uw-174354-mcq,omission,omission,,1.7b,1.1343,mcq,2,6,6,0.3,0.0,0.20546,0.86184,2.0837,2.80358,1,0
luke2:item15:open,uw-174355-open,omission,omission,,1.7b,1.1343,open,2,6,6,0.3,0.0,0.20546,0.86184,2.0837,2.80358,1,0
luke2:item16:mcq,uw-174355-mcq,omission,omission,,1.7b,1.1343,mcq,2,6,6,0.3,0.0,0.20546,0.86184,2.0837,2.80358,1,0
luke2:item18:mcq,uw-174357-mcq,omission,omission,,1.7b,1.1343,mcq,2,6,6,0.3,0.0,0.20546,0.86184,2.0837,2.80358,1,0
luke2:item20:mcq,uw-174359-mcq,omission,omission,,1.7b,1.1343,mcq,2,6,6,0.3,0.0,0.20546,0.86184,2.0837,2.80358,1,0
luke2:item23:open,uw-174362-open,omission,omission,,1.7b,1.1343,open,2,6,6,0.3,0.0,0.20546,0.86184,2.0837,2.80358,1,0
luke2:item24:mcq,uw-174362-mcq,omission,omission,,1.7b,1.1343,mcq,2,6,6,0.3,0.0,0.20546,0.86184,2.0837,2.80358,1,0
luke2:item4:mcq,uw-174347-mcq,omission,omission,,1.7b,1.1343,mcq,2,6,6,0.3,0.0,0.20546,0.86184,2.0837,2.80358,1,0
luke2:item5:open,uw-174349-open,omission,omission,,1.7b,1.1343,open,2,6,6,0.3,0.0,0.20546,0.86184,2.0837,2.80358,1,0
luke2:item6:mcq,uw-174349-mcq,omission,omission,,1.7b,1.1343,mcq,2,6,6,0.3,0.0,0.20546,0.86184,2.0837,2.80358,1,0
luke2:item7:open,uw-174350-open,omission,omission,,1.7b,1.1343,open,2,6,6,0.3,0.0,0.20546,0.86184,2.0837,2.80358,1,0
luke2:item8:mcq,uw-174350-mcq,omission,omission,,1.7b,1.1343,mcq,2,6,6,0.3,0.0,0.20546,0.86184,2.0837,2.80358,1,0
luke2:item9:open,uw-174351-open,omission,omission,,1.7b,1.1343,open,2,6,6,0.3,0.0,0.20546,0.86184,2.0837,2.80358,1,0
luke3:item10:mcq,uw-174370-mcq,omission,omission,,1.7b,1.1343,mcq,3,6,6,0.3,0.0,0.20546,0.86184,2.0837,2.80358,1,0
luke3:item12:mcq,uw-174374-mcq,omission,omission,,1.7b,1.1343,mcq,3,6,6,0.3,0.0,0.20546,0.86184,2.0837,2.80358,1,0
luke3:item13:open,uw-174375-open,omission,omission,,1.7b,1.1343,open,3,6,6,0.3,0.0,0.20546,0.86184,2.0837,2.80358,1,0
luke3:item14:mcq,uw-174375-mcq,omission,omission,,1.7b,1.1343,mcq,3,6,6,0.3,0.0,0.20546,0.86184,2.0837,2.80358,1,0
luke3:item1:open,uw-174365-open,omission,omission,,1.7b,1.1343,open,3,6,6,0.3,0.0,0.20546,0.86184,2.0837,2.80358,1,0
luke3:item2:mcq,uw-174365-mcq,omission,omission,,1.7b,1.1343,mcq,3,6,6,0.3,0.0,0.20546,0.86184,2.0837,2.80358,1,0
luke3:item3:open,uw-174366-open,omission,omission,,1.7b,1.1343,open,3,6,6,0.3,0.0,0.20546,0.86184,2.0837,2.80358,1,0
luke3:item4:mcq,uw-174366-mcq,omission,omission,,1.7b,1.1343,mcq,3,6,6,0.3,0.0,0.20546,0.86184,2.0837,2.80358,1,0
luke3:item5:open,uw-174367-open,omission,omission,,1.7b,1.1343,open,3,6,6,0.3,0.0,0.20546,0.86184,2.0837,2.80358,1,0
luke3:item6:mcq,uw-174367-mcq,omission,omission,,1.7b,1.1343,mcq,3,6,6,0.3,0.0,0.20546,0.86184,2.0837,2.80358,1,0
luke3:item7:open,uw-174368-open,omission,omission,,1.7b,1.1343,open,3,6,6,0.3,0.0,0.20546,0.86184,2.0837,2.80358,1,0
luke3:item8:mcq,uw-174368-mcq,omission,omission,,1.7b,1.1343,mcq,3,6,6,0.3,0.0,0.20546,0.86184,2.0837,2.80358,1,0
luke3:item9:open,uw-174370-open,omission,omission,,1.7b,1.1343,open,3,6,6,0.3,0.0,0.20546,0.86184,2.0837,2.80358,1,0
luke4:item10:mcq,uw-174381-mcq,omission,omission,,1.7b,1.1343,mcq,4,6,6,0.3,0.0,0.20546,0.86184,2.0837,2.80358,1,0
luke4:item1:open,uw-174377-open,omission,omission,,1.7b,1.1343,open,4,6,6,0.3,0.0,0.20546,0.86184,2.0837,2.80358,1,0
luke4:item23:open,uw-174393-open,omission,omission,,1.7b,1.1343,open,4,6,6,0.3,0.0,0.20546,0.86184,2.0837,2.80358,1,0
luke4:item24:mcq,uw-174393-mcq,omission,omission,,1.7b,1.1343,mcq,4,6,6,0.3,0.0,0.20546,0.86184,2.0837,2.80358,1,0
luke4:item26:mcq,uw-174394-mcq,omission,omission,,1.7b,1.1343,mcq,4,6,6,0.3,0.0,0.20546,0.86184,2.0837,2.80358,1,0
luke4:item29:open,uw-174396-open,omission,omission,,1.7b,1.1343,open,4,6,6,0.3,0.0,0.20546,0.86184,2.0837,2.80358,1,0
luke4:item30:mcq,uw-174396-mcq,omission,omission,,1.7b,1.1343,mcq,4,6,6,0.3,0.0,0.20546,0.86184,2.0837,2.80358,1,0
luke4:item32:mcq,uw-174396-mcq,omission,omission,,1.7b,1.1343,mcq,4,6,6,0.3,0.0,0.20546,0.86184,2.0837,2.80358,1,0
luke4:item33:open,uw-174397-open,omission,omission,,1.7b,1.1343,open,4,6,6,0.3,0.0,0.20546,0.86184,2.0837,2.80358,1,0
luke4:item34:mcq,uw-174397-mcq,omission,omission,,1.7b,1.1343,mcq,4,6,6,0.3,0.0,0.20546,0.86184,2.0837,2.80358,1,0
luke4:item36:mcq,uw-174398-mcq,omission,omission,,1.7b,1.1343,mcq,4,6,6,0.3,0.0,0.20546,0.86184,2.0837,2.80358,1,0
luke4:item38:mcq,uw-174398-mcq,omission,omission,,1.7b,1.1343,mcq,4,6,6,0.3,0.0,0.20546,0.86184,2.0837,2.80358,1,0
luke4:item39:open,uw-174399-open,omission,omission,,1.7b,1.1343,open,4,6,6,0.3,0.0,0.20546,0.86184,2.0837,2.80358,1,0
luke4:item3:open,uw-174378-open,omission,omission,,1.7b,1.1343,open,4,6,6,0.3,0.0,0.20546,0.86184,2.0837,2.80358,1,0
luke4:item40:mcq,uw-174399-mcq,omission,omission,,1.7b,1.1343,mcq,4,6,6,0.3,0.0,0.20546,0.86184,2.0837,2.80358,1,0
luke4:item41:open,uw-174396-open,omission,omission,,1.7b,1.1343,open,4,6,6,0.3,0.0,0.20546,0.86184,2.0837,2.80358,1,0
luke4:item42:mcq,uw-174396-mcq,omission,omission,,1.7b,1.1343,mcq,4,6,6,0.3,0.0,0.20546,0.86184,2.0837,2.80358,1,0
luke4:item4:mcq,uw-174378-mcq,omission,omission,,1.7b,1.1343,mcq,4,6,6,0.3,0.0,0.20546,0.86184,2.0837,2.80358,1,0
luke4:item8:mcq,uw-174380-mcq,omission,omission,,1.7b,1.1343,mcq,4,6,6,0.3,0.0,0.20546,0.86184,2.0837,2.80358,1,0
luke4:item9:open,uw-174381-open,omission,omission,,1.7b,1.1343,open,4,6,6,0.3,0.0,0.20546,0.86184,2.0837,2.80358,1,0
luke5:item10:mcq,uw-174403-mcq,omission,omission,,1.7b,1.1343,mcq,5,6,6,0.3,0.0,0.20546,0.86184,2.0837,2.80358,1,0
luke5:item15:open,uw-174407-open,omission,omission,,1.7b,1.1343,open,5,6,6,0.3,0.0,0.20546,0.86184,2.0837,2.80358,1,0
luke5:item17:open,uw-174408-open,omission,omission,,1.7b,1.1343,open,5,6,6,0.3,0.0,0.20546,0.86184,2.0837,2.80358,1,0
luke5:item18:mcq,uw-174408-mcq,omission,omission,,1.7b,1.1343,mcq,5,6,6,0.3,0.0,0.20546,0.86184,2.0837,2.80358,1,0
luke5:item19:open,uw-174409-open,omission,omission,,1.7b,1.1343,open,5,6,6,0.3,0.0,0.20546,0.86184,2.0837,2.80358,1,0
luke5:item1:open,uw-174400-open,omission,omission,,1.7b,1.1343,open,5,6,6,0.3,0.0,0.20546,0.86184,2.0837,2.80358,1,0
luke5:item20:mcq,uw-174409-mcq,omission,omission,,1.7b,1.1343,mcq,5,6,6,0.3,0.0,0.20546,0.86184,2.0837,2.80358,1,0
luke5:item23:open,uw-174412-open,omission,omission,,1.7b,1.1343,open,5,6,6,0.3,0.0,0.20546,0.86184,2.0837,2.80358,1,0
luke5:item24:mcq,uw-174412-mcq,omission,omission,,1.7b,1.1343,mcq,5,6,6,0.3,0.0,0.20546,0.86184,2.0837,2.80358,1,0
luke5:item25:open,uw-174403-open,omission,omission,,1.7b,1.1343,open,5,6,6,0.3,0.0,0.20546,0.86184,2.0837,2.80358,1,0
luke5:item26:mcq,uw-174403-mcq,omission,omission,,1.7b,1.1343,mcq,5,6,6,0.3,0.0,0.20546,0.86184,2.0837,2.80358,1,0
luke5:item2:mcq,uw-174400-mcq,omission,omission,,1.7b,1.1343,mcq,5,6,6,0.3,0.0,0.20546,0.86184,2.0837,2.80358,1,0
luke5:item4:mcq,uw-174401-mcq,omission,omission,,1.7b,1.1343,mcq,5,6,6,0.3,0.0,0.20546,0.86184,2.0837,2.80358,1,0
luke5:item6:mcq,uw-174402-mcq,omission,omission,,1.7b,1.1343,mcq,5,6,6,0.3,0.0,0.20546,0.86184,2.0837,2.80358,1,0
luke5:item7:open,uw-174403-open,omission,omission,,1.7b,1.1343,open,5,6,6,0.3,0.0,0.20546,0.86184,2.0837,2.80358,1,0
luke5:item8:mcq,uw-174403-mcq,omission,omission,,1.7b,1.1343,mcq,5,6,6,0.3,0.0,0.20546,0.86184,2.0837,2.80358,1,0
luke6:item10:mcq,uw-174423-mcq,omission,omission,,1.7b,1.1343,mcq,6,6,6,0.3,0.0,0.20546,0.86184,2.0837,2.80358,1,0
luke6:item11:open,uw-174424-open,omission,omission,,1.7b,1.1343,open,6,6,6,0.3,0.0,0.20546,0.86184,2.0837,2.80358,1,0
luke6:item12:mcq,uw-174424-mcq,omission,omission,,1.7b,1.1343,mcq,6,6,6,0.3,0.0,0.20546,0.86184,2.0837,2.80358,1,0
luke6:item14:mcq,uw-174427-mcq,omission,omission,,1.7b,1.1343,mcq,6,6,6,0.3,0.0,0.20546,0.86184,2.0837,2.80358,1,0
luke6:item15:open,uw-174428-open,omission,omission,,1.7b,1.1343,open,6,6,6,0.3,0.0,0.20546,0.86184,2.0837,2.80358,1,0
luke6:item2:mcq,uw-174414-mcq,omission,omission,,1.7b,1.1343,mcq,6,6,6,0.3,0.0,0.20546,0.86184,2.0837,2.80358,1,0
luke6:item3:open,uw-174415-open,omission,omission,,1.7b,1.1343,open,6,6,6,0.3,0.0,0.20546,0.86184,2.0837,2.80358,1,0
luke6:item4:mcq,uw-174415-mcq,omission,omission,,1.7b,1.1343,mcq,6,6,6,0.3,0.0,0.20546,0.86184,2.0837,2.80358,1,0
luke6:item6:mcq,uw-174421-mcq,omission,omission,,1.7b,1.1343,mcq,6,6,6,0.3,0.0,0.20546,0.86184,2.0837,2.80358,1,0
luke6:item7:open,uw-174422-open,omission,omission,,1.7b,1.1343,open,6,6,6,0.3,0.0,0.20546,0.86184,2.0837,2.80358,1,0
luke6:item8:mcq,uw-174422-mcq,omission,omission,,1.7b,1.1343,mcq,6,6,6,0.3,0.0,0.20546,0.86184,2.0837,2.80358,1,0
luke7:item10:mcq,uw-174434-mcq,omission,omission,,1.7b,1.1343,mcq,7,6,6,0.3,0.0,0.20546,0.86184,2.0837,2.80358,1,0
luke7:item12:mcq,uw-174436-mcq,omission,omission,,1.7b,1.1343,mcq,7,6,6,0.3,0.0,0.20546,0.86184,2.0837,2.80358,1,0
luke7:item14:mcq,uw-174440-mcq,omission,omission,,1.7b,1.1343,mcq,7,6,6,0.3,0.0,0.20546,0.86184,2.0837,2.80358,1,0
luke7:item16:mcq,uw-174441-mcq,omission,omission,,1.7b,1.1343,mcq,7,6,6,0.3,0.0,0.20546,0.86184,2.0837,2.80358,1,0
luke7:item8:mcq,uw-174432-mcq,omission,omission,,1.7b,1.1343,mcq,7,6,6,0.3,0.0,0.20546,0.86184,2.0837,2.80358,1,0
luke8:item10:mcq,uw-174448-mcq,omission,omission,,1.7b,1.1343,mcq,8,6,6,0.3,0.0,0.20546,0.86184,2.0837,2.80358,1,0
luke8:item12:mcq,uw-174449-mcq,omission,omission,,1.7b,1.1343,mcq,8,6,6,0.3,0.0,0.20546,0.86184,2.0837,2.80358,1,0
luke8:item14:mcq,uw-174452-mcq,omission,omission,,1.7b,1.1343,mcq,8,6,6,0.3,0.0,0.20546,0.86184,2.0837,2.80358,1,0
luke8:item3:open,uw-174445-open,omission,omission,,1.7b,1.1343,open,8,6,6,0.3,0.0,0.20546,0.86184,2.0837,2.80358,1,0
luke7:item1:open,uw-174429-open,omission,omission,,1.7b,1.1343,open,7,6,6,0.3,0.22222,0.18235,0.64432,1.84938,-0.37674,1,1
luke7:item3:open,uw-174430-open,omission,omission,,1.7b,1.1343,open,7,6,6,0.3,0.22222,0.18235,0.64432,1.84938,-0.37674,1,1
luke1:item12:mcq,uw-174324-mcq,omission,omission,,1.7b,1.1343,mcq,1,6,6,0.3,0.0,0.16262,0.77357,1.64929,-1.85787,1,0
luke1:item25:open,uw-174332-open,omission,omission,,1.7b,1.1343,open,1,6,6,0.3,0.0,0.16262,0.77357,1.64929,-1.85787,1,0
luke1:item26:mcq,uw-174332-mcq,omission,omission,,1.7b,1.1343,mcq,1,6,6,0.3,0.0,0.16262,0.77357,1.64929,-1.85787,1,0
luke1:item33:open,uw-174339-open,omission,omission,,1.7b,1.1343,open,1,6,6,0.3,0.0,0.16262,0.77357,1.64929,-1.85787,1,0
luke2:item3:open,uw-174347-open,omission,omission,,1.7b,1.1343,open,2,6,6,0.3,0.0,0.16262,0.77357,1.64929,-1.85787,1,0
luke4:item17:open,uw-174388-open,omission,omission,,1.7b,1.1343,open,4,6,6,0.3,0.0,0.16262,0.77357,1.64929,-1.85787,1,0
luke7:item9:open,uw-174434-open,omission,omission,,1.7b,1.1343,open,7,6,6,0.3,0.0,0.16262,0.77357,1.64929,-1.85787,1,0
luke8:item17:open,uw-174455-open,omission,omission,,1.7b,1.1343,open,8,6,6,0.3,0.0,0.16262,0.77357,1.64929,-1.85787,1,0
luke8:item9:open,uw-174448-open,omission,omission,,1.7b,1.1343,open,8,6,6,0.3,0.22222,0.04622,0.6614,0.46878,0.80824,1,1
luke1:item19:open,uw-174329-open,omission,omission,,1.7b,1.1343,open,1,6,6,0.3,0.22222,-0.02592,0.6388,-0.26291,-0.37406,1,1
luke2:item17:open,uw-174357-open,omission,omission,,1.7b,1.1343,open,2,6,6,0.3,0.13889,-0.03422,0.73478,-0.34708,1.56374,1,1
luke4:item15:open,uw-174387-open,omission,omission,,1.7b,1.1343,open,4,6,6,0.3,0.13889,-0.03422,0.73478,-0.34708,1.56374,1,1
luke5:item12:mcq,uw-174404-mcq,omission,omission,,1.7b,1.1343,mcq,5,6,6,0.3,0.25,-0.09375,0.63583,-0.95084,0.20209,1,1
luke4:item43:open,uw-174398-open,omission,omission,,1.7b,1.1343,open,4,6,6,0.3,0.22222,-0.17778,0.66934,-1.80305,0.81302,1,1
luke4:item20:mcq,uw-174389-mcq,omission,omission,,1.7b,1.1343,mcq,4,6,6,0.3,0.22222,-0.23327,0.64146,-2.36579,-0.37799,1,1
luke4:item2:mcq,uw-174377-mcq,omission,omission,,1.7b,1.1343,mcq,4,6,6,0.3,0.13889,-0.31341,0.75061,-3.17858,1.58786,1,1
luke4:item35:open,uw-174398-open,omission,omission,,1.7b,1.1343,open,4,6,6,0.3,0.13889,-0.31341,0.75061,-3.17858,1.58786,1,1
luke7:item4:mcq,uw-174430-mcq,omission,omission,,1.7b,1.1343,mcq,7,6,6,0.3,0.13889,-0.31341,0.75061,-3.17858,1.58786,1,1
luke8:item5:open,uw-174446-open,omission,omission,,1.7b,1.1343,open,8,6,6,0.3,0.13889,-0.31341,0.75061,-3.17858,1.58786,1,1
luke4:item31:open,uw-174396-open,omission,omission,,1.7b,1.1343,open,4,6,6,0.3,0.22222,-0.41017,0.68597,-4.15992,0.83521,1,1
luke6:item16:mcq,uw-174428-mcq,omission,omission,,1.7b,1.1343,mcq,6,6,6,0.3,0.22222,-0.41017,0.68597,-4.15992,0.83521,1,1
luke1:item41:open,uw-174343-open,omission,omission,,1.7b,1.1343,open,1,6,6,0.3,0.13889,-0.60754,0.77336,-6.16155,1.65205,1,1
luke6:item13:open,uw-174427-open,omission,omission,,1.7b,1.1343,open,6,6,6,0.3,0.13889,-0.60754,0.77336,-6.16155,1.65205,1,1
luke8:item8:mcq,uw-174447-mcq,omission,omission,,1.7b,1.1343,mcq,8,6,6,0.3,0.13889,-0.60754,0.77336,-6.16155,1.65205,1,1
luke4:item12:mcq,uw-174382-mcq,omission,omission,,1.7b,1.1343,mcq,4,6,6,0.3,0.13889,-0.65574,0.69471,-6.65046,-1.08456,1,1
luke4:item11:open,uw-174382-open,omission,omission,,1.7b,1.1343,open,4,6,6,0.3,0.25,-0.7478,0.68739,-7.58411,0.23279,1,1
luke1:item32:mcq,uw-174336-mcq,omission,omission,,1.7b,1.1343,mcq,1,6,6,0.3,0.22222,-0.90451,0.69915,-9.17338,-0.41915,1,1
luke2:item21:open,uw-174361-open,omission,omission,,1.7b,1.1343,open,2,6,6,0.3,0.22222,-0.90451,0.69915,-9.17338,-0.41915,1,1
luke6:item5:open,uw-174421-open,omission,omission,,1.7b,1.1343,open,6,6,6,0.3,0.22222,-0.92391,0.74117,-9.3702,0.94086,1,1
luke8:item11:open,uw-174449-open,omission,omission,,1.7b,1.1343,open,8,6,6,0.3,0.25,-0.99859,0.72008,-10.12751,0.25852,1,1
luke1:item16:mcq,uw-174326-mcq,omission,omission,,llama 1b,-0.3442,mcq,1,6,6,0.3,0.25,1.16561,0.73819,11.82141,-0.02506,1,1
luke1:item32:mcq,uw-174336-mcq,omission,omission,,llama 1b,-0.3442,mcq,1,6,6,0.3,0.25,1.16561,0.73819,11.82141,-0.02506,1,1
luke1:item40:mcq,uw-174342-mcq,omission,omission,,llama 1b,-0.3442,mcq,1,6,6,0.3,0.25,1.16561,0.73819,11.82141,-0.02506,1,1
luke4:item28:mcq,uw-174395-mcq,omission,omission,,llama 1b,-0.3442,mcq,4,6,6,0.3,0.25,1.16561,0.73819,11.82141,-0.02506,1,1
luke5:item13:open,uw-174406-open,omission,omission,,llama 1b,-0.3442,open,5,6,6,0.3,0.25,1.16561,0.73819,11.82141,-0.02506,1,1
luke2:item1:open,uw-174346-open,omission,omission,,llama 1b,-0.3442,open,2,6,6,0.3,0.22222,1.10169,0.72727,11.17318,0.69725,1,1
luke4:item5:open,uw-174379-open,omission,omission,,llama 1b,-0.3442,open,4,6,6,0.3,0.22222,1.10169,0.72727,11.17318,0.69725,1,1
luke4:item6:mcq,uw-174379-mcq,omission,omission,,llama 1b,-0.3442,mcq,4,6,6,0.3,0.22222,1.10169,0.72727,11.17318,0.69725,1,1
luke4:item7:open,uw-174380-open,omission,omission,,llama 1b,-0.3442,open,4,6,6,0.3,0.22222,1.06442,0.74502,10.79516,-0.71897,1,1
luke3:item13:open,uw-174375-open,omission,omission,,llama 1b,-0.3442,open,3,6,6,0.3,0.25,0.90311,0.70165,9.15917,-0.01168,1,1
luke2:item2:mcq,uw-174346-mcq,omission,omission,,llama 1b,-0.3442,mcq,2,6,6,0.3,0.13889,0.88061,0.72911,8.93099,1.43233,1,1
luke3:item3:open,uw-174366-open,omission,omission,,llama 1b,-0.3442,open,3,6,6,0.3,0.13889,0.88061,0.72911,8.93099,1.43233,1,1
luke4:item17:open,uw-174388-open,omission,omission,,llama 1b,-0.3442,open,4,6,6,0.3,0.13889,0.88061,0.72911,8.93099,1.43233,1,1
luke5:item22:mcq,uw-174410-mcq,omission,omission,,llama 1b,-0.3442,mcq,5,6,6,0.3,0.13889,0.88061,0.72911,8.93099,1.43233,1,1
luke7:item2:mcq,uw-174429-mcq,omission,omission,,llama 1b,-0.3442,mcq,7,6,6,0.3,0.13889,0.88061,0.72911,8.93099,1.43233,1,1
luke8:item12:mcq,uw-174449-mcq,omission,omission,,llama 1b,-0.3442,mcq,8,6,6,0.3,0.13889,0.88061,0.72911,8.93099,1.43233,1,1
luke8:item16:mcq,uw-174454-mcq,omission,omission,,llama 1b,-0.3442,mcq,8,6,6,0.3,0.13889,0.88061,0.72911,8.93099,1.43233,1,1
luke4:item13:open,uw-174384-open,omission,omission,,llama 1b,-0.3442,open,4,6,6,0.3,0.22222,0.79573,0.71141,8.07018,-0.66072,1,1
luke1:item15:open,uw-174326-open,omission,omission,,llama 1b,-0.3442,open,1,6,6,0.3,0.13889,0.74914,0.75805,7.59765,-1.38415,1,1
luke1:item33:open,uw-174339-open,omission,omission,,llama 1b,-0.3442,open,1,6,6,0.3,0.13889,0.74914,0.75805,7.59765,-1.38415,1,1
luke1:item9:open,uw-174323-open,omission,omission,,llama 1b,-0.3442,open,1,6,6,0.3,0.13889,0.74914,0.75805,7.59765,-1.38415,1,1
luke2:item20:mcq,uw-174359-mcq,omission,omission,,llama 1b,-0.3442,mcq,2,6,6,0.3,0.13889,0.74914,0.75805,7.59765,-1.38415,1,1
luke2:item5:open,uw-174349-open,omission,omission,,llama 1b,-0.3442,open,2,6,6,0.3,0.13889,0.74914,0.75805,7.59765,-1.38415,1,1
luke4:item14:mcq,uw-174384-mcq,omission,omission,,llama 1b,-0.3442,mcq,4,6,6,0.3,0.13889,0.74914,0.75805,7.59765,-1.38415,1,1
luke4:item15:open,uw-174387-open,omission,omission,,llama 1b,-0.3442,open,4,6,6,0.3,0.13889,0.74914,0.75805,7.59765,-1.38415,1,1
luke7:item15:open,uw-174441-open,omission,omission,,llama 1b,-0.3442,open,7,6,6,0.3,0.13889,0.67011,0.69659,6.79618,-0.63829,1,1
luke8:item8:mcq,uw-174447-mcq,omission,omission,,llama 1b,-0.3442,mcq,8,6,6,0.3,0.25,0.66424,0.6722,6.73663,-0.00343,1,1
luke5:item3:open,uw-174401-open,omission,omission,,llama 1b,-0.3442,open,5,6,6,0.3,0.20139,0.60101,0.67363,6.09538,-0.31002,1,1
luke8:item3:open,uw-174445-open,omission,omission,,llama 1b,-0.3442,open,8,6,6,0.3,0.22222,0.54943,0.68349,5.57227,-0.62004,1,1
luke1:item35:open,uw-174340-open,omission,omission,,llama 1b,-0.3442,open,1,6,6,0.3,0.20139,0.51785,0.65664,5.25201,0.3032,1,1
luke6:item3:open,uw-174415-open,omission,omission,,llama 1b,-0.3442,open,6,6,6,0.3,0.03472,0.50864,0.74541,5.15855,1.77351,1,1
luke4:item23:open,uw-174393-open,omission,omission,,llama 1b,-0.3442,open,4,6,6,0.3,0.14583,0.50612,0.7024,5.133,-0.94809,1,1
luke4:item1:open,uw-174377-open,omission,omission,,llama 1b,-0.3442,open,4,6,6,0.3,0.13889,0.49693,0.66212,5.03975,0.61511,1,1
luke4:item39:open,uw-174399-open,omission,omission,,llama 1b,-0.3442,open,4,6,6,0.3,0.14583,0.48796,0.67758,4.94881,0.94927,1,1
luke7:item6:mcq,uw-174431-mcq,omission,omission,,llama 1b,-0.3442,mcq,7,6,6,0.3,0.13889,0.46805,0.73171,4.74686,-1.31299,1,1
luke8:item14:mcq,uw-174452-mcq,omission,omission,,llama 1b,-0.3442,mcq,8,6,6,0.3,0.13889,0.46805,0.73171,4.74686,-1.31299,1,1
luke1:item31:open,uw-174336-open,omission,omission,,llama 1b,-0.3442,open,1,6,6,0.3,0.03472,0.4315,0.77348,4.37623,-1.7442,1,1
luke5:item15:open,uw-174407-open,omission,omission,,llama 1b,-0.3442,open,5,6,6,0.3,0.03472,0.4315,0.77348,4.37623,-1.7442,1,1
luke6:item1:open,uw-174414-open,omission,omission,,llama 1b,-0.3442,open,6,6,6,0.3,0.03472,0.4315,0.77348,4.37623,-1.7442,1,1
luke1:item21:open,uw-174330-open,omission,omission,,llama 1b,-0.3442,open,1,6,6,0.3,0.22222,0.38696,0.65537,3.92448,0.60499,1,1
luke4:item27:open,uw-174395-open,omission,omission,,llama 1b,-0.3442,open,4,6,6,0.3,0.14583,0.38306,0.69126,3.88493,-0.929,1,1
luke1:item26:mcq,uw-174332-mcq,omission,omission,,llama 1b,-0.3442,mcq,1,6,6,0.3,0.13889,0.36625,0.70058,3.71446,1.302,1,1
luke1:item4:mcq,uw-174317-mcq,omission,omission,,llama 1b,-0.3442,mcq,1,6,6,0.3,0.13889,0.36625,0.70058,3.71446,1.302,1,1
luke7:item13:open,uw-174440-open,omission,omission,,llama 1b,-0.3442,open,7,6,6,0.3,0.16667,0.3367,0.6432,3.41476,0.0019,1,1
luke4:item10:mcq,uw-174381-mcq,omission,omission,,llama 1b,-0.3442,mcq,4,6,6,0.3,0.22222,0.31999,0.66311,3.24534,-0.59504,1,1
luke4:item26:mcq,uw-174394-mcq,omission,omission,,llama 1b,-0.3442,mcq,4,6,6,0.3,0.22222,0.31999,0.66311,3.24534,-0.59504,1,1
luke4:item25:open,uw-174394-open,omission,omission,,llama 1b,-0.3442,open,4,6,6,0.3,0.14583,0.26356,0.68213,2.67298,-0.91536,1,1
luke5:item19:open,uw-174409-open,omission,omission,,llama 1b,-0.3442,open,5,6,6,0.3,0.14583,0.25861,0.66892,2.62275,0.92106,1,1
luke1:item13:open,uw-174325-open,omission,omission,,llama 1b,-0.3442,open,1,6,6,0.3,0.25,0.23277,0.63763,2.36068,0.00246,1,1
luke4:item8:mcq,uw-174380-mcq,omission,omission,,llama 1b,-0.3442,mcq,4,6,6,0.3,0.25,0.23277,0.63763,2.36068,0.00246,1,1
luke1:item38:mcq,uw-174341-mcq,omission,omission,,llama 1b,-0.3442,mcq,1,6,6,0.3,0.13889,0.20438,0.71171,2.07279,-1.27411,1,1
luke2:item12:mcq,uw-174352-mcq,omission,omission,,llama 1b,-0.3442,mcq,2,6,6,0.3,0.22222,0.172,0.64819,1.74441,0.59169,1,1
luke3:item12:mcq,uw-174374-mcq,omission,omission,,llama 1b,-0.3442,mcq,3,6,6,0.3,0.22222,0.172,0.64819,1.74441,0.59169,1,1
luke3:item6:mcq,uw-174367-mcq,omission,omission,,llama 1b,-0.3442,mcq,3,6,6,0.3,0.22222,0.172,0.64819,1.74441,0.59169,1,1
luke4:item12:mcq,uw-174382-mcq,omission,omission,,llama 1b,-0.3442,mcq,4,6,6,0.3,0.22222,0.172,0.64819,1.74441,0.59169,1,1
luke5:item23:open,uw-174412-open,omission,omission,,llama 1b,-0.3442,open,5,6,6,0.3,0.03472,0.16673,0.64043,1.69097,-0.2864,1,1
luke2:item21:open,uw-174361-open,omission,omission,,llama 1b,-0.3442,open,2,6,6,0.3,0.0625,0.14685,0.67514,1.48935,-0.90687,1,1
luke8:item15:open,uw-174454-open,omission,omission,,llama 1b,-0.3442,open,8,6,6,0.3,0.0625,0.14685,0.67514,1.48935,-0.90687,1,1
luke4:item9:open,uw-174381-open,omission,omission,,llama 1b,-0.3442,open,4,6,6,0.3,0.0625,0.14539,0.66792,1.4745,0.91321,1,1
luke4:item19:open,uw-174389-open,omission,omission,,llama 1b,-0.3442,open,4,6,6,0.3,0.03472,0.13589,0.75464,1.37816,-1.70191,1,1
luke5:item5:open,uw-174402-open,omission,omission,,llama 1b,-0.3442,open,5,6,6,0.3,0.03472,0.13589,0.75464,1.37816,-1.70191,1,1
luke3:item7:open,uw-174368-open,omission,omission,,llama 1b,-0.3442,open,3,6,6,0.3,0.05556,0.11826,0.69965,1.19934,1.27536,1,1
luke5:item1:open,uw-174400-open,omission,omission,,llama 1b,-0.3442,open,5,6,6,0.3,0.05556,0.11826,0.69965,1.19934,1.27536,1,1
luke8:item13:open,uw-174452-open,omission,omission,,llama 1b,-0.3442,open,8,6,6,0.3,0.13889,0.11826,0.69965,1.19934,1.27536,1,1
luke7:item1:open,uw-174429-open,omission,omission,,llama 1b,-0.3442,open,7,6,6,0.3,0.05556,0.07725,0.70488,0.78344,-1.26608,1,1
luke5:item21:open,uw-174410-open,omission,omission,,llama 1b,-0.3442,open,5,6,6,0.3,0.05556,0.0656,0.64777,0.66531,0.58873,1,1
luke1:item37:open,uw-174341-open,omission,omission,,llama 1b,-0.3442,open,1,6,6,0.3,0.11806,0.06331,0.63724,0.6421,-0.28487,1,1
luke1:item18:mcq,uw-174328-mcq,omission,omission,,llama 1b,-0.3442,mcq,1,6,6,0.3,0.0,0.04741,0.81432,0.48085,-2.2569,1,0
luke1:item22:mcq,uw-174330-mcq,omission,omission,,llama 1b,-0.3442,mcq,1,6,6,0.3,0.0,0.04741,0.81432,0.48085,-2.2569,1,0
luke1:item27:open,uw-174333-open,omission,omission,,llama 1b,-0.3442,open,1,6,6,0.3,0.0,0.04741,0.81432,0.48085,-2.2569,1,0
luke1:item34:mcq,uw-174339-mcq,omission,omission,,llama 1b,-0.3442,mcq,1,6,6,0.3,0.0,0.04741,0.81432,0.48085,-2.2569,1,0
luke1:item41:open,uw-174343-open,omission,omission,,llama 1b,-0.3442,open,1,6,6,0.3,0.0,0.04741,0.81432,0.48085,-2.2569,1,0
luke2:item11:open,uw-174352-open,omission,omission,,llama 1b,-0.3442,open,2,6,6,0.3,0.0,0.04741,0.81432,0.48085,-2.2569,1,0
luke3:item11:open,uw-174374-open,omission,omission,,llama 1b,-0.3442,open,3,6,6,0.3,0.0,0.04741,0.81432,0.48085,-2.2569,1,0
luke3:item1:open,uw-174365-open,omission,omission,,llama 1b,-0.3442,open,3,6,6,0.3,0.0,0.04741,0.81432,0.48085,-2.2569,1,0
luke4:item11:open,uw-174382-open,omission,omission,,llama 1b,-0.3442,open,4,6,6,0.3,0.0,0.04741,0.81432,0.48085,-2.2569,1,0
luke4:item20:mcq,uw-174389-mcq,omission,omission,,llama 1b,-0.3442,mcq,4,6,6,0.3,0.0,0.04741,0.81432,0.48085,-2.2569,1,0
luke4:item2:mcq,uw-174377-mcq,omission,omission,,llama 1b,-0.3442,mcq,4,6,6,0.3,0.0,0.04741,0.81432,0.48085,-2.2569,1,0
luke4:item41:open,uw-174396-open,omission,omission,,llama 1b,-0.3442,open,4,6,6,0.3,0.0,0.04741,0.81432,0.48085,-2.2569,1,0
luke5:item14:mcq,uw-174406-mcq,omission,omission,,llama 1b,-0.3442,mcq,5,6,6,0.3,0.0,0.04741,0.81432,0.48085,-2.2569,1,0
luke5:item24:mcq,uw-174412-mcq,omission,omission,,llama 1b,-0.3442,mcq,5,6,6,0.3,0.0,0.04741,0.81432,0.48085,-2.2569,1,0
luke6:item11:open,uw-174424-open,omission,omission,,llama 1b,-0.3442,open,6,6,6,0.3,0.0,0.04741,0.81432,0.48085,-2.2569,1,0
luke6:item13:open,uw-174427-open,omission,omission,,llama 1b,-0.3442,open,6,6,6,0.3,0.0,0.04741,0.81432,0.48085,-2.2569,1,0
luke6:item15:open,uw-174428-open,omission,omission,,llama 1b,-0.3442,open,6,6,6,0.3,0.0,0.04741,0.81432,0.48085,-2.2569,1,0
luke6:item4:mcq,uw-174415-mcq,omission,omission,,llama 1b,-0.3442,mcq,6,6,6,0.3,0.0,0.04741,0.81432,0.48085,-2.2569,1,0
luke7:item10:mcq,uw-174434-mcq,omission,omission,,llama 1b,-0.3442,mcq,7,6,6,0.3,0.0,0.04741,0.81432,0.48085,-2.2569,1,0
luke7:item11:open,uw-174436-open,omission,omission,,llama 1b,-0.3442,open,7,6,6,0.3,0.0,0.04741,0.81432,0.48085,-2.2569,1,0
luke7:item17:open,uw-174442-open,omission,omission,,llama 1b,-0.3442,open,7,6,6,0.3,0.0,0.04741,0.81432,0.48085,-2.2569,1,0
luke7:item4:mcq,uw-174430-mcq,omission,omission,,llama 1b,-0.3442,mcq,7,6,6,0.3,0.0,0.04741,0.81432,0.48085,-2.2569,1,0
luke7:item7:open,uw-174432-open,omission,omission,,llama 1b,-0.3442,open,7,6,6,0.3,0.0,0.04741,0.81432,0.48085,-2.2569,1,0
luke8:item1:open,uw-174444-open,omission,omission,,llama 1b,-0.3442,open,8,6,6,0.3,0.0,0.04741,0.81432,0.48085,-2.2569,1,0
luke8:item4:mcq,uw-174445-mcq,omission,omission,,llama 1b,-0.3442,mcq,8,6,6,0.3,0.0,0.04741,0.81432,0.48085,-2.2569,1,0
luke8:item6:mcq,uw-174446-mcq,omission,omission,,llama 1b,-0.3442,mcq,8,6,6,0.3,0.0,0.04741,0.81432,0.48085,-2.2569,1,0
luke8:item9:open,uw-174448-open,omission,omission,,llama 1b,-0.3442,open,8,6,6,0.3,0.0,0.04741,0.81432,0.48085,-2.2569,1,0
luke1:item10:mcq,uw-174323-mcq,omission,omission,,llama 1b,-0.3442,mcq,1,6,6,0.3,0.0,0.04737,0.81214,0.48039,2.26944,1,0
luke1:item12:mcq,uw-174324-mcq,omission,omission,,llama 1b,-0.3442,mcq,1,6,6,0.3,0.0,0.04737,0.81214,0.48039,2.26944,1,0
luke1:item24:mcq,uw-174331-mcq,omission,omission,,llama 1b,-0.3442,mcq,1,6,6,0.3,0.0,0.04737,0.81214,0.48039,2.26944,1,0
luke1:item28:mcq,uw-174333-mcq,omission,omission,,llama 1b,-0.3442,mcq,1,6,6,0.3,0.0,0.04737,0.81214,0.48039,2.26944,1,0
luke1:item2:mcq,uw-174316-mcq,omission,omission,,llama 1b,-0.3442,mcq,1,6,6,0.3,0.0,0.04737,0.81214,0.48039,2.26944,1,0
luke1:item30:mcq,uw-174335-mcq,omission,omission,,llama 1b,-0.3442,mcq,1,6,6,0.3,0.0,0.04737,0.81214,0.48039,2.26944,1,0
luke1:item36:mcq,uw-174340-mcq,omission,omission,,llama 1b,-0.3442,mcq,1,6,6,0.3,0.0,0.04737,0.81214,0.48039,2.26944,1,0
luke1:item42:mcq,uw-174343-mcq,omission,omission,,llama 1b,-0.3442,mcq,1,6,6,0.3,0.0,0.04737,0.81214,0.48039,2.26944,1,0
luke1:item44:mcq,uw-174344-mcq,omission,omission,,llama 1b,-0.3442,mcq,1,6,6,0.3,0.0,0.04737,0.81214,0.48039,2.26944,1,0
luke1:item8:mcq,uw-174322-mcq,omission,omission,,llama 1b,-0.3442,mcq,1,6,6,0.3,0.0,0.04737,0.81214,0.48039,2.26944,1,0
luke2:item13:open,uw-174354-open,omission,omission,,llama 1b,-0.3442,open,2,6,6,0.3,0.0,0.04737,0.81214,0.48039,2.26944,1,0
luke2:item14:mcq,uw-174354-mcq,omission,omission,,llama 1b,-0.3442,mcq,2,6,6,0.3,0.0,0.04737,0.81214,0.48039,2.26944,1,0
luke2:item16:mcq,uw-174355-mcq,omission,omission,,llama 1b,-0.3442,mcq,2,6,6,0.3,0.0,0.04737,0.81214,0.48039,2.26944,1,0
luke2:item18:mcq,uw-174357-mcq,omission,omission,,llama 1b,-0.3442,mcq,2,6,6,0.3,0.0,0.04737,0.81214,0.48039,2.26944,1,0
luke2:item4:mcq,uw-174347-mcq,omission,omission,,llama 1b,-0.3442,mcq,2,6,6,0.3,0.0,0.04737,0.81214,0.48039,2.26944,1,0
luke2:item6:mcq,uw-174349-mcq,omission,omission,,llama 1b,-0.3442,mcq,2,6,6,0.3,0.0,0.04737,0.81214,0.48039,2.26944,1,0
luke2:item8:mcq,uw-174350-mcq,omission,omission,,llama 1b,-0.3442,mcq,2,6,6,0.3,0.0,0.04737,0.81214,0.48039,2.26944,1,0
luke3:item14:mcq,uw-174375-mcq,omission,omission,,llama 1b,-0.3442,mcq,3,6,6,0.3,0.0,0.04737,0.81214,0.48039,2.26944,1,0
luke3:item2:mcq,uw-174365-mcq,omission,omission,,llama 1b,-0.3442,mcq,3,6,6,0.3,0.0,0.04737,0.81214,0.48039,2.26944,1,0
luke3:item4:mcq,uw-174366-mcq,omission,omission,,llama 1b,-0.3442,mcq,3,6,6,0.3,0.0,0.04737,0.81214,0.48039,2.26944,1,0
luke3:item8:mcq,uw-174368-mcq,omission,omission,,llama 1b,-0.3442,mcq,3,6,6,0.3,0.0,0.04737,0.81214,0.48039,2.26944,1,0
luke4:item18:mcq,uw-174388-mcq,omission,omission,,llama 1b,-0.3442,mcq,4,6,6,0.3,0.0,0.04737,0.81214,0.48039,2.26944,1,0
luke4:item33:open,uw-174397-open,omission,omission,,llama 1b,-0.3442,open,4,6,6,0.3,0.0,0.04737,0.81214,0.48039,2.26944,1,0
luke4:item34:mcq,uw-174397-mcq,omission,omission,,llama 1b,-0.3442,mcq,4,6,6,0.3,0.0,0.04737,0.81214,0.48039,2.26944,1,0
luke4:item3:open,uw-174378-open,omission,omission,,llama 1b,-0.3442,open,4,6,6,0.3,0.0,0.04737,0.81214,0.48039,2.26944,1,0
luke4:item40:mcq,uw-174399-mcq,omission,omission,,llama 1b,-0.3442,mcq,4,6,6,0.3,0.0,0.04737,0.81214,0.48039,2.26944,1,0
luke4:item42:mcq,uw-174396-mcq,omission,omission,,llama 1b,-0.3442,mcq,4,6,6,0.3,0.0,0.04737,0.81214,0.48039,2.26944,1,0
luke4:item4:mcq,uw-174378-mcq,omission,omission,,llama 1b,-0.3442,mcq,4,6,6,0.3,0.0,0.04737,0.81214,0.48039,2.26944,1,0
luke5:item12:mcq,uw-174404-mcq,omission,omission,,llama 1b,-0.3442,mcq,5,6,6,0.3,0.0,0.04737,0.81214,0.48039,2.26944,1,0
luke5:item16:mcq,uw-174407-mcq,omission,omission,,llama 1b,-0.3442,mcq,5,6,6,0.3,0.0,0.04737,0.81214,0.48039,2.26944,1,0
luke5:item18:mcq,uw-174408-mcq,omission,omission,,llama 1b,-0.3442,mcq,5,6,6,0.3,0.0,0.04737,0.81214,0.48039,2.26944,1,0
luke5:item20:mcq,uw-174409-mcq,omission,omission,,llama 1b,-0.3442,mcq,5,6,6,0.3,0.0,0.04737,0.81214,0.48039,2.26944,1,0
luke5:item25:open,uw-174403-open,omission,omission,,llama 1b,-0.3442,open,5,6,6,0.3,0.0,0.04737,0.81214,0.48039,2.26944,1,0
luke5:item26:mcq,uw-174403-mcq,omission,omission,,llama 1b,-0.3442,mcq,5,6,6,0.3,0.0,0.04737,0.81214,0.48039,2.26944,1,0
luke5:item4:mcq,uw-174401-mcq,omission,omission,,llama 1b,-0.3442,mcq,5,6,6,0.3,0.0,0.04737,0.81214,0.48039,2.26944,1,0
luke6:item12:mcq,uw-174424-mcq,omission,omission,,llama 1b,-0.3442,mcq,6,6,6,0.3,0.0,0.04737,0.81214,0.48039,2.26944,1,0
luke6:item6:mcq,uw-174421-mcq,omission,omission,,llama 1b,-0.3442,mcq,6,6,6,0.3,0.0,0.04737,0.81214,0.48039,2.26944,1,0
luke6:item7:open,uw-174422-open,omission,omission,,llama 1b,-0.3442,open,6,6,6,0.3,0.0,0.04737,0.81214,0.48039,2.26944,1,0
luke6:item8:mcq,uw-174422-mcq,omission,omission,,llama 1b,-0.3442,mcq,6,6,6,0.3,0.0,0.04737,0.81214,0.48039,2.26944,1,0
luke7:item16:mcq,uw-174441-mcq,omission,omission,,llama 1b,-0.3442,mcq,7,6,6,0.3,0.0,0.04737,0.81214,0.48039,2.26944,1,0
luke7:item18:mcq,uw-174442-mcq,omission,omission,,llama 1b,-0.3442,mcq,7,6,6,0.3,0.0,0.04737,0.81214,0.48039,2.26944,1,0
luke8:item10:mcq,uw-174448-mcq,omission,omission,,llama 1b,-0.3442,mcq,8,6,6,0.3,0.0,0.04737,0.81214,0.48039,2.26944,1,0
luke8:item18:mcq,uw-174455-mcq,omission,omission,,llama 1b,-0.3442,mcq,8,6,6,0.3,0.0,0.04737,0.81214,0.48039,2.26944,1,0
luke1:item7:open,uw-174322-open,omission,omission,,llama 1b,-0.3442,open,1,6,6,0.3,0.11806,-0.00521,0.63648,-0.0528,0.29018,1,1
luke2:item15:open,uw-174355-open,omission,omission,,llama 1b,-0.3442,open,2,6,6,0.3,0.03472,-0.0072,0.74817,-0.07298,-1.69713,1,1
luke7:item12:mcq,uw-174436-mcq,omission,omission,,llama 1b,-0.3442,mcq,7,6,6,0.3,0.22222,-0.04101,0.64946,-0.41591,0.58841,1,1
luke7:item14:mcq,uw-174440-mcq,omission,omission,,llama 1b,-0.3442,mcq,7,6,6,0.3,0.22222,-0.04101,0.64946,-0.41591,0.58841,1,1
luke1:item23:open,uw-174331-open,omission,omission,,llama 1b,-0.3442,open,1,6,6,0.3,0.05556,-0.04786,0.7004,-0.48537,-1.26525,1,1
luke1:item6:mcq,uw-174318-mcq,omission,omission,,llama 1b,-0.3442,mcq,1,6,6,0.3,0.13889,-0.04786,0.7004,-0.48537,-1.26525,1,1
luke1:item3:open,uw-174317-open,omission,omission,,llama 1b,-0.3442,open,1,6,6,0.3,0.05556,-0.11173,0.6474,-1.13318,-0.58381,1,1
luke6:item2:mcq,uw-174414-mcq,omission,omission,,llama 1b,-0.3442,mcq,6,6,6,0.3,0.22222,-0.11173,0.6474,-1.13318,-0.58381,1,1
luke8:item5:open,uw-174446-open,omission,omission,,llama 1b,-0.3442,open,8,6,6,0.3,0.22222,-0.11173,0.6474,-1.13318,-0.58381,1,1
luke6:item10:mcq,uw-174423-mcq,omission,omission,,llama 1b,-0.3442,mcq,6,6,6,0.3,0.13889,-0.1325,0.70834,-1.34379,1.27617,1,1
luke1:item1:open,uw-174316-open,omission,omission,,llama 1b,-0.3442,open,1,6,6,0.3,0.03472,-0.14826,0.74403,-1.50363,-1.70288,1,1
luke7:item5:open,uw-174431-open,omission,omission,,llama 1b,-0.3442,open,7,6,6,0.3,0.05556,-0.1718,0.69832,-1.74236,-1.27135,1,1
luke1:item14:mcq,uw-174325-mcq,omission,omission,,llama 1b,-0.3442,mcq,1,6,6,0.3,0.25,-0.17472,0.63541,-1.77194,0.00288,1,1
luke1:item20:mcq,uw-174329-mcq,omission,omission,,llama 1b,-0.3442,mcq,1,6,6,0.3,0.25,-0.17472,0.63541,-1.77194,0.00288,1,1
luke1:item39:open,uw-174342-open,omission,omission,,llama 1b,-0.3442,open,1,6,6,0.3,0.08333,-0.17472,0.63541,-1.77194,0.00288,1,1
luke4:item16:mcq,uw-174387-mcq,omission,omission,,llama 1b,-0.3442,mcq,4,6,6,0.3,0.25,-0.17472,0.63541,-1.77194,0.00288,1,1
luke4:item22:mcq,uw-174392-mcq,omission,omission,,llama 1b,-0.3442,mcq,4,6,6,0.3,0.25,-0.17472,0.63541,-1.77194,0.00288,1,1
luke6:item14:mcq,uw-174427-mcq,omission,omission,,llama 1b,-0.3442,mcq,6,6,6,0.3,0.25,-0.17472,0.63541,-1.77194,0.00288,1,1
luke4:item21:open,uw-174392-open,omission,omission,,llama 1b,-0.3442,open,4,6,6,0.3,0.05556,-0.21817,0.64875,-2.21261,-0.58783,1,1
luke6:item5:open,uw-174421-open,omission,omission,,llama 1b,-0.3442,open,6,6,6,0.3,0.03472,-0.24534,0.63981,-2.4882,-0.2879,1,1
luke5:item6:mcq,uw-174402-mcq,omission,omission,,llama 1b,-0.3442,mcq,5,6,6,0.3,0.13889,-0.29543,0.69866,-2.99621,-1.28415,1,1
luke7:item8:mcq,uw-174432-mcq,omission,omission,,llama 1b,-0.3442,mcq,7,6,6,0.3,0.13889,-0.29543,0.69866,-2.99621,-1.28415,1,1
luke7:item3:open,uw-174430-open,omission,omission,,llama 1b,-0.3442,open,7,6,6,0.3,0.14583,-0.30756,0.6696,-3.11924,-0.91919,1,1
luke2:item24:mcq,uw-174362-mcq,omission,omission,,llama 1b,-0.3442,mcq,2,6,6,0.3,0.22222,-0.32539,0.65222,-3.30008,-0.59426,1,1
luke1:item11:open,uw-174324-open,omission,omission,,llama 1b,-0.3442,open,1,6,6,0.3,0.13889,-0.39285,0.7261,-3.98427,1.30655,1,1
luke1:item17:open,uw-174328-open,omission,omission,,llama 1b,-0.3442,open,1,6,6,0.3,0.13889,-0.39285,0.7261,-3.98427,1.30655,1,1
luke1:item25:open,uw-174332-open,omission,omission,,llama 1b,-0.3442,open,1,6,6,0.3,0.13889,-0.39285,0.7261,-3.98427,1.30655,1,1
luke2:item3:open,uw-174347-open,omission,omission,,llama 1b,-0.3442,open,2,6,6,0.3,0.14583,-0.42189,0.6738,-4.27878,-0.93291,1,1
luke1:item19:open,uw-174329-open,omission,omission,,llama 1b,-0.3442,open,1,6,6,0.3,0.03472,-0.428,0.74304,-4.3407,-1.74481,1,1
luke2:item19:open,uw-174359-open,omission,omission,,llama 1b,-0.3442,open,2,6,6,0.3,0.03472,-0.428,0.74304,-4.3407,-1.74481,1,1
luke2:item23:open,uw-174362-open,omission,omission,,llama 1b,-0.3442,open,2,6,6,0.3,0.03472,-0.428,0.74304,-4.3407,-1.74481,1,1
luke5:item17:open,uw-174408-open,omission,omission,,llama 1b,-0.3442,open,5,6,6,0.3,0.03472,-0.428,0.74304,-4.3407,-1.74481,1,1
luke7:item9:open,uw-174434-open,omission,omission,,llama 1b,-0.3442,open,7,6,6,0.3,0.03472,-0.428,0.74304,-4.3407,-1.74481,1,1
luke8:item17:open,uw-174455-open,omission,omission,,llama 1b,-0.3442,open,8,6,6,0.3,0.03472,-0.428,0.74304,-4.3407,-1.74481,1,1
luke4:item43:open,uw-174398-open,omission,omission,,llama 1b,-0.3442,open,4,6,6,0.3,0.20139,-0.45636,0.65171,-4.62833,-0.29483,1,1
luke4:item24:mcq,uw-174393-mcq,omission,omission,,llama 1b,-0.3442,mcq,4,6,6,0.3,0.22222,-0.48366,0.67733,-4.90522,0.61765,1,1
luke6:item16:mcq,uw-174428-mcq,omission,omission,,llama 1b,-0.3442,mcq,6,6,6,0.3,0.22222,-0.48366,0.67733,-4.90522,0.61765,1,1
luke2:item17:open,uw-174357-open,omission,omission,,llama 1b,-0.3442,open,2,6,6,0.3,0.05556,-0.52865,0.73783,-5.36149,1.33359,1,1
luke6:item9:open,uw-174423-open,omission,omission,,llama 1b,-0.3442,open,6,6,6,0.3,0.05556,-0.52865,0.73783,-5.36149,1.33359,1,1
luke8:item11:open,uw-174449-open,omission,omission,,llama 1b,-0.3442,open,8,6,6,0.3,0.14583,-0.53804,0.68019,-5.4567,-0.95065,1,1
luke2:item7:open,uw-174350-open,omission,omission,,llama 1b,-0.3442,open,2,6,6,0.3,0.13889,-0.54505,0.66548,-5.5278,-0.61395,1,1
luke5:item11:open,uw-174404-open,omission,omission,,llama 1b,-0.3442,open,5,6,6,0.3,0.25,-0.60025,0.66542,-6.0876,0.00775,1,1
luke8:item7:open,uw-174447-open,omission,omission,,llama 1b,-0.3442,open,8,6,6,0.3,0.25,-0.60025,0.66542,-6.0876,0.00775,1,1
luke2:item9:open,uw-174351-open,omission,omission,,llama 1b,-0.3442,open,2,6,6,0.3,0.14583,-0.65676,0.68872,-6.66075,-0.97235,1,1
luke1:item43:open,uw-174344-open,omission,omission,,llama 1b,-0.3442,open,1,6,6,0.3,0.13889,-0.66912,0.75099,-6.7861,1.36887,1,1
luke8:item2:mcq,uw-174444-mcq,omission,omission,,llama 1b,-0.3442,mcq,8,6,6,0.3,0.13889,-0.66912,0.75099,-6.7861,1.36887,1,1
luke1:item29:open,uw-174335-open,omission,omission,,llama 1b,-0.3442,open,1,6,6,0.3,0.20139,-0.67801,0.67192,-6.87632,-0.3045,1,1
luke2:item10:mcq,uw-174351-mcq,omission,omission,,llama 1b,-0.3442,mcq,2,6,6,0.3,0.13889,-0.80349,0.72254,-8.14883,-1.39932,1,1
luke2:item22:mcq,uw-174361-mcq,omission,omission,,llama 1b,-0.3442,mcq,2,6,6,0.3,0.13889,-0.80349,0.72254,-8.14883,-1.39932,1,1
luke3:item10:mcq,uw-174370-mcq,omission,omission,,llama 1b,-0.3442,mcq,3,6,6,0.3,0.13889,-0.80349,0.72254,-8.14883,-1.39932,1,1
luke3:item9:open,uw-174370-open,omission,omission,,llama 1b,-0.3442,open,3,6,6,0.3,0.13889,-0.80349,0.72254,-8.14883,-1.39932,1,1
luke5:item2:mcq,uw-174400-mcq,omission,omission,,llama 1b,-0.3442,mcq,5,6,6,0.3,0.13889,-0.80349,0.72254,-8.14883,-1.39932,1,1
luke1:item5:open,uw-174318-open,omission,omission,,llama 1b,-0.3442,open,1,6,6,0.3,0.14583,-0.90503,0.71197,-9.17865,-1.02737,1,1
luke3:item5:open,uw-174367-open,omission,omission,,llama 1b,-0.3442,open,3,6,6,0.3,0.25,-1.08894,0.7274,-11.04389,0.02739,1,1
luke4:item44:mcq,uw-174398-mcq,omission,omission,,llama 1b,-0.3442,mcq,4,6,6,0.3,0.25,-1.08894,0.7274,-11.04389,0.02739,1,1
